
 /----------------------------------------------------------------------------\
 |  yosys -- Yosys Open SYnthesis Suite                                       |
 |  Copyright (C) 2012 - 2026  Claire Xenia Wolf <claire@yosyshq.com>         |
 |  Distributed under an ISC-like license, type "license" to see terms        |
 \----------------------------------------------------------------------------/
 Yosys 0.66 (git sha1 86f2ddebce7e98ce7cacc27e8a5c14cb53b51b51)

-- Executing script file `results/synthesis/rv128i_anoc_soc.ys' --

1. Executing Verilog-2005 frontend: rtl/include/anoc_rv_pkg.sv
Parsing SystemVerilog input from `rtl/include/anoc_rv_pkg.sv' to AST representation.
Successfully finished Verilog frontend.

2. Executing Verilog-2005 frontend: rtl/fifo/anoc_rv_fifo.sv
Parsing SystemVerilog input from `rtl/fifo/anoc_rv_fifo.sv' to AST representation.
Generating RTLIL representation for module `\anoc_rv_fifo'.
Warning: Replacing memory \mem with list of registers. See rtl/fifo/anoc_rv_fifo.sv:89
Successfully finished Verilog frontend.

3. Executing Verilog-2005 frontend: rtl/fifo/anoc_rv_priority_fifo.sv
Parsing SystemVerilog input from `rtl/fifo/anoc_rv_priority_fifo.sv' to AST representation.
Generating RTLIL representation for module `\anoc_rv_priority_fifo'.
Warning: Replacing memory \data_mem with list of registers. See rtl/fifo/anoc_rv_priority_fifo.sv:157
Warning: Replacing memory \count with list of registers. See rtl/fifo/anoc_rv_priority_fifo.sv:144
Warning: Replacing memory \rd_ptr with list of registers. See rtl/fifo/anoc_rv_priority_fifo.sv:143
Warning: Replacing memory \wr_ptr with list of registers. See rtl/fifo/anoc_rv_priority_fifo.sv:157, rtl/fifo/anoc_rv_priority_fifo.sv:142
Successfully finished Verilog frontend.

4. Executing Verilog-2005 frontend: rtl/router/anoc_rv_arbiter.sv
Parsing SystemVerilog input from `rtl/router/anoc_rv_arbiter.sv' to AST representation.
Generating RTLIL representation for module `\anoc_rv_arbiter'.
Successfully finished Verilog frontend.

5. Executing Verilog-2005 frontend: rtl/router/anoc_rv_packet.sv
Parsing SystemVerilog input from `rtl/router/anoc_rv_packet.sv' to AST representation.
Generating RTLIL representation for module `\anoc_rv_packet'.
Successfully finished Verilog frontend.

6. Executing Verilog-2005 frontend: rtl/router/anoc_rv_packet_parser.sv
Parsing SystemVerilog input from `rtl/router/anoc_rv_packet_parser.sv' to AST representation.
Generating RTLIL representation for module `\anoc_rv_packet_parser'.
Successfully finished Verilog frontend.

7. Executing Verilog-2005 frontend: rtl/router/anoc_rv_routing_unit.sv
Parsing SystemVerilog input from `rtl/router/anoc_rv_routing_unit.sv' to AST representation.
Generating RTLIL representation for module `\anoc_rv_routing_unit'.
Successfully finished Verilog frontend.

8. Executing Verilog-2005 frontend: rtl/router/anoc_rv_router.sv
Parsing SystemVerilog input from `rtl/router/anoc_rv_router.sv' to AST representation.
Generating RTLIL representation for module `\anoc_rv_router'.
Warning: Replacing memory \data_out_vec with list of registers. See rtl/router/anoc_rv_router.sv:109
Warning: Replacing memory \select with list of registers. See rtl/router/anoc_rv_router.sv:108
Warning: Replacing memory \grants with list of registers. See rtl/router/anoc_rv_router.sv:97, rtl/router/anoc_rv_router.sv:93
Warning: Replacing memory \requests with list of registers. See rtl/router/anoc_rv_router.sv:79
Warning: Replacing memory \route with list of registers. See rtl/router/anoc_rv_router.sv:83, rtl/router/anoc_rv_router.sv:61
Warning: Replacing memory \dest_y_vec with list of registers. See rtl/router/anoc_rv_router.sv:45
Warning: Replacing memory \dest_x_vec with list of registers. See rtl/router/anoc_rv_router.sv:42
Warning: Replacing memory \data_in_vec with list of registers. See rtl/router/anoc_rv_router.sv:39
Successfully finished Verilog frontend.

9. Executing Verilog-2005 frontend: rtl/router/anoc_rv_router_buffered.sv
Parsing SystemVerilog input from `rtl/router/anoc_rv_router_buffered.sv' to AST representation.
Generating RTLIL representation for module `\anoc_rv_router_buffered'.
Warning: Replacing memory \dest_y_out_vec with list of registers. See rtl/router/anoc_rv_router_buffered.sv:151
Warning: Replacing memory \dest_x_out_vec with list of registers. See rtl/router/anoc_rv_router_buffered.sv:150
Warning: Replacing memory \data_out_vec with list of registers. See rtl/router/anoc_rv_router_buffered.sv:149
Warning: Replacing memory \grants with list of registers. See rtl/router/anoc_rv_router_buffered.sv:138, rtl/router/anoc_rv_router_buffered.sv:134
Warning: Replacing memory \requests with list of registers. See rtl/router/anoc_rv_router_buffered.sv:121
Warning: Replacing memory \route with list of registers. See rtl/router/anoc_rv_router_buffered.sv:125, rtl/router/anoc_rv_router_buffered.sv:104
Warning: Replacing memory \buf_dest_y with list of registers. See rtl/router/anoc_rv_router_buffered.sv:78
Warning: Replacing memory \buf_dest_x with list of registers. See rtl/router/anoc_rv_router_buffered.sv:77
Warning: Replacing memory \buf_data with list of registers. See rtl/router/anoc_rv_router_buffered.sv:76
Warning: Replacing memory \buf_valid with list of registers. See rtl/router/anoc_rv_router_buffered.sv:75
Warning: Replacing memory \dest_y_vec with list of registers. See rtl/router/anoc_rv_router_buffered.sv:56
Warning: Replacing memory \dest_x_vec with list of registers. See rtl/router/anoc_rv_router_buffered.sv:53
Warning: Replacing memory \data_in_vec with list of registers. See rtl/router/anoc_rv_router_buffered.sv:50
Successfully finished Verilog frontend.

10. Executing Verilog-2005 frontend: rtl/noc/anoc_rv_mesh.sv
Parsing SystemVerilog input from `rtl/noc/anoc_rv_mesh.sv' to AST representation.
Generating RTLIL representation for module `\anoc_rv_mesh'.
Successfully finished Verilog frontend.

11. Executing Verilog-2005 frontend: rtl/riscv/rv128i_alu.sv
Parsing SystemVerilog input from `rtl/riscv/rv128i_alu.sv' to AST representation.
Generating RTLIL representation for module `\rv128i_alu'.
Successfully finished Verilog frontend.

12. Executing Verilog-2005 frontend: rtl/riscv/rv128i_regfile.sv
Parsing SystemVerilog input from `rtl/riscv/rv128i_regfile.sv' to AST representation.
Generating RTLIL representation for module `\rv128i_regfile'.
Warning: Replacing memory \regs with list of registers. See rtl/riscv/rv128i_regfile.sv:27
Successfully finished Verilog frontend.

13. Executing Verilog-2005 frontend: rtl/riscv/rv128i_decoder.sv
Parsing SystemVerilog input from `rtl/riscv/rv128i_decoder.sv' to AST representation.
Generating RTLIL representation for module `\rv128i_decoder'.
Successfully finished Verilog frontend.

14. Executing Verilog-2005 frontend: rtl/riscv/rv128i_pc.sv
Parsing SystemVerilog input from `rtl/riscv/rv128i_pc.sv' to AST representation.
Generating RTLIL representation for module `\rv128i_pc'.
Successfully finished Verilog frontend.

15. Executing Verilog-2005 frontend: rtl/riscv/rv128i_fetch.sv
Parsing SystemVerilog input from `rtl/riscv/rv128i_fetch.sv' to AST representation.
Generating RTLIL representation for module `\rv128i_fetch'.
Successfully finished Verilog frontend.

16. Executing Verilog-2005 frontend: rtl/riscv/rv128i_cpu.sv
Parsing SystemVerilog input from `rtl/riscv/rv128i_cpu.sv' to AST representation.
Generating RTLIL representation for module `\rv128i_cpu'.
Successfully finished Verilog frontend.

17. Executing Verilog-2005 frontend: rtl/riscv/rv128i_noc_packetizer.sv
Parsing SystemVerilog input from `rtl/riscv/rv128i_noc_packetizer.sv' to AST representation.
Generating RTLIL representation for module `\rv128i_noc_packetizer'.
Successfully finished Verilog frontend.

18. Executing Verilog-2005 frontend: rtl/riscv/rv128i_anoc_node.sv
Parsing SystemVerilog input from `rtl/riscv/rv128i_anoc_node.sv' to AST representation.
Generating RTLIL representation for module `\rv128i_anoc_node'.
Successfully finished Verilog frontend.

19. Executing Verilog-2005 frontend: rtl/riscv/rv128i_anoc_memory.sv
Parsing SystemVerilog input from `rtl/riscv/rv128i_anoc_memory.sv' to AST representation.
Generating RTLIL representation for module `\rv128i_anoc_memory'.
Warning: Replacing memory \mem with list of registers. See rtl/riscv/rv128i_anoc_memory.sv:113
Successfully finished Verilog frontend.

20. Executing Verilog-2005 frontend: rtl/riscv/rv128i_anoc_mesh_top.sv
Parsing SystemVerilog input from `rtl/riscv/rv128i_anoc_mesh_top.sv' to AST representation.
Generating RTLIL representation for module `\rv128i_anoc_mesh_top'.
Successfully finished Verilog frontend.

21. Executing Verilog-2005 frontend: rtl/riscv/rv128i_anoc_soc_top.sv
Parsing SystemVerilog input from `rtl/riscv/rv128i_anoc_soc_top.sv' to AST representation.
Generating RTLIL representation for module `\rv128i_anoc_soc_top'.
Successfully finished Verilog frontend.

22. Executing HIERARCHY pass (managing design hierarchy).

22.1. Analyzing design hierarchy..
Top module:  \rv128i_anoc_soc_top
Used module:     \rv128i_anoc_mesh_top
Used module:         \rv128i_anoc_memory
Used module:         \anoc_rv_mesh
Used module:             \anoc_rv_router_buffered
Used module:         \rv128i_anoc_node
Used module:             \rv128i_noc_packetizer
Used module:     \rv128i_cpu
Used module:         \rv128i_alu
Used module:         \rv128i_regfile
Used module:         \rv128i_decoder
Used module:         \rv128i_pc
Parameter \DATA_WIDTH = 128
Parameter \COORD_WIDTH = 4
Parameter \NUM_PORTS = 5

22.2. Executing AST frontend in derive mode using pre-parsed AST for module `\anoc_rv_router_buffered'.
Parameter \DATA_WIDTH = 128
Parameter \COORD_WIDTH = 4
Parameter \NUM_PORTS = 5
Generating RTLIL representation for module `$paramod$1df03c04492ea0925f5048f523097fc91a65437a\anoc_rv_router_buffered'.
Warning: Replacing memory \dest_y_out_vec with list of registers. See rtl/router/anoc_rv_router_buffered.sv:151
Warning: Replacing memory \dest_x_out_vec with list of registers. See rtl/router/anoc_rv_router_buffered.sv:150
Warning: Replacing memory \data_out_vec with list of registers. See rtl/router/anoc_rv_router_buffered.sv:149
Warning: Replacing memory \grants with list of registers. See rtl/router/anoc_rv_router_buffered.sv:138, rtl/router/anoc_rv_router_buffered.sv:134
Warning: Replacing memory \requests with list of registers. See rtl/router/anoc_rv_router_buffered.sv:121
Warning: Replacing memory \route with list of registers. See rtl/router/anoc_rv_router_buffered.sv:125, rtl/router/anoc_rv_router_buffered.sv:104
Warning: Replacing memory \buf_dest_y with list of registers. See rtl/router/anoc_rv_router_buffered.sv:78
Warning: Replacing memory \buf_dest_x with list of registers. See rtl/router/anoc_rv_router_buffered.sv:77
Warning: Replacing memory \buf_data with list of registers. See rtl/router/anoc_rv_router_buffered.sv:76
Warning: Replacing memory \buf_valid with list of registers. See rtl/router/anoc_rv_router_buffered.sv:75
Warning: Replacing memory \dest_y_vec with list of registers. See rtl/router/anoc_rv_router_buffered.sv:56
Warning: Replacing memory \dest_x_vec with list of registers. See rtl/router/anoc_rv_router_buffered.sv:53
Warning: Replacing memory \data_in_vec with list of registers. See rtl/router/anoc_rv_router_buffered.sv:50
Parameter \DATA_WIDTH = 128
Parameter \COORD_WIDTH = 4
Parameter \NUM_PORTS = 5
Found cached RTLIL representation for module `$paramod$1df03c04492ea0925f5048f523097fc91a65437a\anoc_rv_router_buffered'.
Parameter \DATA_WIDTH = 128
Parameter \COORD_WIDTH = 4
Parameter \NUM_PORTS = 5
Found cached RTLIL representation for module `$paramod$1df03c04492ea0925f5048f523097fc91a65437a\anoc_rv_router_buffered'.
Parameter \DATA_WIDTH = 128
Parameter \COORD_WIDTH = 4
Parameter \NUM_PORTS = 5
Found cached RTLIL representation for module `$paramod$1df03c04492ea0925f5048f523097fc91a65437a\anoc_rv_router_buffered'.
Parameter \DATA_WIDTH = 128
Parameter \COORD_WIDTH = 4
Parameter \NUM_PORTS = 5
Found cached RTLIL representation for module `$paramod$1df03c04492ea0925f5048f523097fc91a65437a\anoc_rv_router_buffered'.
Parameter \DATA_WIDTH = 128
Parameter \COORD_WIDTH = 4
Parameter \NUM_PORTS = 5
Found cached RTLIL representation for module `$paramod$1df03c04492ea0925f5048f523097fc91a65437a\anoc_rv_router_buffered'.
Parameter \DATA_WIDTH = 128
Parameter \COORD_WIDTH = 4
Parameter \NUM_PORTS = 5
Found cached RTLIL representation for module `$paramod$1df03c04492ea0925f5048f523097fc91a65437a\anoc_rv_router_buffered'.
Parameter \DATA_WIDTH = 128
Parameter \COORD_WIDTH = 4
Parameter \NUM_PORTS = 5
Found cached RTLIL representation for module `$paramod$1df03c04492ea0925f5048f523097fc91a65437a\anoc_rv_router_buffered'.
Parameter \DATA_WIDTH = 128
Parameter \COORD_WIDTH = 4
Parameter \NUM_PORTS = 5
Found cached RTLIL representation for module `$paramod$1df03c04492ea0925f5048f523097fc91a65437a\anoc_rv_router_buffered'.
Parameter \DATA_WIDTH = 128
Parameter \COORD_WIDTH = 4
Parameter \N = 4

22.3. Executing AST frontend in derive mode using pre-parsed AST for module `\anoc_rv_mesh'.
Parameter \DATA_WIDTH = 128
Parameter \COORD_WIDTH = 4
Parameter \N = 4
Generating RTLIL representation for module `$paramod$1379ebc503884398bf7573fe163f469993175ed7\anoc_rv_mesh'.

22.4. Analyzing design hierarchy..
Top module:  \rv128i_anoc_soc_top
Used module:     \rv128i_anoc_mesh_top
Used module:         \rv128i_anoc_memory
Used module:         $paramod$1379ebc503884398bf7573fe163f469993175ed7\anoc_rv_mesh
Used module:             \anoc_rv_router_buffered
Used module:         \rv128i_anoc_node
Used module:             \rv128i_noc_packetizer
Used module:     \rv128i_cpu
Used module:         \rv128i_alu
Used module:         \rv128i_regfile
Used module:         \rv128i_decoder
Used module:         \rv128i_pc
Parameter \DATA_WIDTH = 128
Parameter \COORD_WIDTH = 4
Parameter \NUM_PORTS = 5
Found cached RTLIL representation for module `$paramod$1df03c04492ea0925f5048f523097fc91a65437a\anoc_rv_router_buffered'.
Parameter \DATA_WIDTH = 128
Parameter \COORD_WIDTH = 4
Parameter \NUM_PORTS = 5
Found cached RTLIL representation for module `$paramod$1df03c04492ea0925f5048f523097fc91a65437a\anoc_rv_router_buffered'.
Parameter \DATA_WIDTH = 128
Parameter \COORD_WIDTH = 4
Parameter \NUM_PORTS = 5
Found cached RTLIL representation for module `$paramod$1df03c04492ea0925f5048f523097fc91a65437a\anoc_rv_router_buffered'.
Parameter \DATA_WIDTH = 128
Parameter \COORD_WIDTH = 4
Parameter \NUM_PORTS = 5
Found cached RTLIL representation for module `$paramod$1df03c04492ea0925f5048f523097fc91a65437a\anoc_rv_router_buffered'.
Parameter \DATA_WIDTH = 128
Parameter \COORD_WIDTH = 4
Parameter \NUM_PORTS = 5
Found cached RTLIL representation for module `$paramod$1df03c04492ea0925f5048f523097fc91a65437a\anoc_rv_router_buffered'.
Parameter \DATA_WIDTH = 128
Parameter \COORD_WIDTH = 4
Parameter \NUM_PORTS = 5
Found cached RTLIL representation for module `$paramod$1df03c04492ea0925f5048f523097fc91a65437a\anoc_rv_router_buffered'.
Parameter \DATA_WIDTH = 128
Parameter \COORD_WIDTH = 4
Parameter \NUM_PORTS = 5
Found cached RTLIL representation for module `$paramod$1df03c04492ea0925f5048f523097fc91a65437a\anoc_rv_router_buffered'.
Parameter \DATA_WIDTH = 128
Parameter \COORD_WIDTH = 4
Parameter \NUM_PORTS = 5
Found cached RTLIL representation for module `$paramod$1df03c04492ea0925f5048f523097fc91a65437a\anoc_rv_router_buffered'.
Parameter \DATA_WIDTH = 128
Parameter \COORD_WIDTH = 4
Parameter \NUM_PORTS = 5
Found cached RTLIL representation for module `$paramod$1df03c04492ea0925f5048f523097fc91a65437a\anoc_rv_router_buffered'.
Parameter \DATA_WIDTH = 128
Parameter \COORD_WIDTH = 4
Parameter \NUM_PORTS = 5
Found cached RTLIL representation for module `$paramod$1df03c04492ea0925f5048f523097fc91a65437a\anoc_rv_router_buffered'.
Parameter \DATA_WIDTH = 128
Parameter \COORD_WIDTH = 4
Parameter \NUM_PORTS = 5
Found cached RTLIL representation for module `$paramod$1df03c04492ea0925f5048f523097fc91a65437a\anoc_rv_router_buffered'.
Parameter \DATA_WIDTH = 128
Parameter \COORD_WIDTH = 4
Parameter \NUM_PORTS = 5
Found cached RTLIL representation for module `$paramod$1df03c04492ea0925f5048f523097fc91a65437a\anoc_rv_router_buffered'.
Parameter \DATA_WIDTH = 128
Parameter \COORD_WIDTH = 4
Parameter \NUM_PORTS = 5
Found cached RTLIL representation for module `$paramod$1df03c04492ea0925f5048f523097fc91a65437a\anoc_rv_router_buffered'.
Parameter \DATA_WIDTH = 128
Parameter \COORD_WIDTH = 4
Parameter \NUM_PORTS = 5
Found cached RTLIL representation for module `$paramod$1df03c04492ea0925f5048f523097fc91a65437a\anoc_rv_router_buffered'.
Parameter \DATA_WIDTH = 128
Parameter \COORD_WIDTH = 4
Parameter \NUM_PORTS = 5
Found cached RTLIL representation for module `$paramod$1df03c04492ea0925f5048f523097fc91a65437a\anoc_rv_router_buffered'.
Parameter \DATA_WIDTH = 128
Parameter \COORD_WIDTH = 4
Parameter \NUM_PORTS = 5
Found cached RTLIL representation for module `$paramod$1df03c04492ea0925f5048f523097fc91a65437a\anoc_rv_router_buffered'.

22.5. Analyzing design hierarchy..
Top module:  \rv128i_anoc_soc_top
Used module:     \rv128i_anoc_mesh_top
Used module:         \rv128i_anoc_memory
Used module:         $paramod$1379ebc503884398bf7573fe163f469993175ed7\anoc_rv_mesh
Used module:             $paramod$1df03c04492ea0925f5048f523097fc91a65437a\anoc_rv_router_buffered
Used module:         \rv128i_anoc_node
Used module:             \rv128i_noc_packetizer
Used module:     \rv128i_cpu
Used module:         \rv128i_alu
Used module:         \rv128i_regfile
Used module:         \rv128i_decoder
Used module:         \rv128i_pc

22.6. Analyzing design hierarchy..
Top module:  \rv128i_anoc_soc_top
Used module:     \rv128i_anoc_mesh_top
Used module:         \rv128i_anoc_memory
Used module:         $paramod$1379ebc503884398bf7573fe163f469993175ed7\anoc_rv_mesh
Used module:             $paramod$1df03c04492ea0925f5048f523097fc91a65437a\anoc_rv_router_buffered
Used module:         \rv128i_anoc_node
Used module:             \rv128i_noc_packetizer
Used module:     \rv128i_cpu
Used module:         \rv128i_alu
Used module:         \rv128i_regfile
Used module:         \rv128i_decoder
Used module:         \rv128i_pc
Removing unused module `\rv128i_fetch'.
Removing unused module `\anoc_rv_mesh'.
Removing unused module `\anoc_rv_router_buffered'.
Removing unused module `\anoc_rv_router'.
Removing unused module `\anoc_rv_routing_unit'.
Removing unused module `\anoc_rv_packet_parser'.
Removing unused module `\anoc_rv_packet'.
Removing unused module `\anoc_rv_arbiter'.
Removing unused module `\anoc_rv_priority_fifo'.
Removing unused module `\anoc_rv_fifo'.
Removed 10 unused modules.

23. Executing PROC pass (convert processes to netlists).

23.1. Executing PROC_CLEAN pass (remove empty switches from decision trees).
Found and cleaned up 4 empty switches in `$paramod$1379ebc503884398bf7573fe163f469993175ed7\anoc_rv_mesh.$proc$rtl/noc/anoc_rv_mesh.sv:64$814'.
Found and cleaned up 4 empty switches in `$paramod$1379ebc503884398bf7573fe163f469993175ed7\anoc_rv_mesh.$proc$rtl/noc/anoc_rv_mesh.sv:64$813'.
Found and cleaned up 4 empty switches in `$paramod$1379ebc503884398bf7573fe163f469993175ed7\anoc_rv_mesh.$proc$rtl/noc/anoc_rv_mesh.sv:64$812'.
Found and cleaned up 4 empty switches in `$paramod$1379ebc503884398bf7573fe163f469993175ed7\anoc_rv_mesh.$proc$rtl/noc/anoc_rv_mesh.sv:64$811'.
Found and cleaned up 4 empty switches in `$paramod$1379ebc503884398bf7573fe163f469993175ed7\anoc_rv_mesh.$proc$rtl/noc/anoc_rv_mesh.sv:64$810'.
Found and cleaned up 4 empty switches in `$paramod$1379ebc503884398bf7573fe163f469993175ed7\anoc_rv_mesh.$proc$rtl/noc/anoc_rv_mesh.sv:64$809'.
Found and cleaned up 4 empty switches in `$paramod$1379ebc503884398bf7573fe163f469993175ed7\anoc_rv_mesh.$proc$rtl/noc/anoc_rv_mesh.sv:64$808'.
Found and cleaned up 4 empty switches in `$paramod$1379ebc503884398bf7573fe163f469993175ed7\anoc_rv_mesh.$proc$rtl/noc/anoc_rv_mesh.sv:64$807'.
Found and cleaned up 4 empty switches in `$paramod$1379ebc503884398bf7573fe163f469993175ed7\anoc_rv_mesh.$proc$rtl/noc/anoc_rv_mesh.sv:64$806'.
Found and cleaned up 4 empty switches in `$paramod$1379ebc503884398bf7573fe163f469993175ed7\anoc_rv_mesh.$proc$rtl/noc/anoc_rv_mesh.sv:64$805'.
Found and cleaned up 4 empty switches in `$paramod$1379ebc503884398bf7573fe163f469993175ed7\anoc_rv_mesh.$proc$rtl/noc/anoc_rv_mesh.sv:64$804'.
Found and cleaned up 4 empty switches in `$paramod$1379ebc503884398bf7573fe163f469993175ed7\anoc_rv_mesh.$proc$rtl/noc/anoc_rv_mesh.sv:64$803'.
Found and cleaned up 4 empty switches in `$paramod$1379ebc503884398bf7573fe163f469993175ed7\anoc_rv_mesh.$proc$rtl/noc/anoc_rv_mesh.sv:64$802'.
Found and cleaned up 4 empty switches in `$paramod$1379ebc503884398bf7573fe163f469993175ed7\anoc_rv_mesh.$proc$rtl/noc/anoc_rv_mesh.sv:64$801'.
Found and cleaned up 4 empty switches in `$paramod$1379ebc503884398bf7573fe163f469993175ed7\anoc_rv_mesh.$proc$rtl/noc/anoc_rv_mesh.sv:64$800'.
Found and cleaned up 4 empty switches in `$paramod$1379ebc503884398bf7573fe163f469993175ed7\anoc_rv_mesh.$proc$rtl/noc/anoc_rv_mesh.sv:64$799'.
Cleaned up 64 empty switches.

23.2. Executing PROC_RMDEAD pass (remove dead branches from decision trees).
Marked 3 switch rules as full_case in process $proc$rtl/riscv/rv128i_decoder.sv:27$546 in module rv128i_decoder.
Removed 1 dead cases from process $proc$rtl/riscv/rv128i_regfile.sv:20$543 in module rv128i_regfile.
Marked 1 switch rules as full_case in process $proc$rtl/riscv/rv128i_regfile.sv:20$543 in module rv128i_regfile.
Removed 1 dead cases from process $proc$rtl/riscv/rv128i_regfile.sv:19$540 in module rv128i_regfile.
Marked 1 switch rules as full_case in process $proc$rtl/riscv/rv128i_regfile.sv:19$540 in module rv128i_regfile.
Marked 3 switch rules as full_case in process $proc$rtl/riscv/rv128i_regfile.sv:24$531 in module rv128i_regfile.
Marked 1 switch rules as full_case in process $proc$rtl/riscv/rv128i_alu.sv:19$514 in module rv128i_alu.
Marked 5 switch rules as full_case in process $proc$rtl/router/anoc_rv_router_buffered.sv:147$797 in module $paramod$1df03c04492ea0925f5048f523097fc91a65437a\anoc_rv_router_buffered.
Marked 25 switch rules as full_case in process $proc$rtl/router/anoc_rv_router_buffered.sv:132$746 in module $paramod$1df03c04492ea0925f5048f523097fc91a65437a\anoc_rv_router_buffered.
Marked 10 switch rules as full_case in process $proc$rtl/router/anoc_rv_router_buffered.sv:119$725 in module $paramod$1df03c04492ea0925f5048f523097fc91a65437a\anoc_rv_router_buffered.
Marked 20 switch rules as full_case in process $proc$rtl/router/anoc_rv_router_buffered.sv:101$704 in module $paramod$1df03c04492ea0925f5048f523097fc91a65437a\anoc_rv_router_buffered.
Marked 11 switch rules as full_case in process $proc$rtl/router/anoc_rv_router_buffered.sv:72$647 in module $paramod$1df03c04492ea0925f5048f523097fc91a65437a\anoc_rv_router_buffered.
Marked 1 switch rules as full_case in process $proc$rtl/riscv/rv128i_anoc_soc_top.sv:24$629 in module rv128i_anoc_soc_top.
Removed 1 dead cases from process $proc$rtl/riscv/rv128i_anoc_memory.sv:98$594 in module rv128i_anoc_memory.
Marked 8 switch rules as full_case in process $proc$rtl/riscv/rv128i_anoc_memory.sv:98$594 in module rv128i_anoc_memory.
Marked 1 switch rules as full_case in process $proc$rtl/riscv/rv128i_anoc_memory.sv:55$593 in module rv128i_anoc_memory.
Marked 1 switch rules as full_case in process $proc$rtl/riscv/rv128i_anoc_node.sv:68$585 in module rv128i_anoc_node.
Removed 1 dead cases from process $proc$rtl/riscv/rv128i_noc_packetizer.sv:100$584 in module rv128i_noc_packetizer.
Marked 2 switch rules as full_case in process $proc$rtl/riscv/rv128i_noc_packetizer.sv:100$584 in module rv128i_noc_packetizer.
Marked 1 switch rules as full_case in process $proc$rtl/riscv/rv128i_noc_packetizer.sv:44$582 in module rv128i_noc_packetizer.
Marked 1 switch rules as full_case in process $proc$rtl/riscv/rv128i_cpu.sv:232$580 in module rv128i_cpu.
Marked 4 switch rules as full_case in process $proc$rtl/riscv/rv128i_cpu.sv:203$571 in module rv128i_cpu.
Marked 4 switch rules as full_case in process $proc$rtl/riscv/rv128i_cpu.sv:184$563 in module rv128i_cpu.
Marked 1 switch rules as full_case in process $proc$rtl/riscv/rv128i_cpu.sv:167$559 in module rv128i_cpu.
Marked 5 switch rules as full_case in process $proc$rtl/riscv/rv128i_cpu.sv:138$555 in module rv128i_cpu.
Marked 2 switch rules as full_case in process $proc$rtl/riscv/rv128i_pc.sv:15$547 in module rv128i_pc.
Removed a total of 4 dead cases.

23.3. Executing PROC_PRUNE pass (remove redundant assignments in processes).
Removed 4 redundant assignments.
Promoted 853 assignments to connections.

23.4. Executing PROC_INIT pass (extract init attributes).

23.5. Executing PROC_ARST pass (detect async resets in processes).
Found async reset \rst in `\rv128i_regfile.$proc$rtl/riscv/rv128i_regfile.sv:24$531'.
Found async reset \rst_n in `$paramod$1df03c04492ea0925f5048f523097fc91a65437a\anoc_rv_router_buffered.$proc$rtl/router/anoc_rv_router_buffered.sv:72$647'.
Found async reset \rst in `\rv128i_anoc_memory.$proc$rtl/riscv/rv128i_anoc_memory.sv:98$594'.
Found async reset \rst in `\rv128i_anoc_node.$proc$rtl/riscv/rv128i_anoc_node.sv:68$585'.
Found async reset \rst in `\rv128i_noc_packetizer.$proc$rtl/riscv/rv128i_noc_packetizer.sv:100$584'.
Found async reset \rst in `\rv128i_cpu.$proc$rtl/riscv/rv128i_cpu.sv:232$580'.
Found async reset \rst in `\rv128i_pc.$proc$rtl/riscv/rv128i_pc.sv:15$547'.

23.6. Executing PROC_ROM pass (convert switches to ROMs).
Converted 0 switches.
<suppressed ~122 debug messages>

23.7. Executing PROC_MUX pass (convert decision trees to multiplexers).
Creating decoders for process `\rv128i_decoder.$proc$rtl/riscv/rv128i_decoder.sv:27$546'.
     1/10: $3\alu_op[3:0]
     2/10: $3\reg_write[0:0]
     3/10: $2\alu_op[3:0]
     4/10: $2\reg_write[0:0]
     5/10: $1\reg_write[0:0]
     6/10: $1\alu_op[3:0]
     7/10: $1\jump[0:0]
     8/10: $1\branch[0:0]
     9/10: $1\mem_write[0:0]
    10/10: $1\mem_read[0:0]
Creating decoders for process `\rv128i_regfile.$proc$rtl/riscv/rv128i_regfile.sv:20$543'.
     1/1: $1$mem2reg_rd$\regs$rtl/riscv/rv128i_regfile.sv:20$525_DATA[127:0]$545
Creating decoders for process `\rv128i_regfile.$proc$rtl/riscv/rv128i_regfile.sv:19$540'.
     1/1: $1$mem2reg_rd$\regs$rtl/riscv/rv128i_regfile.sv:19$524_DATA[127:0]$542
Creating decoders for process `\rv128i_regfile.$proc$rtl/riscv/rv128i_regfile.sv:24$531'.
     1/37: $2$mem2reg_wr$\regs$rtl/riscv/rv128i_regfile.sv:33$526_ADDR[4:0]$538
     2/37: $2$mem2reg_wr$\regs$rtl/riscv/rv128i_regfile.sv:33$526_DATA[127:0]$539
     3/37: $1$mem2reg_wr$\regs$rtl/riscv/rv128i_regfile.sv:33$526_DATA[127:0]$535
     4/37: $1$mem2reg_wr$\regs$rtl/riscv/rv128i_regfile.sv:33$526_ADDR[4:0]$534
     5/37: $0\regs[0][127:0]
     6/37: $1\i[31:0]
     7/37: $0\regs[31][127:0]
     8/37: $0\regs[30][127:0]
     9/37: $0\regs[29][127:0]
    10/37: $0\regs[28][127:0]
    11/37: $0\regs[27][127:0]
    12/37: $0\regs[26][127:0]
    13/37: $0\regs[25][127:0]
    14/37: $0\regs[24][127:0]
    15/37: $0\regs[23][127:0]
    16/37: $0\regs[22][127:0]
    17/37: $0\regs[21][127:0]
    18/37: $0\regs[20][127:0]
    19/37: $0\regs[19][127:0]
    20/37: $0\regs[18][127:0]
    21/37: $0\regs[17][127:0]
    22/37: $0\regs[16][127:0]
    23/37: $0\regs[15][127:0]
    24/37: $0\regs[14][127:0]
    25/37: $0\regs[13][127:0]
    26/37: $0\regs[12][127:0]
    27/37: $0\regs[11][127:0]
    28/37: $0\regs[10][127:0]
    29/37: $0\regs[9][127:0]
    30/37: $0\regs[8][127:0]
    31/37: $0\regs[7][127:0]
    32/37: $0\regs[6][127:0]
    33/37: $0\regs[5][127:0]
    34/37: $0\regs[4][127:0]
    35/37: $0\regs[3][127:0]
    36/37: $0\regs[2][127:0]
    37/37: $0\regs[1][127:0]
Creating decoders for process `\rv128i_alu.$proc$rtl/riscv/rv128i_alu.sv:19$514'.
     1/1: $1\y[127:0]
Creating decoders for process `$paramod$1df03c04492ea0925f5048f523097fc91a65437a\anoc_rv_router_buffered.$proc$rtl/router/anoc_rv_router_buffered.sv:203$798'.
Creating decoders for process `$paramod$1df03c04492ea0925f5048f523097fc91a65437a\anoc_rv_router_buffered.$proc$rtl/router/anoc_rv_router_buffered.sv:147$797'.
     1/20: $5\valid_out[4:4]
     2/20: $1\dest_y_out_vec[4][3:0]
     3/20: $1\dest_x_out_vec[4][3:0]
     4/20: $1\data_out_vec[4][127:0]
     5/20: $4\valid_out[3:3]
     6/20: $1\dest_y_out_vec[3][3:0]
     7/20: $1\dest_x_out_vec[3][3:0]
     8/20: $1\data_out_vec[3][127:0]
     9/20: $3\valid_out[2:2]
    10/20: $1\dest_y_out_vec[2][3:0]
    11/20: $1\dest_x_out_vec[2][3:0]
    12/20: $1\data_out_vec[2][127:0]
    13/20: $2\valid_out[1:1]
    14/20: $1\dest_y_out_vec[1][3:0]
    15/20: $1\dest_x_out_vec[1][3:0]
    16/20: $1\data_out_vec[1][127:0]
    17/20: $1\valid_out[0:0]
    18/20: $1\dest_y_out_vec[0][3:0]
    19/20: $1\dest_x_out_vec[0][3:0]
    20/20: $1\data_out_vec[0][127:0]
Creating decoders for process `$paramod$1df03c04492ea0925f5048f523097fc91a65437a\anoc_rv_router_buffered.$proc$rtl/router/anoc_rv_router_buffered.sv:132$746'.
     1/25: $5\grants[4][4:4]
     2/25: $4\grants[4][3:3]
     3/25: $3\grants[4][2:2]
     4/25: $2\grants[4][1:1]
     5/25: $1\grants[4][0:0]
     6/25: $5\grants[3][4:4]
     7/25: $4\grants[3][3:3]
     8/25: $3\grants[3][2:2]
     9/25: $2\grants[3][1:1]
    10/25: $1\grants[3][0:0]
    11/25: $5\grants[2][4:4]
    12/25: $4\grants[2][3:3]
    13/25: $3\grants[2][2:2]
    14/25: $2\grants[2][1:1]
    15/25: $1\grants[2][0:0]
    16/25: $5\grants[1][4:4]
    17/25: $4\grants[1][3:3]
    18/25: $3\grants[1][2:2]
    19/25: $2\grants[1][1:1]
    20/25: $1\grants[1][0:0]
    21/25: $5\grants[0][4:4]
    22/25: $4\grants[0][3:3]
    23/25: $3\grants[0][2:2]
    24/25: $2\grants[0][1:1]
    25/25: $1\grants[0][0:0]
Creating decoders for process `$paramod$1df03c04492ea0925f5048f523097fc91a65437a\anoc_rv_router_buffered.$proc$rtl/router/anoc_rv_router_buffered.sv:119$725'.
     1/60: $10\requests[0][4:4]
     2/60: $10\requests[4][4:4]
     3/60: $10\requests[3][4:4]
     4/60: $10\requests[2][4:4]
     5/60: $10\requests[1][4:4]
     6/60: $9\requests[4][4:4]
     7/60: $9\requests[3][4:4]
     8/60: $9\requests[2][4:4]
     9/60: $9\requests[1][4:4]
    10/60: $9\requests[0][4:4]
    11/60: $1$mem2reg_wr$\requests$rtl/router/anoc_rv_router_buffered.sv:125$639_ADDR[2:0]$744
    12/60: $1$mem2reg_wr$\requests$rtl/router/anoc_rv_router_buffered.sv:125$639_DATA[4:0]$745
    13/60: $8\requests[0][3:3]
    14/60: $8\requests[4][3:3]
    15/60: $8\requests[3][3:3]
    16/60: $8\requests[2][3:3]
    17/60: $8\requests[1][3:3]
    18/60: $7\requests[4][3:3]
    19/60: $7\requests[3][3:3]
    20/60: $7\requests[2][3:3]
    21/60: $7\requests[1][3:3]
    22/60: $7\requests[0][3:3]
    23/60: $1$mem2reg_wr$\requests$rtl/router/anoc_rv_router_buffered.sv:125$638_ADDR[2:0]$742
    24/60: $1$mem2reg_wr$\requests$rtl/router/anoc_rv_router_buffered.sv:125$638_DATA[4:0]$743
    25/60: $6\requests[0][2:2]
    26/60: $6\requests[4][2:2]
    27/60: $6\requests[3][2:2]
    28/60: $6\requests[2][2:2]
    29/60: $6\requests[1][2:2]
    30/60: $5\requests[4][2:2]
    31/60: $5\requests[3][2:2]
    32/60: $5\requests[2][2:2]
    33/60: $5\requests[1][2:2]
    34/60: $5\requests[0][2:2]
    35/60: $1$mem2reg_wr$\requests$rtl/router/anoc_rv_router_buffered.sv:125$637_ADDR[2:0]$740
    36/60: $1$mem2reg_wr$\requests$rtl/router/anoc_rv_router_buffered.sv:125$637_DATA[4:0]$741
    37/60: $4\requests[0][1:1]
    38/60: $4\requests[4][1:1]
    39/60: $4\requests[3][1:1]
    40/60: $4\requests[2][1:1]
    41/60: $4\requests[1][1:1]
    42/60: $3\requests[4][1:1]
    43/60: $3\requests[3][1:1]
    44/60: $3\requests[2][1:1]
    45/60: $3\requests[1][1:1]
    46/60: $3\requests[0][1:1]
    47/60: $1$mem2reg_wr$\requests$rtl/router/anoc_rv_router_buffered.sv:125$636_ADDR[2:0]$738
    48/60: $1$mem2reg_wr$\requests$rtl/router/anoc_rv_router_buffered.sv:125$636_DATA[4:0]$739
    49/60: $2\requests[0][0:0]
    50/60: $2\requests[4][0:0]
    51/60: $2\requests[3][0:0]
    52/60: $2\requests[2][0:0]
    53/60: $2\requests[1][0:0]
    54/60: $1\requests[4][0:0]
    55/60: $1\requests[3][0:0]
    56/60: $1\requests[2][0:0]
    57/60: $1\requests[1][0:0]
    58/60: $1\requests[0][0:0]
    59/60: $1$mem2reg_wr$\requests$rtl/router/anoc_rv_router_buffered.sv:125$635_ADDR[2:0]$736
    60/60: $1$mem2reg_wr$\requests$rtl/router/anoc_rv_router_buffered.sv:125$635_DATA[4:0]$737
Creating decoders for process `$paramod$1df03c04492ea0925f5048f523097fc91a65437a\anoc_rv_router_buffered.$proc$rtl/router/anoc_rv_router_buffered.sv:101$704'.
     1/20: $4\route[4][2:0]
     2/20: $3\route[4][2:0]
     3/20: $2\route[4][2:0]
     4/20: $1\route[4][2:0]
     5/20: $4\route[3][2:0]
     6/20: $3\route[3][2:0]
     7/20: $2\route[3][2:0]
     8/20: $1\route[3][2:0]
     9/20: $4\route[2][2:0]
    10/20: $3\route[2][2:0]
    11/20: $2\route[2][2:0]
    12/20: $1\route[2][2:0]
    13/20: $4\route[1][2:0]
    14/20: $3\route[1][2:0]
    15/20: $2\route[1][2:0]
    16/20: $1\route[1][2:0]
    17/20: $4\route[0][2:0]
    18/20: $3\route[0][2:0]
    19/20: $2\route[0][2:0]
    20/20: $1\route[0][2:0]
Creating decoders for process `$paramod$1df03c04492ea0925f5048f523097fc91a65437a\anoc_rv_router_buffered.$proc$rtl/router/anoc_rv_router_buffered.sv:72$647'.
     1/46: $3$mem2reg_rd$\grants$rtl/router/anoc_rv_router_buffered.sv:91$634_DATA[4:0]$700
     2/46: $2$mem2reg_rd$\grants$rtl/router/anoc_rv_router_buffered.sv:91$634_DATA[4:0]$699
     3/46: $2$mem2reg_rd$\grants$rtl/router/anoc_rv_router_buffered.sv:91$634_ADDR[2:0]$698
     4/46: $3$mem2reg_rd$\grants$rtl/router/anoc_rv_router_buffered.sv:91$633_DATA[4:0]$693
     5/46: $2$mem2reg_rd$\grants$rtl/router/anoc_rv_router_buffered.sv:91$633_DATA[4:0]$692
     6/46: $2$mem2reg_rd$\grants$rtl/router/anoc_rv_router_buffered.sv:91$633_ADDR[2:0]$691
     7/46: $3$mem2reg_rd$\grants$rtl/router/anoc_rv_router_buffered.sv:91$632_DATA[4:0]$686
     8/46: $2$mem2reg_rd$\grants$rtl/router/anoc_rv_router_buffered.sv:91$632_DATA[4:0]$685
     9/46: $2$mem2reg_rd$\grants$rtl/router/anoc_rv_router_buffered.sv:91$632_ADDR[2:0]$684
    10/46: $3$mem2reg_rd$\grants$rtl/router/anoc_rv_router_buffered.sv:91$631_DATA[4:0]$679
    11/46: $2$mem2reg_rd$\grants$rtl/router/anoc_rv_router_buffered.sv:91$631_DATA[4:0]$678
    12/46: $2$mem2reg_rd$\grants$rtl/router/anoc_rv_router_buffered.sv:91$631_ADDR[2:0]$677
    13/46: $3$mem2reg_rd$\grants$rtl/router/anoc_rv_router_buffered.sv:91$630_DATA[4:0]$672
    14/46: $2$mem2reg_rd$\grants$rtl/router/anoc_rv_router_buffered.sv:91$630_DATA[4:0]$671
    15/46: $2$mem2reg_rd$\grants$rtl/router/anoc_rv_router_buffered.sv:91$630_ADDR[2:0]$670
    16/46: $3\i[31:0]
    17/46: $1$mem2reg_rd$\grants$rtl/router/anoc_rv_router_buffered.sv:91$634_DATA[4:0]$668
    18/46: $1$mem2reg_rd$\grants$rtl/router/anoc_rv_router_buffered.sv:91$634_ADDR[2:0]$667
    19/46: $1$mem2reg_rd$\grants$rtl/router/anoc_rv_router_buffered.sv:91$633_DATA[4:0]$666
    20/46: $1$mem2reg_rd$\grants$rtl/router/anoc_rv_router_buffered.sv:91$633_ADDR[2:0]$665
    21/46: $1$mem2reg_rd$\grants$rtl/router/anoc_rv_router_buffered.sv:91$632_DATA[4:0]$664
    22/46: $1$mem2reg_rd$\grants$rtl/router/anoc_rv_router_buffered.sv:91$632_ADDR[2:0]$663
    23/46: $1$mem2reg_rd$\grants$rtl/router/anoc_rv_router_buffered.sv:91$631_DATA[4:0]$662
    24/46: $1$mem2reg_rd$\grants$rtl/router/anoc_rv_router_buffered.sv:91$631_ADDR[2:0]$661
    25/46: $1$mem2reg_rd$\grants$rtl/router/anoc_rv_router_buffered.sv:91$630_DATA[4:0]$660
    26/46: $1$mem2reg_rd$\grants$rtl/router/anoc_rv_router_buffered.sv:91$630_ADDR[2:0]$659
    27/46: $0\buf_dest_y[4][3:0]
    28/46: $0\buf_dest_y[3][3:0]
    29/46: $0\buf_dest_y[2][3:0]
    30/46: $0\buf_dest_y[1][3:0]
    31/46: $0\buf_dest_y[0][3:0]
    32/46: $0\buf_dest_x[4][3:0]
    33/46: $0\buf_dest_x[3][3:0]
    34/46: $0\buf_dest_x[2][3:0]
    35/46: $0\buf_dest_x[1][3:0]
    36/46: $0\buf_dest_x[0][3:0]
    37/46: $0\buf_data[4][127:0]
    38/46: $0\buf_data[3][127:0]
    39/46: $0\buf_data[2][127:0]
    40/46: $0\buf_data[1][127:0]
    41/46: $0\buf_data[0][127:0]
    42/46: $0\buf_valid[4][0:0]
    43/46: $0\buf_valid[3][0:0]
    44/46: $0\buf_valid[2][0:0]
    45/46: $0\buf_valid[1][0:0]
    46/46: $0\buf_valid[0][0:0]
Creating decoders for process `$paramod$1df03c04492ea0925f5048f523097fc91a65437a\anoc_rv_router_buffered.$proc$rtl/router/anoc_rv_router_buffered.sv:64$641'.
Creating decoders for process `$paramod$1df03c04492ea0925f5048f523097fc91a65437a\anoc_rv_router_buffered.$proc$rtl/router/anoc_rv_router_buffered.sv:48$640'.
Creating decoders for process `\rv128i_anoc_soc_top.$proc$rtl/riscv/rv128i_anoc_soc_top.sv:24$629'.
     1/1: $1\imem_rdata[31:0]
Creating decoders for process `\rv128i_anoc_mesh_top.$proc$rtl/riscv/rv128i_anoc_mesh_top.sv:92$627'.
Creating decoders for process `\rv128i_anoc_memory.$proc$rtl/riscv/rv128i_anoc_memory.sv:98$594'.
     1/290: $6$mem2reg_rd$\mem$rtl/riscv/rv128i_anoc_memory.sv:160$592_DATA[127:0]$622
     2/290: $5$mem2reg_wr$\mem$rtl/riscv/rv128i_anoc_memory.sv:145$591_ADDR[7:0]$618
     3/290: $5$mem2reg_wr$\mem$rtl/riscv/rv128i_anoc_memory.sv:145$591_DATA[127:0]$619
     4/290: $5$mem2reg_rd$\mem$rtl/riscv/rv128i_anoc_memory.sv:160$592_DATA[127:0]$621
     5/290: $5$mem2reg_rd$\mem$rtl/riscv/rv128i_anoc_memory.sv:160$592_ADDR[7:0]$620
     6/290: $4$mem2reg_rd$\mem$rtl/riscv/rv128i_anoc_memory.sv:160$592_DATA[127:0]$617
     7/290: $4$mem2reg_rd$\mem$rtl/riscv/rv128i_anoc_memory.sv:160$592_ADDR[7:0]$616
     8/290: $4$mem2reg_wr$\mem$rtl/riscv/rv128i_anoc_memory.sv:145$591_DATA[127:0]$615
     9/290: $4$mem2reg_wr$\mem$rtl/riscv/rv128i_anoc_memory.sv:145$591_ADDR[7:0]$614
    10/290: $0\data_q[127:0] [127:84]
    11/290: $0\data_q[127:0] [83:0]
    12/290: $0\addr_q[127:0] [105:0]
    13/290: $3$mem2reg_rd$\mem$rtl/riscv/rv128i_anoc_memory.sv:160$592_ADDR[7:0]$609
    14/290: $3$mem2reg_wr$\mem$rtl/riscv/rv128i_anoc_memory.sv:145$591_DATA[127:0]$608
    15/290: $3$mem2reg_wr$\mem$rtl/riscv/rv128i_anoc_memory.sv:145$591_ADDR[7:0]$607
    16/290: $2$mem2reg_rd$\mem$rtl/riscv/rv128i_anoc_memory.sv:160$592_DATA[127:0]$606
    17/290: $2$mem2reg_rd$\mem$rtl/riscv/rv128i_anoc_memory.sv:160$592_ADDR[7:0]$605
    18/290: $2$mem2reg_wr$\mem$rtl/riscv/rv128i_anoc_memory.sv:145$591_DATA[127:0]$604
    19/290: $2$mem2reg_wr$\mem$rtl/riscv/rv128i_anoc_memory.sv:145$591_ADDR[7:0]$603
    20/290: $1$mem2reg_rd$\mem$rtl/riscv/rv128i_anoc_memory.sv:160$592_DATA[127:0]$602
    21/290: $1$mem2reg_rd$\mem$rtl/riscv/rv128i_anoc_memory.sv:160$592_ADDR[7:0]$601
    22/290: $1$mem2reg_wr$\mem$rtl/riscv/rv128i_anoc_memory.sv:145$591_DATA[127:0]$600
    23/290: $1$mem2reg_wr$\mem$rtl/riscv/rv128i_anoc_memory.sv:145$591_ADDR[7:0]$599
    24/290: $0\write_is_valid[0:0]
    25/290: $0\write_complete[0:0]
    26/290: $1\i[31:0]
    27/290: $0\mem[255][127:0]
    28/290: $0\mem[254][127:0]
    29/290: $0\mem[253][127:0]
    30/290: $0\mem[252][127:0]
    31/290: $0\mem[251][127:0]
    32/290: $0\mem[250][127:0]
    33/290: $0\mem[249][127:0]
    34/290: $0\mem[248][127:0]
    35/290: $0\mem[247][127:0]
    36/290: $0\mem[246][127:0]
    37/290: $0\mem[245][127:0]
    38/290: $0\mem[244][127:0]
    39/290: $0\mem[243][127:0]
    40/290: $0\mem[242][127:0]
    41/290: $0\mem[241][127:0]
    42/290: $0\mem[240][127:0]
    43/290: $0\mem[239][127:0]
    44/290: $0\mem[238][127:0]
    45/290: $0\mem[237][127:0]
    46/290: $0\mem[236][127:0]
    47/290: $0\mem[235][127:0]
    48/290: $0\mem[234][127:0]
    49/290: $0\mem[233][127:0]
    50/290: $0\mem[232][127:0]
    51/290: $0\mem[231][127:0]
    52/290: $0\mem[230][127:0]
    53/290: $0\mem[229][127:0]
    54/290: $0\mem[228][127:0]
    55/290: $0\mem[227][127:0]
    56/290: $0\mem[226][127:0]
    57/290: $0\mem[225][127:0]
    58/290: $0\mem[224][127:0]
    59/290: $0\mem[223][127:0]
    60/290: $0\mem[222][127:0]
    61/290: $0\mem[221][127:0]
    62/290: $0\mem[220][127:0]
    63/290: $0\mem[219][127:0]
    64/290: $0\mem[218][127:0]
    65/290: $0\mem[217][127:0]
    66/290: $0\mem[216][127:0]
    67/290: $0\mem[215][127:0]
    68/290: $0\mem[214][127:0]
    69/290: $0\mem[213][127:0]
    70/290: $0\mem[212][127:0]
    71/290: $0\mem[211][127:0]
    72/290: $0\mem[210][127:0]
    73/290: $0\mem[209][127:0]
    74/290: $0\mem[208][127:0]
    75/290: $0\mem[207][127:0]
    76/290: $0\mem[206][127:0]
    77/290: $0\mem[205][127:0]
    78/290: $0\mem[204][127:0]
    79/290: $0\mem[203][127:0]
    80/290: $0\mem[202][127:0]
    81/290: $0\mem[201][127:0]
    82/290: $0\mem[200][127:0]
    83/290: $0\mem[199][127:0]
    84/290: $0\mem[198][127:0]
    85/290: $0\mem[197][127:0]
    86/290: $0\mem[196][127:0]
    87/290: $0\mem[195][127:0]
    88/290: $0\mem[194][127:0]
    89/290: $0\mem[193][127:0]
    90/290: $0\mem[192][127:0]
    91/290: $0\mem[191][127:0]
    92/290: $0\mem[190][127:0]
    93/290: $0\mem[189][127:0]
    94/290: $0\mem[188][127:0]
    95/290: $0\mem[187][127:0]
    96/290: $0\mem[186][127:0]
    97/290: $0\mem[185][127:0]
    98/290: $0\mem[184][127:0]
    99/290: $0\mem[183][127:0]
   100/290: $0\mem[182][127:0]
   101/290: $0\mem[181][127:0]
   102/290: $0\mem[180][127:0]
   103/290: $0\mem[179][127:0]
   104/290: $0\mem[178][127:0]
   105/290: $0\mem[177][127:0]
   106/290: $0\mem[176][127:0]
   107/290: $0\mem[175][127:0]
   108/290: $0\mem[174][127:0]
   109/290: $0\mem[173][127:0]
   110/290: $0\mem[172][127:0]
   111/290: $0\mem[171][127:0]
   112/290: $0\mem[170][127:0]
   113/290: $0\mem[169][127:0]
   114/290: $0\mem[168][127:0]
   115/290: $0\mem[167][127:0]
   116/290: $0\mem[166][127:0]
   117/290: $0\mem[165][127:0]
   118/290: $0\mem[164][127:0]
   119/290: $0\mem[163][127:0]
   120/290: $0\mem[162][127:0]
   121/290: $0\mem[161][127:0]
   122/290: $0\mem[160][127:0]
   123/290: $0\mem[159][127:0]
   124/290: $0\mem[158][127:0]
   125/290: $0\mem[157][127:0]
   126/290: $0\mem[156][127:0]
   127/290: $0\mem[155][127:0]
   128/290: $0\mem[154][127:0]
   129/290: $0\mem[153][127:0]
   130/290: $0\mem[152][127:0]
   131/290: $0\mem[151][127:0]
   132/290: $0\mem[150][127:0]
   133/290: $0\mem[149][127:0]
   134/290: $0\mem[148][127:0]
   135/290: $0\mem[147][127:0]
   136/290: $0\mem[146][127:0]
   137/290: $0\mem[145][127:0]
   138/290: $0\mem[144][127:0]
   139/290: $0\mem[143][127:0]
   140/290: $0\mem[142][127:0]
   141/290: $0\mem[141][127:0]
   142/290: $0\mem[140][127:0]
   143/290: $0\mem[139][127:0]
   144/290: $0\mem[138][127:0]
   145/290: $0\mem[137][127:0]
   146/290: $0\mem[136][127:0]
   147/290: $0\mem[135][127:0]
   148/290: $0\mem[134][127:0]
   149/290: $0\mem[133][127:0]
   150/290: $0\mem[132][127:0]
   151/290: $0\mem[131][127:0]
   152/290: $0\mem[130][127:0]
   153/290: $0\mem[129][127:0]
   154/290: $0\mem[128][127:0]
   155/290: $0\mem[127][127:0]
   156/290: $0\mem[126][127:0]
   157/290: $0\mem[125][127:0]
   158/290: $0\mem[124][127:0]
   159/290: $0\mem[123][127:0]
   160/290: $0\mem[122][127:0]
   161/290: $0\mem[121][127:0]
   162/290: $0\mem[120][127:0]
   163/290: $0\mem[119][127:0]
   164/290: $0\mem[118][127:0]
   165/290: $0\mem[117][127:0]
   166/290: $0\mem[116][127:0]
   167/290: $0\mem[115][127:0]
   168/290: $0\mem[114][127:0]
   169/290: $0\mem[113][127:0]
   170/290: $0\mem[112][127:0]
   171/290: $0\mem[111][127:0]
   172/290: $0\mem[110][127:0]
   173/290: $0\mem[109][127:0]
   174/290: $0\mem[108][127:0]
   175/290: $0\mem[107][127:0]
   176/290: $0\mem[106][127:0]
   177/290: $0\mem[105][127:0]
   178/290: $0\mem[104][127:0]
   179/290: $0\mem[103][127:0]
   180/290: $0\mem[102][127:0]
   181/290: $0\mem[101][127:0]
   182/290: $0\mem[100][127:0]
   183/290: $0\mem[99][127:0]
   184/290: $0\mem[98][127:0]
   185/290: $0\mem[97][127:0]
   186/290: $0\mem[96][127:0]
   187/290: $0\mem[95][127:0]
   188/290: $0\mem[94][127:0]
   189/290: $0\mem[93][127:0]
   190/290: $0\mem[92][127:0]
   191/290: $0\mem[91][127:0]
   192/290: $0\mem[90][127:0]
   193/290: $0\mem[89][127:0]
   194/290: $0\mem[88][127:0]
   195/290: $0\mem[87][127:0]
   196/290: $0\mem[86][127:0]
   197/290: $0\mem[85][127:0]
   198/290: $0\mem[84][127:0]
   199/290: $0\mem[83][127:0]
   200/290: $0\mem[82][127:0]
   201/290: $0\mem[81][127:0]
   202/290: $0\mem[80][127:0]
   203/290: $0\mem[79][127:0]
   204/290: $0\mem[78][127:0]
   205/290: $0\mem[77][127:0]
   206/290: $0\mem[76][127:0]
   207/290: $0\mem[75][127:0]
   208/290: $0\mem[74][127:0]
   209/290: $0\mem[73][127:0]
   210/290: $0\mem[72][127:0]
   211/290: $0\mem[71][127:0]
   212/290: $0\mem[70][127:0]
   213/290: $0\mem[69][127:0]
   214/290: $0\mem[68][127:0]
   215/290: $0\mem[67][127:0]
   216/290: $0\mem[66][127:0]
   217/290: $0\mem[65][127:0]
   218/290: $0\mem[64][127:0]
   219/290: $0\mem[63][127:0]
   220/290: $0\mem[62][127:0]
   221/290: $0\mem[61][127:0]
   222/290: $0\mem[60][127:0]
   223/290: $0\mem[59][127:0]
   224/290: $0\mem[58][127:0]
   225/290: $0\mem[57][127:0]
   226/290: $0\mem[56][127:0]
   227/290: $0\mem[55][127:0]
   228/290: $0\mem[54][127:0]
   229/290: $0\mem[53][127:0]
   230/290: $0\mem[52][127:0]
   231/290: $0\mem[51][127:0]
   232/290: $0\mem[50][127:0]
   233/290: $0\mem[49][127:0]
   234/290: $0\mem[48][127:0]
   235/290: $0\mem[47][127:0]
   236/290: $0\mem[46][127:0]
   237/290: $0\mem[45][127:0]
   238/290: $0\mem[44][127:0]
   239/290: $0\mem[43][127:0]
   240/290: $0\mem[42][127:0]
   241/290: $0\mem[41][127:0]
   242/290: $0\mem[40][127:0]
   243/290: $0\mem[39][127:0]
   244/290: $0\mem[38][127:0]
   245/290: $0\mem[37][127:0]
   246/290: $0\mem[36][127:0]
   247/290: $0\mem[35][127:0]
   248/290: $0\mem[34][127:0]
   249/290: $0\mem[33][127:0]
   250/290: $0\mem[32][127:0]
   251/290: $0\mem[31][127:0]
   252/290: $0\mem[30][127:0]
   253/290: $0\mem[29][127:0]
   254/290: $0\mem[28][127:0]
   255/290: $0\mem[27][127:0]
   256/290: $0\mem[26][127:0]
   257/290: $0\mem[25][127:0]
   258/290: $0\mem[24][127:0]
   259/290: $0\mem[23][127:0]
   260/290: $0\mem[22][127:0]
   261/290: $0\mem[21][127:0]
   262/290: $0\mem[20][127:0]
   263/290: $0\mem[19][127:0]
   264/290: $0\mem[18][127:0]
   265/290: $0\mem[17][127:0]
   266/290: $0\mem[16][127:0]
   267/290: $0\mem[15][127:0]
   268/290: $0\mem[14][127:0]
   269/290: $0\mem[13][127:0]
   270/290: $0\mem[12][127:0]
   271/290: $0\mem[11][127:0]
   272/290: $0\mem[10][127:0]
   273/290: $0\mem[9][127:0]
   274/290: $0\mem[8][127:0]
   275/290: $0\mem[7][127:0]
   276/290: $0\mem[6][127:0]
   277/290: $0\mem[5][127:0]
   278/290: $0\mem[4][127:0]
   279/290: $0\response_data_q[127:0]
   280/290: $0\tx_state[1:0]
   281/290: $0\rx_state[1:0]
   282/290: $0\write_data[127:0]
   283/290: $0\write_addr[127:0]
   284/290: $0\addr_q[127:0] [127:106]
   285/290: $3$mem2reg_rd$\mem$rtl/riscv/rv128i_anoc_memory.sv:160$592_DATA[127:0]$610
   286/290: $0\write_q[0:0]
   287/290: $0\mem[3][127:0]
   288/290: $0\mem[2][127:0]
   289/290: $0\mem[1][127:0]
   290/290: $0\mem[0][127:0]
Creating decoders for process `\rv128i_anoc_memory.$proc$rtl/riscv/rv128i_anoc_memory.sv:55$593'.
     1/9: $1\resp_flit_out[127:0] [127:126]
     2/9: $1\resp_flit_out[127:0] [21:0]
     3/9: $1\resp_flit_out[127:0] [105:22]
     4/9: $1\resp_flit_out[127:0] [109:106]
     5/9: $1\resp_flit_out[127:0] [113:110]
     6/9: $1\resp_flit_out[127:0] [117:114]
     7/9: $1\resp_flit_out[127:0] [121:118]
     8/9: $1\resp_flit_out[127:0] [125:122]
     9/9: $1\resp_valid_out[0:0]
Creating decoders for process `\rv128i_anoc_node.$proc$rtl/riscv/rv128i_anoc_node.sv:68$585'.
     1/6: $0\resp_valid[0:0]
     2/6: $0\response_high[21:0]
     3/6: $0\response_low[105:0]
     4/6: $0\response_tail_pending[0:0]
     5/6: $0\response_waiting[0:0]
     6/6: $0\resp_rdata[127:0]
Creating decoders for process `\rv128i_noc_packetizer.$proc$rtl/riscv/rv128i_noc_packetizer.sv:100$584'.
     1/8: $0\dy_q[3:0]
     2/8: $0\dx_q[3:0]
     3/8: $0\sy_q[3:0]
     4/8: $0\sx_q[3:0]
     5/8: $0\data_q[127:0]
     6/8: $0\addr_q[127:0]
     7/8: $0\write_q[0:0]
     8/8: $0\state[1:0]
Creating decoders for process `\rv128i_noc_packetizer.$proc$rtl/riscv/rv128i_noc_packetizer.sv:44$582'.
     1/10: $1\flit_out[127:0] [127:126]
     2/10: $1\flit_out[127:0] [21:0]
     3/10: $1\flit_out[127:0] [43:22]
     4/10: $1\flit_out[127:0] [105:44]
     5/10: $1\flit_out[127:0] [109:106]
     6/10: $1\flit_out[127:0] [113:110]
     7/10: $1\flit_out[127:0] [117:114]
     8/10: $1\flit_out[127:0] [121:118]
     9/10: $1\flit_out[127:0] [125:122]
    10/10: $1\flit_valid[0:0]
Creating decoders for process `\rv128i_cpu.$proc$rtl/riscv/rv128i_cpu.sv:232$580'.
     1/1: $0\halt_reg[0:0]
Creating decoders for process `\rv128i_cpu.$proc$rtl/riscv/rv128i_cpu.sv:203$571'.
     1/6: $3\branch_target[127:0]
     2/6: $2\branch_target[127:0]
     3/6: $3\branch_taken[0:0]
     4/6: $2\branch_taken[0:0]
     5/6: $1\branch_target[127:0]
     6/6: $1\branch_taken[0:0]
Creating decoders for process `\rv128i_cpu.$proc$rtl/riscv/rv128i_cpu.sv:184$563'.
     1/4: $4\writeback_data[127:0]
     2/4: $3\writeback_data[127:0]
     3/4: $2\writeback_data[127:0]
     4/4: $1\writeback_data[127:0]
Creating decoders for process `\rv128i_cpu.$proc$rtl/riscv/rv128i_cpu.sv:167$559'.
     1/4: $1\dmem_wdata[127:0]
     2/4: $1\dmem_addr[127:0]
     3/4: $1\dmem_we[0:0]
     4/4: $1\dmem_valid[0:0]
Creating decoders for process `\rv128i_cpu.$proc$rtl/riscv/rv128i_cpu.sv:138$555'.
     1/5: $2\alu_a[127:0]
     2/5: $1\alu_a[127:0]
     3/5: $3\alu_b[127:0]
     4/5: $2\alu_b[127:0]
     5/5: $1\alu_b[127:0]
Creating decoders for process `\rv128i_cpu.$proc$rtl/riscv/rv128i_cpu.sv:106$554'.
Creating decoders for process `$paramod$1379ebc503884398bf7573fe163f469993175ed7\anoc_rv_mesh.$proc$rtl/noc/anoc_rv_mesh.sv:64$814'.
Creating decoders for process `$paramod$1379ebc503884398bf7573fe163f469993175ed7\anoc_rv_mesh.$proc$rtl/noc/anoc_rv_mesh.sv:64$813'.
Creating decoders for process `$paramod$1379ebc503884398bf7573fe163f469993175ed7\anoc_rv_mesh.$proc$rtl/noc/anoc_rv_mesh.sv:64$812'.
Creating decoders for process `$paramod$1379ebc503884398bf7573fe163f469993175ed7\anoc_rv_mesh.$proc$rtl/noc/anoc_rv_mesh.sv:64$811'.
Creating decoders for process `$paramod$1379ebc503884398bf7573fe163f469993175ed7\anoc_rv_mesh.$proc$rtl/noc/anoc_rv_mesh.sv:64$810'.
Creating decoders for process `$paramod$1379ebc503884398bf7573fe163f469993175ed7\anoc_rv_mesh.$proc$rtl/noc/anoc_rv_mesh.sv:64$809'.
Creating decoders for process `$paramod$1379ebc503884398bf7573fe163f469993175ed7\anoc_rv_mesh.$proc$rtl/noc/anoc_rv_mesh.sv:64$808'.
Creating decoders for process `$paramod$1379ebc503884398bf7573fe163f469993175ed7\anoc_rv_mesh.$proc$rtl/noc/anoc_rv_mesh.sv:64$807'.
Creating decoders for process `$paramod$1379ebc503884398bf7573fe163f469993175ed7\anoc_rv_mesh.$proc$rtl/noc/anoc_rv_mesh.sv:64$806'.
Creating decoders for process `$paramod$1379ebc503884398bf7573fe163f469993175ed7\anoc_rv_mesh.$proc$rtl/noc/anoc_rv_mesh.sv:64$805'.
Creating decoders for process `$paramod$1379ebc503884398bf7573fe163f469993175ed7\anoc_rv_mesh.$proc$rtl/noc/anoc_rv_mesh.sv:64$804'.
Creating decoders for process `$paramod$1379ebc503884398bf7573fe163f469993175ed7\anoc_rv_mesh.$proc$rtl/noc/anoc_rv_mesh.sv:64$803'.
Creating decoders for process `$paramod$1379ebc503884398bf7573fe163f469993175ed7\anoc_rv_mesh.$proc$rtl/noc/anoc_rv_mesh.sv:64$802'.
Creating decoders for process `$paramod$1379ebc503884398bf7573fe163f469993175ed7\anoc_rv_mesh.$proc$rtl/noc/anoc_rv_mesh.sv:64$801'.
Creating decoders for process `$paramod$1379ebc503884398bf7573fe163f469993175ed7\anoc_rv_mesh.$proc$rtl/noc/anoc_rv_mesh.sv:64$800'.
Creating decoders for process `$paramod$1379ebc503884398bf7573fe163f469993175ed7\anoc_rv_mesh.$proc$rtl/noc/anoc_rv_mesh.sv:64$799'.
Creating decoders for process `\rv128i_pc.$proc$rtl/riscv/rv128i_pc.sv:15$547'.
     1/1: $0\pc[127:0]

23.8. Executing PROC_DLATCH pass (convert process syncs to latches).
No latch inferred for signal `\rv128i_decoder.\opcode' from process `\rv128i_decoder.$proc$rtl/riscv/rv128i_decoder.sv:27$546'.
No latch inferred for signal `\rv128i_decoder.\rd' from process `\rv128i_decoder.$proc$rtl/riscv/rv128i_decoder.sv:27$546'.
No latch inferred for signal `\rv128i_decoder.\rs1' from process `\rv128i_decoder.$proc$rtl/riscv/rv128i_decoder.sv:27$546'.
No latch inferred for signal `\rv128i_decoder.\rs2' from process `\rv128i_decoder.$proc$rtl/riscv/rv128i_decoder.sv:27$546'.
No latch inferred for signal `\rv128i_decoder.\funct3' from process `\rv128i_decoder.$proc$rtl/riscv/rv128i_decoder.sv:27$546'.
No latch inferred for signal `\rv128i_decoder.\funct7' from process `\rv128i_decoder.$proc$rtl/riscv/rv128i_decoder.sv:27$546'.
No latch inferred for signal `\rv128i_decoder.\alu_op' from process `\rv128i_decoder.$proc$rtl/riscv/rv128i_decoder.sv:27$546'.
No latch inferred for signal `\rv128i_decoder.\reg_write' from process `\rv128i_decoder.$proc$rtl/riscv/rv128i_decoder.sv:27$546'.
No latch inferred for signal `\rv128i_decoder.\mem_read' from process `\rv128i_decoder.$proc$rtl/riscv/rv128i_decoder.sv:27$546'.
No latch inferred for signal `\rv128i_decoder.\mem_write' from process `\rv128i_decoder.$proc$rtl/riscv/rv128i_decoder.sv:27$546'.
No latch inferred for signal `\rv128i_decoder.\branch' from process `\rv128i_decoder.$proc$rtl/riscv/rv128i_decoder.sv:27$546'.
No latch inferred for signal `\rv128i_decoder.\jump' from process `\rv128i_decoder.$proc$rtl/riscv/rv128i_decoder.sv:27$546'.
No latch inferred for signal `\rv128i_regfile.$mem2reg_rd$\regs$rtl/riscv/rv128i_regfile.sv:20$525_DATA' from process `\rv128i_regfile.$proc$rtl/riscv/rv128i_regfile.sv:20$543'.
No latch inferred for signal `\rv128i_regfile.$mem2reg_rd$\regs$rtl/riscv/rv128i_regfile.sv:19$524_DATA' from process `\rv128i_regfile.$proc$rtl/riscv/rv128i_regfile.sv:19$540'.
No latch inferred for signal `\rv128i_alu.\y' from process `\rv128i_alu.$proc$rtl/riscv/rv128i_alu.sv:19$514'.
No latch inferred for signal `\rv128i_alu.\zero' from process `\rv128i_alu.$proc$rtl/riscv/rv128i_alu.sv:19$514'.
No latch inferred for signal `$paramod$1df03c04492ea0925f5048f523097fc91a65437a\anoc_rv_router_buffered.\i' from process `$paramod$1df03c04492ea0925f5048f523097fc91a65437a\anoc_rv_router_buffered.$proc$rtl/router/anoc_rv_router_buffered.sv:203$798'.
No latch inferred for signal `$paramod$1df03c04492ea0925f5048f523097fc91a65437a\anoc_rv_router_buffered.\data_out' from process `$paramod$1df03c04492ea0925f5048f523097fc91a65437a\anoc_rv_router_buffered.$proc$rtl/router/anoc_rv_router_buffered.sv:203$798'.
No latch inferred for signal `$paramod$1df03c04492ea0925f5048f523097fc91a65437a\anoc_rv_router_buffered.\dest_x_out' from process `$paramod$1df03c04492ea0925f5048f523097fc91a65437a\anoc_rv_router_buffered.$proc$rtl/router/anoc_rv_router_buffered.sv:203$798'.
No latch inferred for signal `$paramod$1df03c04492ea0925f5048f523097fc91a65437a\anoc_rv_router_buffered.\dest_y_out' from process `$paramod$1df03c04492ea0925f5048f523097fc91a65437a\anoc_rv_router_buffered.$proc$rtl/router/anoc_rv_router_buffered.sv:203$798'.
No latch inferred for signal `$paramod$1df03c04492ea0925f5048f523097fc91a65437a\anoc_rv_router_buffered.\i' from process `$paramod$1df03c04492ea0925f5048f523097fc91a65437a\anoc_rv_router_buffered.$proc$rtl/router/anoc_rv_router_buffered.sv:147$797'.
No latch inferred for signal `$paramod$1df03c04492ea0925f5048f523097fc91a65437a\anoc_rv_router_buffered.\valid_out' from process `$paramod$1df03c04492ea0925f5048f523097fc91a65437a\anoc_rv_router_buffered.$proc$rtl/router/anoc_rv_router_buffered.sv:147$797'.
No latch inferred for signal `$paramod$1df03c04492ea0925f5048f523097fc91a65437a\anoc_rv_router_buffered.\data_out_vec[0]' from process `$paramod$1df03c04492ea0925f5048f523097fc91a65437a\anoc_rv_router_buffered.$proc$rtl/router/anoc_rv_router_buffered.sv:147$797'.
No latch inferred for signal `$paramod$1df03c04492ea0925f5048f523097fc91a65437a\anoc_rv_router_buffered.\data_out_vec[1]' from process `$paramod$1df03c04492ea0925f5048f523097fc91a65437a\anoc_rv_router_buffered.$proc$rtl/router/anoc_rv_router_buffered.sv:147$797'.
No latch inferred for signal `$paramod$1df03c04492ea0925f5048f523097fc91a65437a\anoc_rv_router_buffered.\data_out_vec[2]' from process `$paramod$1df03c04492ea0925f5048f523097fc91a65437a\anoc_rv_router_buffered.$proc$rtl/router/anoc_rv_router_buffered.sv:147$797'.
No latch inferred for signal `$paramod$1df03c04492ea0925f5048f523097fc91a65437a\anoc_rv_router_buffered.\data_out_vec[3]' from process `$paramod$1df03c04492ea0925f5048f523097fc91a65437a\anoc_rv_router_buffered.$proc$rtl/router/anoc_rv_router_buffered.sv:147$797'.
No latch inferred for signal `$paramod$1df03c04492ea0925f5048f523097fc91a65437a\anoc_rv_router_buffered.\data_out_vec[4]' from process `$paramod$1df03c04492ea0925f5048f523097fc91a65437a\anoc_rv_router_buffered.$proc$rtl/router/anoc_rv_router_buffered.sv:147$797'.
No latch inferred for signal `$paramod$1df03c04492ea0925f5048f523097fc91a65437a\anoc_rv_router_buffered.\dest_x_out_vec[0]' from process `$paramod$1df03c04492ea0925f5048f523097fc91a65437a\anoc_rv_router_buffered.$proc$rtl/router/anoc_rv_router_buffered.sv:147$797'.
No latch inferred for signal `$paramod$1df03c04492ea0925f5048f523097fc91a65437a\anoc_rv_router_buffered.\dest_x_out_vec[1]' from process `$paramod$1df03c04492ea0925f5048f523097fc91a65437a\anoc_rv_router_buffered.$proc$rtl/router/anoc_rv_router_buffered.sv:147$797'.
No latch inferred for signal `$paramod$1df03c04492ea0925f5048f523097fc91a65437a\anoc_rv_router_buffered.\dest_x_out_vec[2]' from process `$paramod$1df03c04492ea0925f5048f523097fc91a65437a\anoc_rv_router_buffered.$proc$rtl/router/anoc_rv_router_buffered.sv:147$797'.
No latch inferred for signal `$paramod$1df03c04492ea0925f5048f523097fc91a65437a\anoc_rv_router_buffered.\dest_x_out_vec[3]' from process `$paramod$1df03c04492ea0925f5048f523097fc91a65437a\anoc_rv_router_buffered.$proc$rtl/router/anoc_rv_router_buffered.sv:147$797'.
No latch inferred for signal `$paramod$1df03c04492ea0925f5048f523097fc91a65437a\anoc_rv_router_buffered.\dest_x_out_vec[4]' from process `$paramod$1df03c04492ea0925f5048f523097fc91a65437a\anoc_rv_router_buffered.$proc$rtl/router/anoc_rv_router_buffered.sv:147$797'.
No latch inferred for signal `$paramod$1df03c04492ea0925f5048f523097fc91a65437a\anoc_rv_router_buffered.\dest_y_out_vec[0]' from process `$paramod$1df03c04492ea0925f5048f523097fc91a65437a\anoc_rv_router_buffered.$proc$rtl/router/anoc_rv_router_buffered.sv:147$797'.
No latch inferred for signal `$paramod$1df03c04492ea0925f5048f523097fc91a65437a\anoc_rv_router_buffered.\dest_y_out_vec[1]' from process `$paramod$1df03c04492ea0925f5048f523097fc91a65437a\anoc_rv_router_buffered.$proc$rtl/router/anoc_rv_router_buffered.sv:147$797'.
No latch inferred for signal `$paramod$1df03c04492ea0925f5048f523097fc91a65437a\anoc_rv_router_buffered.\dest_y_out_vec[2]' from process `$paramod$1df03c04492ea0925f5048f523097fc91a65437a\anoc_rv_router_buffered.$proc$rtl/router/anoc_rv_router_buffered.sv:147$797'.
No latch inferred for signal `$paramod$1df03c04492ea0925f5048f523097fc91a65437a\anoc_rv_router_buffered.\dest_y_out_vec[3]' from process `$paramod$1df03c04492ea0925f5048f523097fc91a65437a\anoc_rv_router_buffered.$proc$rtl/router/anoc_rv_router_buffered.sv:147$797'.
No latch inferred for signal `$paramod$1df03c04492ea0925f5048f523097fc91a65437a\anoc_rv_router_buffered.\dest_y_out_vec[4]' from process `$paramod$1df03c04492ea0925f5048f523097fc91a65437a\anoc_rv_router_buffered.$proc$rtl/router/anoc_rv_router_buffered.sv:147$797'.
No latch inferred for signal `$paramod$1df03c04492ea0925f5048f523097fc91a65437a\anoc_rv_router_buffered.\i' from process `$paramod$1df03c04492ea0925f5048f523097fc91a65437a\anoc_rv_router_buffered.$proc$rtl/router/anoc_rv_router_buffered.sv:132$746'.
No latch inferred for signal `$paramod$1df03c04492ea0925f5048f523097fc91a65437a\anoc_rv_router_buffered.\j' from process `$paramod$1df03c04492ea0925f5048f523097fc91a65437a\anoc_rv_router_buffered.$proc$rtl/router/anoc_rv_router_buffered.sv:132$746'.
No latch inferred for signal `$paramod$1df03c04492ea0925f5048f523097fc91a65437a\anoc_rv_router_buffered.\grants[0]' from process `$paramod$1df03c04492ea0925f5048f523097fc91a65437a\anoc_rv_router_buffered.$proc$rtl/router/anoc_rv_router_buffered.sv:132$746'.
No latch inferred for signal `$paramod$1df03c04492ea0925f5048f523097fc91a65437a\anoc_rv_router_buffered.\grants[1]' from process `$paramod$1df03c04492ea0925f5048f523097fc91a65437a\anoc_rv_router_buffered.$proc$rtl/router/anoc_rv_router_buffered.sv:132$746'.
No latch inferred for signal `$paramod$1df03c04492ea0925f5048f523097fc91a65437a\anoc_rv_router_buffered.\grants[2]' from process `$paramod$1df03c04492ea0925f5048f523097fc91a65437a\anoc_rv_router_buffered.$proc$rtl/router/anoc_rv_router_buffered.sv:132$746'.
No latch inferred for signal `$paramod$1df03c04492ea0925f5048f523097fc91a65437a\anoc_rv_router_buffered.\grants[3]' from process `$paramod$1df03c04492ea0925f5048f523097fc91a65437a\anoc_rv_router_buffered.$proc$rtl/router/anoc_rv_router_buffered.sv:132$746'.
No latch inferred for signal `$paramod$1df03c04492ea0925f5048f523097fc91a65437a\anoc_rv_router_buffered.\grants[4]' from process `$paramod$1df03c04492ea0925f5048f523097fc91a65437a\anoc_rv_router_buffered.$proc$rtl/router/anoc_rv_router_buffered.sv:132$746'.
No latch inferred for signal `$paramod$1df03c04492ea0925f5048f523097fc91a65437a\anoc_rv_router_buffered.\i' from process `$paramod$1df03c04492ea0925f5048f523097fc91a65437a\anoc_rv_router_buffered.$proc$rtl/router/anoc_rv_router_buffered.sv:119$725'.
No latch inferred for signal `$paramod$1df03c04492ea0925f5048f523097fc91a65437a\anoc_rv_router_buffered.\requests[0]' from process `$paramod$1df03c04492ea0925f5048f523097fc91a65437a\anoc_rv_router_buffered.$proc$rtl/router/anoc_rv_router_buffered.sv:119$725'.
No latch inferred for signal `$paramod$1df03c04492ea0925f5048f523097fc91a65437a\anoc_rv_router_buffered.\requests[1]' from process `$paramod$1df03c04492ea0925f5048f523097fc91a65437a\anoc_rv_router_buffered.$proc$rtl/router/anoc_rv_router_buffered.sv:119$725'.
No latch inferred for signal `$paramod$1df03c04492ea0925f5048f523097fc91a65437a\anoc_rv_router_buffered.\requests[2]' from process `$paramod$1df03c04492ea0925f5048f523097fc91a65437a\anoc_rv_router_buffered.$proc$rtl/router/anoc_rv_router_buffered.sv:119$725'.
No latch inferred for signal `$paramod$1df03c04492ea0925f5048f523097fc91a65437a\anoc_rv_router_buffered.\requests[3]' from process `$paramod$1df03c04492ea0925f5048f523097fc91a65437a\anoc_rv_router_buffered.$proc$rtl/router/anoc_rv_router_buffered.sv:119$725'.
No latch inferred for signal `$paramod$1df03c04492ea0925f5048f523097fc91a65437a\anoc_rv_router_buffered.\requests[4]' from process `$paramod$1df03c04492ea0925f5048f523097fc91a65437a\anoc_rv_router_buffered.$proc$rtl/router/anoc_rv_router_buffered.sv:119$725'.
No latch inferred for signal `$paramod$1df03c04492ea0925f5048f523097fc91a65437a\anoc_rv_router_buffered.\i' from process `$paramod$1df03c04492ea0925f5048f523097fc91a65437a\anoc_rv_router_buffered.$proc$rtl/router/anoc_rv_router_buffered.sv:101$704'.
No latch inferred for signal `$paramod$1df03c04492ea0925f5048f523097fc91a65437a\anoc_rv_router_buffered.\route[0]' from process `$paramod$1df03c04492ea0925f5048f523097fc91a65437a\anoc_rv_router_buffered.$proc$rtl/router/anoc_rv_router_buffered.sv:101$704'.
No latch inferred for signal `$paramod$1df03c04492ea0925f5048f523097fc91a65437a\anoc_rv_router_buffered.\route[1]' from process `$paramod$1df03c04492ea0925f5048f523097fc91a65437a\anoc_rv_router_buffered.$proc$rtl/router/anoc_rv_router_buffered.sv:101$704'.
No latch inferred for signal `$paramod$1df03c04492ea0925f5048f523097fc91a65437a\anoc_rv_router_buffered.\route[2]' from process `$paramod$1df03c04492ea0925f5048f523097fc91a65437a\anoc_rv_router_buffered.$proc$rtl/router/anoc_rv_router_buffered.sv:101$704'.
No latch inferred for signal `$paramod$1df03c04492ea0925f5048f523097fc91a65437a\anoc_rv_router_buffered.\route[3]' from process `$paramod$1df03c04492ea0925f5048f523097fc91a65437a\anoc_rv_router_buffered.$proc$rtl/router/anoc_rv_router_buffered.sv:101$704'.
No latch inferred for signal `$paramod$1df03c04492ea0925f5048f523097fc91a65437a\anoc_rv_router_buffered.\route[4]' from process `$paramod$1df03c04492ea0925f5048f523097fc91a65437a\anoc_rv_router_buffered.$proc$rtl/router/anoc_rv_router_buffered.sv:101$704'.
No latch inferred for signal `$paramod$1df03c04492ea0925f5048f523097fc91a65437a\anoc_rv_router_buffered.\i' from process `$paramod$1df03c04492ea0925f5048f523097fc91a65437a\anoc_rv_router_buffered.$proc$rtl/router/anoc_rv_router_buffered.sv:64$641'.
No latch inferred for signal `$paramod$1df03c04492ea0925f5048f523097fc91a65437a\anoc_rv_router_buffered.\ready_in' from process `$paramod$1df03c04492ea0925f5048f523097fc91a65437a\anoc_rv_router_buffered.$proc$rtl/router/anoc_rv_router_buffered.sv:64$641'.
No latch inferred for signal `$paramod$1df03c04492ea0925f5048f523097fc91a65437a\anoc_rv_router_buffered.\i' from process `$paramod$1df03c04492ea0925f5048f523097fc91a65437a\anoc_rv_router_buffered.$proc$rtl/router/anoc_rv_router_buffered.sv:48$640'.
No latch inferred for signal `$paramod$1df03c04492ea0925f5048f523097fc91a65437a\anoc_rv_router_buffered.\data_in_vec[0]' from process `$paramod$1df03c04492ea0925f5048f523097fc91a65437a\anoc_rv_router_buffered.$proc$rtl/router/anoc_rv_router_buffered.sv:48$640'.
No latch inferred for signal `$paramod$1df03c04492ea0925f5048f523097fc91a65437a\anoc_rv_router_buffered.\data_in_vec[1]' from process `$paramod$1df03c04492ea0925f5048f523097fc91a65437a\anoc_rv_router_buffered.$proc$rtl/router/anoc_rv_router_buffered.sv:48$640'.
No latch inferred for signal `$paramod$1df03c04492ea0925f5048f523097fc91a65437a\anoc_rv_router_buffered.\data_in_vec[2]' from process `$paramod$1df03c04492ea0925f5048f523097fc91a65437a\anoc_rv_router_buffered.$proc$rtl/router/anoc_rv_router_buffered.sv:48$640'.
No latch inferred for signal `$paramod$1df03c04492ea0925f5048f523097fc91a65437a\anoc_rv_router_buffered.\data_in_vec[3]' from process `$paramod$1df03c04492ea0925f5048f523097fc91a65437a\anoc_rv_router_buffered.$proc$rtl/router/anoc_rv_router_buffered.sv:48$640'.
No latch inferred for signal `$paramod$1df03c04492ea0925f5048f523097fc91a65437a\anoc_rv_router_buffered.\data_in_vec[4]' from process `$paramod$1df03c04492ea0925f5048f523097fc91a65437a\anoc_rv_router_buffered.$proc$rtl/router/anoc_rv_router_buffered.sv:48$640'.
No latch inferred for signal `$paramod$1df03c04492ea0925f5048f523097fc91a65437a\anoc_rv_router_buffered.\dest_x_vec[0]' from process `$paramod$1df03c04492ea0925f5048f523097fc91a65437a\anoc_rv_router_buffered.$proc$rtl/router/anoc_rv_router_buffered.sv:48$640'.
No latch inferred for signal `$paramod$1df03c04492ea0925f5048f523097fc91a65437a\anoc_rv_router_buffered.\dest_x_vec[1]' from process `$paramod$1df03c04492ea0925f5048f523097fc91a65437a\anoc_rv_router_buffered.$proc$rtl/router/anoc_rv_router_buffered.sv:48$640'.
No latch inferred for signal `$paramod$1df03c04492ea0925f5048f523097fc91a65437a\anoc_rv_router_buffered.\dest_x_vec[2]' from process `$paramod$1df03c04492ea0925f5048f523097fc91a65437a\anoc_rv_router_buffered.$proc$rtl/router/anoc_rv_router_buffered.sv:48$640'.
No latch inferred for signal `$paramod$1df03c04492ea0925f5048f523097fc91a65437a\anoc_rv_router_buffered.\dest_x_vec[3]' from process `$paramod$1df03c04492ea0925f5048f523097fc91a65437a\anoc_rv_router_buffered.$proc$rtl/router/anoc_rv_router_buffered.sv:48$640'.
No latch inferred for signal `$paramod$1df03c04492ea0925f5048f523097fc91a65437a\anoc_rv_router_buffered.\dest_x_vec[4]' from process `$paramod$1df03c04492ea0925f5048f523097fc91a65437a\anoc_rv_router_buffered.$proc$rtl/router/anoc_rv_router_buffered.sv:48$640'.
No latch inferred for signal `$paramod$1df03c04492ea0925f5048f523097fc91a65437a\anoc_rv_router_buffered.\dest_y_vec[0]' from process `$paramod$1df03c04492ea0925f5048f523097fc91a65437a\anoc_rv_router_buffered.$proc$rtl/router/anoc_rv_router_buffered.sv:48$640'.
No latch inferred for signal `$paramod$1df03c04492ea0925f5048f523097fc91a65437a\anoc_rv_router_buffered.\dest_y_vec[1]' from process `$paramod$1df03c04492ea0925f5048f523097fc91a65437a\anoc_rv_router_buffered.$proc$rtl/router/anoc_rv_router_buffered.sv:48$640'.
No latch inferred for signal `$paramod$1df03c04492ea0925f5048f523097fc91a65437a\anoc_rv_router_buffered.\dest_y_vec[2]' from process `$paramod$1df03c04492ea0925f5048f523097fc91a65437a\anoc_rv_router_buffered.$proc$rtl/router/anoc_rv_router_buffered.sv:48$640'.
No latch inferred for signal `$paramod$1df03c04492ea0925f5048f523097fc91a65437a\anoc_rv_router_buffered.\dest_y_vec[3]' from process `$paramod$1df03c04492ea0925f5048f523097fc91a65437a\anoc_rv_router_buffered.$proc$rtl/router/anoc_rv_router_buffered.sv:48$640'.
No latch inferred for signal `$paramod$1df03c04492ea0925f5048f523097fc91a65437a\anoc_rv_router_buffered.\dest_y_vec[4]' from process `$paramod$1df03c04492ea0925f5048f523097fc91a65437a\anoc_rv_router_buffered.$proc$rtl/router/anoc_rv_router_buffered.sv:48$640'.
No latch inferred for signal `\rv128i_anoc_soc_top.\imem_rdata' from process `\rv128i_anoc_soc_top.$proc$rtl/riscv/rv128i_anoc_soc_top.sv:24$629'.
No latch inferred for signal `\rv128i_anoc_mesh_top.\mesh_data_in' from process `\rv128i_anoc_mesh_top.$proc$rtl/riscv/rv128i_anoc_mesh_top.sv:92$627'.
No latch inferred for signal `\rv128i_anoc_mesh_top.\mesh_dest_x' from process `\rv128i_anoc_mesh_top.$proc$rtl/riscv/rv128i_anoc_mesh_top.sv:92$627'.
No latch inferred for signal `\rv128i_anoc_mesh_top.\mesh_dest_y' from process `\rv128i_anoc_mesh_top.$proc$rtl/riscv/rv128i_anoc_mesh_top.sv:92$627'.
No latch inferred for signal `\rv128i_anoc_mesh_top.\mesh_valid_in' from process `\rv128i_anoc_mesh_top.$proc$rtl/riscv/rv128i_anoc_mesh_top.sv:92$627'.
No latch inferred for signal `\rv128i_anoc_mesh_top.\cpu_ready_out' from process `\rv128i_anoc_mesh_top.$proc$rtl/riscv/rv128i_anoc_mesh_top.sv:92$627'.
No latch inferred for signal `\rv128i_anoc_mesh_top.\mem_ready_out' from process `\rv128i_anoc_mesh_top.$proc$rtl/riscv/rv128i_anoc_mesh_top.sv:92$627'.
No latch inferred for signal `\rv128i_anoc_memory.\resp_flit_out' from process `\rv128i_anoc_memory.$proc$rtl/riscv/rv128i_anoc_memory.sv:55$593'.
No latch inferred for signal `\rv128i_anoc_memory.\resp_valid_out' from process `\rv128i_anoc_memory.$proc$rtl/riscv/rv128i_anoc_memory.sv:55$593'.
No latch inferred for signal `\rv128i_noc_packetizer.\req_ready' from process `\rv128i_noc_packetizer.$proc$rtl/riscv/rv128i_noc_packetizer.sv:44$582'.
No latch inferred for signal `\rv128i_noc_packetizer.\flit_out' from process `\rv128i_noc_packetizer.$proc$rtl/riscv/rv128i_noc_packetizer.sv:44$582'.
No latch inferred for signal `\rv128i_noc_packetizer.\flit_valid' from process `\rv128i_noc_packetizer.$proc$rtl/riscv/rv128i_noc_packetizer.sv:44$582'.
No latch inferred for signal `\rv128i_cpu.\branch_taken' from process `\rv128i_cpu.$proc$rtl/riscv/rv128i_cpu.sv:203$571'.
No latch inferred for signal `\rv128i_cpu.\branch_target' from process `\rv128i_cpu.$proc$rtl/riscv/rv128i_cpu.sv:203$571'.
No latch inferred for signal `\rv128i_cpu.\writeback_data' from process `\rv128i_cpu.$proc$rtl/riscv/rv128i_cpu.sv:184$563'.
No latch inferred for signal `\rv128i_cpu.\dmem_valid' from process `\rv128i_cpu.$proc$rtl/riscv/rv128i_cpu.sv:167$559'.
No latch inferred for signal `\rv128i_cpu.\dmem_we' from process `\rv128i_cpu.$proc$rtl/riscv/rv128i_cpu.sv:167$559'.
No latch inferred for signal `\rv128i_cpu.\dmem_addr' from process `\rv128i_cpu.$proc$rtl/riscv/rv128i_cpu.sv:167$559'.
No latch inferred for signal `\rv128i_cpu.\dmem_wdata' from process `\rv128i_cpu.$proc$rtl/riscv/rv128i_cpu.sv:167$559'.
No latch inferred for signal `\rv128i_cpu.\alu_a' from process `\rv128i_cpu.$proc$rtl/riscv/rv128i_cpu.sv:138$555'.
No latch inferred for signal `\rv128i_cpu.\alu_b' from process `\rv128i_cpu.$proc$rtl/riscv/rv128i_cpu.sv:138$555'.
No latch inferred for signal `\rv128i_cpu.\imm_i' from process `\rv128i_cpu.$proc$rtl/riscv/rv128i_cpu.sv:106$554'.
No latch inferred for signal `\rv128i_cpu.\imm_s' from process `\rv128i_cpu.$proc$rtl/riscv/rv128i_cpu.sv:106$554'.
No latch inferred for signal `\rv128i_cpu.\imm_b' from process `\rv128i_cpu.$proc$rtl/riscv/rv128i_cpu.sv:106$554'.
No latch inferred for signal `\rv128i_cpu.\imm_u' from process `\rv128i_cpu.$proc$rtl/riscv/rv128i_cpu.sv:106$554'.
No latch inferred for signal `\rv128i_cpu.\imm_j' from process `\rv128i_cpu.$proc$rtl/riscv/rv128i_cpu.sv:106$554'.
No latch inferred for signal `$paramod$1379ebc503884398bf7573fe163f469993175ed7\anoc_rv_mesh.\data_out [2047:1920]' from process `$paramod$1379ebc503884398bf7573fe163f469993175ed7\anoc_rv_mesh.$proc$rtl/noc/anoc_rv_mesh.sv:64$814'.
No latch inferred for signal `$paramod$1379ebc503884398bf7573fe163f469993175ed7\anoc_rv_mesh.\valid_out [15]' from process `$paramod$1379ebc503884398bf7573fe163f469993175ed7\anoc_rv_mesh.$proc$rtl/noc/anoc_rv_mesh.sv:64$814'.
No latch inferred for signal `$paramod$1379ebc503884398bf7573fe163f469993175ed7\anoc_rv_mesh.\ready_in [15]' from process `$paramod$1379ebc503884398bf7573fe163f469993175ed7\anoc_rv_mesh.$proc$rtl/noc/anoc_rv_mesh.sv:64$814'.
No latch inferred for signal `$paramod$1379ebc503884398bf7573fe163f469993175ed7\anoc_rv_mesh.\ROW[3].COL[3].din_flat' from process `$paramod$1379ebc503884398bf7573fe163f469993175ed7\anoc_rv_mesh.$proc$rtl/noc/anoc_rv_mesh.sv:64$814'.
No latch inferred for signal `$paramod$1379ebc503884398bf7573fe163f469993175ed7\anoc_rv_mesh.\ROW[3].COL[3].dxin_flat' from process `$paramod$1379ebc503884398bf7573fe163f469993175ed7\anoc_rv_mesh.$proc$rtl/noc/anoc_rv_mesh.sv:64$814'.
No latch inferred for signal `$paramod$1379ebc503884398bf7573fe163f469993175ed7\anoc_rv_mesh.\ROW[3].COL[3].dyin_flat' from process `$paramod$1379ebc503884398bf7573fe163f469993175ed7\anoc_rv_mesh.$proc$rtl/noc/anoc_rv_mesh.sv:64$814'.
No latch inferred for signal `$paramod$1379ebc503884398bf7573fe163f469993175ed7\anoc_rv_mesh.\ROW[3].COL[3].vin_flat' from process `$paramod$1379ebc503884398bf7573fe163f469993175ed7\anoc_rv_mesh.$proc$rtl/noc/anoc_rv_mesh.sv:64$814'.
No latch inferred for signal `$paramod$1379ebc503884398bf7573fe163f469993175ed7\anoc_rv_mesh.\ROW[3].COL[3].rout_flat' from process `$paramod$1379ebc503884398bf7573fe163f469993175ed7\anoc_rv_mesh.$proc$rtl/noc/anoc_rv_mesh.sv:64$814'.
No latch inferred for signal `$paramod$1379ebc503884398bf7573fe163f469993175ed7\anoc_rv_mesh.\data_out [1919:1792]' from process `$paramod$1379ebc503884398bf7573fe163f469993175ed7\anoc_rv_mesh.$proc$rtl/noc/anoc_rv_mesh.sv:64$813'.
No latch inferred for signal `$paramod$1379ebc503884398bf7573fe163f469993175ed7\anoc_rv_mesh.\valid_out [14]' from process `$paramod$1379ebc503884398bf7573fe163f469993175ed7\anoc_rv_mesh.$proc$rtl/noc/anoc_rv_mesh.sv:64$813'.
No latch inferred for signal `$paramod$1379ebc503884398bf7573fe163f469993175ed7\anoc_rv_mesh.\ready_in [14]' from process `$paramod$1379ebc503884398bf7573fe163f469993175ed7\anoc_rv_mesh.$proc$rtl/noc/anoc_rv_mesh.sv:64$813'.
No latch inferred for signal `$paramod$1379ebc503884398bf7573fe163f469993175ed7\anoc_rv_mesh.\ROW[3].COL[2].din_flat' from process `$paramod$1379ebc503884398bf7573fe163f469993175ed7\anoc_rv_mesh.$proc$rtl/noc/anoc_rv_mesh.sv:64$813'.
No latch inferred for signal `$paramod$1379ebc503884398bf7573fe163f469993175ed7\anoc_rv_mesh.\ROW[3].COL[2].dxin_flat' from process `$paramod$1379ebc503884398bf7573fe163f469993175ed7\anoc_rv_mesh.$proc$rtl/noc/anoc_rv_mesh.sv:64$813'.
No latch inferred for signal `$paramod$1379ebc503884398bf7573fe163f469993175ed7\anoc_rv_mesh.\ROW[3].COL[2].dyin_flat' from process `$paramod$1379ebc503884398bf7573fe163f469993175ed7\anoc_rv_mesh.$proc$rtl/noc/anoc_rv_mesh.sv:64$813'.
No latch inferred for signal `$paramod$1379ebc503884398bf7573fe163f469993175ed7\anoc_rv_mesh.\ROW[3].COL[2].vin_flat' from process `$paramod$1379ebc503884398bf7573fe163f469993175ed7\anoc_rv_mesh.$proc$rtl/noc/anoc_rv_mesh.sv:64$813'.
No latch inferred for signal `$paramod$1379ebc503884398bf7573fe163f469993175ed7\anoc_rv_mesh.\ROW[3].COL[2].rout_flat' from process `$paramod$1379ebc503884398bf7573fe163f469993175ed7\anoc_rv_mesh.$proc$rtl/noc/anoc_rv_mesh.sv:64$813'.
No latch inferred for signal `$paramod$1379ebc503884398bf7573fe163f469993175ed7\anoc_rv_mesh.\data_out [1791:1664]' from process `$paramod$1379ebc503884398bf7573fe163f469993175ed7\anoc_rv_mesh.$proc$rtl/noc/anoc_rv_mesh.sv:64$812'.
No latch inferred for signal `$paramod$1379ebc503884398bf7573fe163f469993175ed7\anoc_rv_mesh.\valid_out [13]' from process `$paramod$1379ebc503884398bf7573fe163f469993175ed7\anoc_rv_mesh.$proc$rtl/noc/anoc_rv_mesh.sv:64$812'.
No latch inferred for signal `$paramod$1379ebc503884398bf7573fe163f469993175ed7\anoc_rv_mesh.\ready_in [13]' from process `$paramod$1379ebc503884398bf7573fe163f469993175ed7\anoc_rv_mesh.$proc$rtl/noc/anoc_rv_mesh.sv:64$812'.
No latch inferred for signal `$paramod$1379ebc503884398bf7573fe163f469993175ed7\anoc_rv_mesh.\ROW[3].COL[1].din_flat' from process `$paramod$1379ebc503884398bf7573fe163f469993175ed7\anoc_rv_mesh.$proc$rtl/noc/anoc_rv_mesh.sv:64$812'.
No latch inferred for signal `$paramod$1379ebc503884398bf7573fe163f469993175ed7\anoc_rv_mesh.\ROW[3].COL[1].dxin_flat' from process `$paramod$1379ebc503884398bf7573fe163f469993175ed7\anoc_rv_mesh.$proc$rtl/noc/anoc_rv_mesh.sv:64$812'.
No latch inferred for signal `$paramod$1379ebc503884398bf7573fe163f469993175ed7\anoc_rv_mesh.\ROW[3].COL[1].dyin_flat' from process `$paramod$1379ebc503884398bf7573fe163f469993175ed7\anoc_rv_mesh.$proc$rtl/noc/anoc_rv_mesh.sv:64$812'.
No latch inferred for signal `$paramod$1379ebc503884398bf7573fe163f469993175ed7\anoc_rv_mesh.\ROW[3].COL[1].vin_flat' from process `$paramod$1379ebc503884398bf7573fe163f469993175ed7\anoc_rv_mesh.$proc$rtl/noc/anoc_rv_mesh.sv:64$812'.
No latch inferred for signal `$paramod$1379ebc503884398bf7573fe163f469993175ed7\anoc_rv_mesh.\ROW[3].COL[1].rout_flat' from process `$paramod$1379ebc503884398bf7573fe163f469993175ed7\anoc_rv_mesh.$proc$rtl/noc/anoc_rv_mesh.sv:64$812'.
No latch inferred for signal `$paramod$1379ebc503884398bf7573fe163f469993175ed7\anoc_rv_mesh.\data_out [1663:1536]' from process `$paramod$1379ebc503884398bf7573fe163f469993175ed7\anoc_rv_mesh.$proc$rtl/noc/anoc_rv_mesh.sv:64$811'.
No latch inferred for signal `$paramod$1379ebc503884398bf7573fe163f469993175ed7\anoc_rv_mesh.\valid_out [12]' from process `$paramod$1379ebc503884398bf7573fe163f469993175ed7\anoc_rv_mesh.$proc$rtl/noc/anoc_rv_mesh.sv:64$811'.
No latch inferred for signal `$paramod$1379ebc503884398bf7573fe163f469993175ed7\anoc_rv_mesh.\ready_in [12]' from process `$paramod$1379ebc503884398bf7573fe163f469993175ed7\anoc_rv_mesh.$proc$rtl/noc/anoc_rv_mesh.sv:64$811'.
No latch inferred for signal `$paramod$1379ebc503884398bf7573fe163f469993175ed7\anoc_rv_mesh.\ROW[3].COL[0].din_flat' from process `$paramod$1379ebc503884398bf7573fe163f469993175ed7\anoc_rv_mesh.$proc$rtl/noc/anoc_rv_mesh.sv:64$811'.
No latch inferred for signal `$paramod$1379ebc503884398bf7573fe163f469993175ed7\anoc_rv_mesh.\ROW[3].COL[0].dxin_flat' from process `$paramod$1379ebc503884398bf7573fe163f469993175ed7\anoc_rv_mesh.$proc$rtl/noc/anoc_rv_mesh.sv:64$811'.
No latch inferred for signal `$paramod$1379ebc503884398bf7573fe163f469993175ed7\anoc_rv_mesh.\ROW[3].COL[0].dyin_flat' from process `$paramod$1379ebc503884398bf7573fe163f469993175ed7\anoc_rv_mesh.$proc$rtl/noc/anoc_rv_mesh.sv:64$811'.
No latch inferred for signal `$paramod$1379ebc503884398bf7573fe163f469993175ed7\anoc_rv_mesh.\ROW[3].COL[0].vin_flat' from process `$paramod$1379ebc503884398bf7573fe163f469993175ed7\anoc_rv_mesh.$proc$rtl/noc/anoc_rv_mesh.sv:64$811'.
No latch inferred for signal `$paramod$1379ebc503884398bf7573fe163f469993175ed7\anoc_rv_mesh.\ROW[3].COL[0].rout_flat' from process `$paramod$1379ebc503884398bf7573fe163f469993175ed7\anoc_rv_mesh.$proc$rtl/noc/anoc_rv_mesh.sv:64$811'.
No latch inferred for signal `$paramod$1379ebc503884398bf7573fe163f469993175ed7\anoc_rv_mesh.\data_out [1535:1408]' from process `$paramod$1379ebc503884398bf7573fe163f469993175ed7\anoc_rv_mesh.$proc$rtl/noc/anoc_rv_mesh.sv:64$810'.
No latch inferred for signal `$paramod$1379ebc503884398bf7573fe163f469993175ed7\anoc_rv_mesh.\valid_out [11]' from process `$paramod$1379ebc503884398bf7573fe163f469993175ed7\anoc_rv_mesh.$proc$rtl/noc/anoc_rv_mesh.sv:64$810'.
No latch inferred for signal `$paramod$1379ebc503884398bf7573fe163f469993175ed7\anoc_rv_mesh.\ready_in [11]' from process `$paramod$1379ebc503884398bf7573fe163f469993175ed7\anoc_rv_mesh.$proc$rtl/noc/anoc_rv_mesh.sv:64$810'.
No latch inferred for signal `$paramod$1379ebc503884398bf7573fe163f469993175ed7\anoc_rv_mesh.\ROW[2].COL[3].din_flat' from process `$paramod$1379ebc503884398bf7573fe163f469993175ed7\anoc_rv_mesh.$proc$rtl/noc/anoc_rv_mesh.sv:64$810'.
No latch inferred for signal `$paramod$1379ebc503884398bf7573fe163f469993175ed7\anoc_rv_mesh.\ROW[2].COL[3].dxin_flat' from process `$paramod$1379ebc503884398bf7573fe163f469993175ed7\anoc_rv_mesh.$proc$rtl/noc/anoc_rv_mesh.sv:64$810'.
No latch inferred for signal `$paramod$1379ebc503884398bf7573fe163f469993175ed7\anoc_rv_mesh.\ROW[2].COL[3].dyin_flat' from process `$paramod$1379ebc503884398bf7573fe163f469993175ed7\anoc_rv_mesh.$proc$rtl/noc/anoc_rv_mesh.sv:64$810'.
No latch inferred for signal `$paramod$1379ebc503884398bf7573fe163f469993175ed7\anoc_rv_mesh.\ROW[2].COL[3].vin_flat' from process `$paramod$1379ebc503884398bf7573fe163f469993175ed7\anoc_rv_mesh.$proc$rtl/noc/anoc_rv_mesh.sv:64$810'.
No latch inferred for signal `$paramod$1379ebc503884398bf7573fe163f469993175ed7\anoc_rv_mesh.\ROW[2].COL[3].rout_flat' from process `$paramod$1379ebc503884398bf7573fe163f469993175ed7\anoc_rv_mesh.$proc$rtl/noc/anoc_rv_mesh.sv:64$810'.
No latch inferred for signal `$paramod$1379ebc503884398bf7573fe163f469993175ed7\anoc_rv_mesh.\data_out [1407:1280]' from process `$paramod$1379ebc503884398bf7573fe163f469993175ed7\anoc_rv_mesh.$proc$rtl/noc/anoc_rv_mesh.sv:64$809'.
No latch inferred for signal `$paramod$1379ebc503884398bf7573fe163f469993175ed7\anoc_rv_mesh.\valid_out [10]' from process `$paramod$1379ebc503884398bf7573fe163f469993175ed7\anoc_rv_mesh.$proc$rtl/noc/anoc_rv_mesh.sv:64$809'.
No latch inferred for signal `$paramod$1379ebc503884398bf7573fe163f469993175ed7\anoc_rv_mesh.\ready_in [10]' from process `$paramod$1379ebc503884398bf7573fe163f469993175ed7\anoc_rv_mesh.$proc$rtl/noc/anoc_rv_mesh.sv:64$809'.
No latch inferred for signal `$paramod$1379ebc503884398bf7573fe163f469993175ed7\anoc_rv_mesh.\ROW[2].COL[2].din_flat' from process `$paramod$1379ebc503884398bf7573fe163f469993175ed7\anoc_rv_mesh.$proc$rtl/noc/anoc_rv_mesh.sv:64$809'.
No latch inferred for signal `$paramod$1379ebc503884398bf7573fe163f469993175ed7\anoc_rv_mesh.\ROW[2].COL[2].dxin_flat' from process `$paramod$1379ebc503884398bf7573fe163f469993175ed7\anoc_rv_mesh.$proc$rtl/noc/anoc_rv_mesh.sv:64$809'.
No latch inferred for signal `$paramod$1379ebc503884398bf7573fe163f469993175ed7\anoc_rv_mesh.\ROW[2].COL[2].dyin_flat' from process `$paramod$1379ebc503884398bf7573fe163f469993175ed7\anoc_rv_mesh.$proc$rtl/noc/anoc_rv_mesh.sv:64$809'.
No latch inferred for signal `$paramod$1379ebc503884398bf7573fe163f469993175ed7\anoc_rv_mesh.\ROW[2].COL[2].vin_flat' from process `$paramod$1379ebc503884398bf7573fe163f469993175ed7\anoc_rv_mesh.$proc$rtl/noc/anoc_rv_mesh.sv:64$809'.
No latch inferred for signal `$paramod$1379ebc503884398bf7573fe163f469993175ed7\anoc_rv_mesh.\ROW[2].COL[2].rout_flat' from process `$paramod$1379ebc503884398bf7573fe163f469993175ed7\anoc_rv_mesh.$proc$rtl/noc/anoc_rv_mesh.sv:64$809'.
No latch inferred for signal `$paramod$1379ebc503884398bf7573fe163f469993175ed7\anoc_rv_mesh.\data_out [1279:1152]' from process `$paramod$1379ebc503884398bf7573fe163f469993175ed7\anoc_rv_mesh.$proc$rtl/noc/anoc_rv_mesh.sv:64$808'.
No latch inferred for signal `$paramod$1379ebc503884398bf7573fe163f469993175ed7\anoc_rv_mesh.\valid_out [9]' from process `$paramod$1379ebc503884398bf7573fe163f469993175ed7\anoc_rv_mesh.$proc$rtl/noc/anoc_rv_mesh.sv:64$808'.
No latch inferred for signal `$paramod$1379ebc503884398bf7573fe163f469993175ed7\anoc_rv_mesh.\ready_in [9]' from process `$paramod$1379ebc503884398bf7573fe163f469993175ed7\anoc_rv_mesh.$proc$rtl/noc/anoc_rv_mesh.sv:64$808'.
No latch inferred for signal `$paramod$1379ebc503884398bf7573fe163f469993175ed7\anoc_rv_mesh.\ROW[2].COL[1].din_flat' from process `$paramod$1379ebc503884398bf7573fe163f469993175ed7\anoc_rv_mesh.$proc$rtl/noc/anoc_rv_mesh.sv:64$808'.
No latch inferred for signal `$paramod$1379ebc503884398bf7573fe163f469993175ed7\anoc_rv_mesh.\ROW[2].COL[1].dxin_flat' from process `$paramod$1379ebc503884398bf7573fe163f469993175ed7\anoc_rv_mesh.$proc$rtl/noc/anoc_rv_mesh.sv:64$808'.
No latch inferred for signal `$paramod$1379ebc503884398bf7573fe163f469993175ed7\anoc_rv_mesh.\ROW[2].COL[1].dyin_flat' from process `$paramod$1379ebc503884398bf7573fe163f469993175ed7\anoc_rv_mesh.$proc$rtl/noc/anoc_rv_mesh.sv:64$808'.
No latch inferred for signal `$paramod$1379ebc503884398bf7573fe163f469993175ed7\anoc_rv_mesh.\ROW[2].COL[1].vin_flat' from process `$paramod$1379ebc503884398bf7573fe163f469993175ed7\anoc_rv_mesh.$proc$rtl/noc/anoc_rv_mesh.sv:64$808'.
No latch inferred for signal `$paramod$1379ebc503884398bf7573fe163f469993175ed7\anoc_rv_mesh.\ROW[2].COL[1].rout_flat' from process `$paramod$1379ebc503884398bf7573fe163f469993175ed7\anoc_rv_mesh.$proc$rtl/noc/anoc_rv_mesh.sv:64$808'.
No latch inferred for signal `$paramod$1379ebc503884398bf7573fe163f469993175ed7\anoc_rv_mesh.\data_out [1151:1024]' from process `$paramod$1379ebc503884398bf7573fe163f469993175ed7\anoc_rv_mesh.$proc$rtl/noc/anoc_rv_mesh.sv:64$807'.
No latch inferred for signal `$paramod$1379ebc503884398bf7573fe163f469993175ed7\anoc_rv_mesh.\valid_out [8]' from process `$paramod$1379ebc503884398bf7573fe163f469993175ed7\anoc_rv_mesh.$proc$rtl/noc/anoc_rv_mesh.sv:64$807'.
No latch inferred for signal `$paramod$1379ebc503884398bf7573fe163f469993175ed7\anoc_rv_mesh.\ready_in [8]' from process `$paramod$1379ebc503884398bf7573fe163f469993175ed7\anoc_rv_mesh.$proc$rtl/noc/anoc_rv_mesh.sv:64$807'.
No latch inferred for signal `$paramod$1379ebc503884398bf7573fe163f469993175ed7\anoc_rv_mesh.\ROW[2].COL[0].din_flat' from process `$paramod$1379ebc503884398bf7573fe163f469993175ed7\anoc_rv_mesh.$proc$rtl/noc/anoc_rv_mesh.sv:64$807'.
No latch inferred for signal `$paramod$1379ebc503884398bf7573fe163f469993175ed7\anoc_rv_mesh.\ROW[2].COL[0].dxin_flat' from process `$paramod$1379ebc503884398bf7573fe163f469993175ed7\anoc_rv_mesh.$proc$rtl/noc/anoc_rv_mesh.sv:64$807'.
No latch inferred for signal `$paramod$1379ebc503884398bf7573fe163f469993175ed7\anoc_rv_mesh.\ROW[2].COL[0].dyin_flat' from process `$paramod$1379ebc503884398bf7573fe163f469993175ed7\anoc_rv_mesh.$proc$rtl/noc/anoc_rv_mesh.sv:64$807'.
No latch inferred for signal `$paramod$1379ebc503884398bf7573fe163f469993175ed7\anoc_rv_mesh.\ROW[2].COL[0].vin_flat' from process `$paramod$1379ebc503884398bf7573fe163f469993175ed7\anoc_rv_mesh.$proc$rtl/noc/anoc_rv_mesh.sv:64$807'.
No latch inferred for signal `$paramod$1379ebc503884398bf7573fe163f469993175ed7\anoc_rv_mesh.\ROW[2].COL[0].rout_flat' from process `$paramod$1379ebc503884398bf7573fe163f469993175ed7\anoc_rv_mesh.$proc$rtl/noc/anoc_rv_mesh.sv:64$807'.
No latch inferred for signal `$paramod$1379ebc503884398bf7573fe163f469993175ed7\anoc_rv_mesh.\data_out [1023:896]' from process `$paramod$1379ebc503884398bf7573fe163f469993175ed7\anoc_rv_mesh.$proc$rtl/noc/anoc_rv_mesh.sv:64$806'.
No latch inferred for signal `$paramod$1379ebc503884398bf7573fe163f469993175ed7\anoc_rv_mesh.\valid_out [7]' from process `$paramod$1379ebc503884398bf7573fe163f469993175ed7\anoc_rv_mesh.$proc$rtl/noc/anoc_rv_mesh.sv:64$806'.
No latch inferred for signal `$paramod$1379ebc503884398bf7573fe163f469993175ed7\anoc_rv_mesh.\ready_in [7]' from process `$paramod$1379ebc503884398bf7573fe163f469993175ed7\anoc_rv_mesh.$proc$rtl/noc/anoc_rv_mesh.sv:64$806'.
No latch inferred for signal `$paramod$1379ebc503884398bf7573fe163f469993175ed7\anoc_rv_mesh.\ROW[1].COL[3].din_flat' from process `$paramod$1379ebc503884398bf7573fe163f469993175ed7\anoc_rv_mesh.$proc$rtl/noc/anoc_rv_mesh.sv:64$806'.
No latch inferred for signal `$paramod$1379ebc503884398bf7573fe163f469993175ed7\anoc_rv_mesh.\ROW[1].COL[3].dxin_flat' from process `$paramod$1379ebc503884398bf7573fe163f469993175ed7\anoc_rv_mesh.$proc$rtl/noc/anoc_rv_mesh.sv:64$806'.
No latch inferred for signal `$paramod$1379ebc503884398bf7573fe163f469993175ed7\anoc_rv_mesh.\ROW[1].COL[3].dyin_flat' from process `$paramod$1379ebc503884398bf7573fe163f469993175ed7\anoc_rv_mesh.$proc$rtl/noc/anoc_rv_mesh.sv:64$806'.
No latch inferred for signal `$paramod$1379ebc503884398bf7573fe163f469993175ed7\anoc_rv_mesh.\ROW[1].COL[3].vin_flat' from process `$paramod$1379ebc503884398bf7573fe163f469993175ed7\anoc_rv_mesh.$proc$rtl/noc/anoc_rv_mesh.sv:64$806'.
No latch inferred for signal `$paramod$1379ebc503884398bf7573fe163f469993175ed7\anoc_rv_mesh.\ROW[1].COL[3].rout_flat' from process `$paramod$1379ebc503884398bf7573fe163f469993175ed7\anoc_rv_mesh.$proc$rtl/noc/anoc_rv_mesh.sv:64$806'.
No latch inferred for signal `$paramod$1379ebc503884398bf7573fe163f469993175ed7\anoc_rv_mesh.\data_out [895:768]' from process `$paramod$1379ebc503884398bf7573fe163f469993175ed7\anoc_rv_mesh.$proc$rtl/noc/anoc_rv_mesh.sv:64$805'.
No latch inferred for signal `$paramod$1379ebc503884398bf7573fe163f469993175ed7\anoc_rv_mesh.\valid_out [6]' from process `$paramod$1379ebc503884398bf7573fe163f469993175ed7\anoc_rv_mesh.$proc$rtl/noc/anoc_rv_mesh.sv:64$805'.
No latch inferred for signal `$paramod$1379ebc503884398bf7573fe163f469993175ed7\anoc_rv_mesh.\ready_in [6]' from process `$paramod$1379ebc503884398bf7573fe163f469993175ed7\anoc_rv_mesh.$proc$rtl/noc/anoc_rv_mesh.sv:64$805'.
No latch inferred for signal `$paramod$1379ebc503884398bf7573fe163f469993175ed7\anoc_rv_mesh.\ROW[1].COL[2].din_flat' from process `$paramod$1379ebc503884398bf7573fe163f469993175ed7\anoc_rv_mesh.$proc$rtl/noc/anoc_rv_mesh.sv:64$805'.
No latch inferred for signal `$paramod$1379ebc503884398bf7573fe163f469993175ed7\anoc_rv_mesh.\ROW[1].COL[2].dxin_flat' from process `$paramod$1379ebc503884398bf7573fe163f469993175ed7\anoc_rv_mesh.$proc$rtl/noc/anoc_rv_mesh.sv:64$805'.
No latch inferred for signal `$paramod$1379ebc503884398bf7573fe163f469993175ed7\anoc_rv_mesh.\ROW[1].COL[2].dyin_flat' from process `$paramod$1379ebc503884398bf7573fe163f469993175ed7\anoc_rv_mesh.$proc$rtl/noc/anoc_rv_mesh.sv:64$805'.
No latch inferred for signal `$paramod$1379ebc503884398bf7573fe163f469993175ed7\anoc_rv_mesh.\ROW[1].COL[2].vin_flat' from process `$paramod$1379ebc503884398bf7573fe163f469993175ed7\anoc_rv_mesh.$proc$rtl/noc/anoc_rv_mesh.sv:64$805'.
No latch inferred for signal `$paramod$1379ebc503884398bf7573fe163f469993175ed7\anoc_rv_mesh.\ROW[1].COL[2].rout_flat' from process `$paramod$1379ebc503884398bf7573fe163f469993175ed7\anoc_rv_mesh.$proc$rtl/noc/anoc_rv_mesh.sv:64$805'.
No latch inferred for signal `$paramod$1379ebc503884398bf7573fe163f469993175ed7\anoc_rv_mesh.\data_out [767:640]' from process `$paramod$1379ebc503884398bf7573fe163f469993175ed7\anoc_rv_mesh.$proc$rtl/noc/anoc_rv_mesh.sv:64$804'.
No latch inferred for signal `$paramod$1379ebc503884398bf7573fe163f469993175ed7\anoc_rv_mesh.\valid_out [5]' from process `$paramod$1379ebc503884398bf7573fe163f469993175ed7\anoc_rv_mesh.$proc$rtl/noc/anoc_rv_mesh.sv:64$804'.
No latch inferred for signal `$paramod$1379ebc503884398bf7573fe163f469993175ed7\anoc_rv_mesh.\ready_in [5]' from process `$paramod$1379ebc503884398bf7573fe163f469993175ed7\anoc_rv_mesh.$proc$rtl/noc/anoc_rv_mesh.sv:64$804'.
No latch inferred for signal `$paramod$1379ebc503884398bf7573fe163f469993175ed7\anoc_rv_mesh.\ROW[1].COL[1].din_flat' from process `$paramod$1379ebc503884398bf7573fe163f469993175ed7\anoc_rv_mesh.$proc$rtl/noc/anoc_rv_mesh.sv:64$804'.
No latch inferred for signal `$paramod$1379ebc503884398bf7573fe163f469993175ed7\anoc_rv_mesh.\ROW[1].COL[1].dxin_flat' from process `$paramod$1379ebc503884398bf7573fe163f469993175ed7\anoc_rv_mesh.$proc$rtl/noc/anoc_rv_mesh.sv:64$804'.
No latch inferred for signal `$paramod$1379ebc503884398bf7573fe163f469993175ed7\anoc_rv_mesh.\ROW[1].COL[1].dyin_flat' from process `$paramod$1379ebc503884398bf7573fe163f469993175ed7\anoc_rv_mesh.$proc$rtl/noc/anoc_rv_mesh.sv:64$804'.
No latch inferred for signal `$paramod$1379ebc503884398bf7573fe163f469993175ed7\anoc_rv_mesh.\ROW[1].COL[1].vin_flat' from process `$paramod$1379ebc503884398bf7573fe163f469993175ed7\anoc_rv_mesh.$proc$rtl/noc/anoc_rv_mesh.sv:64$804'.
No latch inferred for signal `$paramod$1379ebc503884398bf7573fe163f469993175ed7\anoc_rv_mesh.\ROW[1].COL[1].rout_flat' from process `$paramod$1379ebc503884398bf7573fe163f469993175ed7\anoc_rv_mesh.$proc$rtl/noc/anoc_rv_mesh.sv:64$804'.
No latch inferred for signal `$paramod$1379ebc503884398bf7573fe163f469993175ed7\anoc_rv_mesh.\data_out [639:512]' from process `$paramod$1379ebc503884398bf7573fe163f469993175ed7\anoc_rv_mesh.$proc$rtl/noc/anoc_rv_mesh.sv:64$803'.
No latch inferred for signal `$paramod$1379ebc503884398bf7573fe163f469993175ed7\anoc_rv_mesh.\valid_out [4]' from process `$paramod$1379ebc503884398bf7573fe163f469993175ed7\anoc_rv_mesh.$proc$rtl/noc/anoc_rv_mesh.sv:64$803'.
No latch inferred for signal `$paramod$1379ebc503884398bf7573fe163f469993175ed7\anoc_rv_mesh.\ready_in [4]' from process `$paramod$1379ebc503884398bf7573fe163f469993175ed7\anoc_rv_mesh.$proc$rtl/noc/anoc_rv_mesh.sv:64$803'.
No latch inferred for signal `$paramod$1379ebc503884398bf7573fe163f469993175ed7\anoc_rv_mesh.\ROW[1].COL[0].din_flat' from process `$paramod$1379ebc503884398bf7573fe163f469993175ed7\anoc_rv_mesh.$proc$rtl/noc/anoc_rv_mesh.sv:64$803'.
No latch inferred for signal `$paramod$1379ebc503884398bf7573fe163f469993175ed7\anoc_rv_mesh.\ROW[1].COL[0].dxin_flat' from process `$paramod$1379ebc503884398bf7573fe163f469993175ed7\anoc_rv_mesh.$proc$rtl/noc/anoc_rv_mesh.sv:64$803'.
No latch inferred for signal `$paramod$1379ebc503884398bf7573fe163f469993175ed7\anoc_rv_mesh.\ROW[1].COL[0].dyin_flat' from process `$paramod$1379ebc503884398bf7573fe163f469993175ed7\anoc_rv_mesh.$proc$rtl/noc/anoc_rv_mesh.sv:64$803'.
No latch inferred for signal `$paramod$1379ebc503884398bf7573fe163f469993175ed7\anoc_rv_mesh.\ROW[1].COL[0].vin_flat' from process `$paramod$1379ebc503884398bf7573fe163f469993175ed7\anoc_rv_mesh.$proc$rtl/noc/anoc_rv_mesh.sv:64$803'.
No latch inferred for signal `$paramod$1379ebc503884398bf7573fe163f469993175ed7\anoc_rv_mesh.\ROW[1].COL[0].rout_flat' from process `$paramod$1379ebc503884398bf7573fe163f469993175ed7\anoc_rv_mesh.$proc$rtl/noc/anoc_rv_mesh.sv:64$803'.
No latch inferred for signal `$paramod$1379ebc503884398bf7573fe163f469993175ed7\anoc_rv_mesh.\data_out [511:384]' from process `$paramod$1379ebc503884398bf7573fe163f469993175ed7\anoc_rv_mesh.$proc$rtl/noc/anoc_rv_mesh.sv:64$802'.
No latch inferred for signal `$paramod$1379ebc503884398bf7573fe163f469993175ed7\anoc_rv_mesh.\valid_out [3]' from process `$paramod$1379ebc503884398bf7573fe163f469993175ed7\anoc_rv_mesh.$proc$rtl/noc/anoc_rv_mesh.sv:64$802'.
No latch inferred for signal `$paramod$1379ebc503884398bf7573fe163f469993175ed7\anoc_rv_mesh.\ready_in [3]' from process `$paramod$1379ebc503884398bf7573fe163f469993175ed7\anoc_rv_mesh.$proc$rtl/noc/anoc_rv_mesh.sv:64$802'.
No latch inferred for signal `$paramod$1379ebc503884398bf7573fe163f469993175ed7\anoc_rv_mesh.\ROW[0].COL[3].din_flat' from process `$paramod$1379ebc503884398bf7573fe163f469993175ed7\anoc_rv_mesh.$proc$rtl/noc/anoc_rv_mesh.sv:64$802'.
No latch inferred for signal `$paramod$1379ebc503884398bf7573fe163f469993175ed7\anoc_rv_mesh.\ROW[0].COL[3].dxin_flat' from process `$paramod$1379ebc503884398bf7573fe163f469993175ed7\anoc_rv_mesh.$proc$rtl/noc/anoc_rv_mesh.sv:64$802'.
No latch inferred for signal `$paramod$1379ebc503884398bf7573fe163f469993175ed7\anoc_rv_mesh.\ROW[0].COL[3].dyin_flat' from process `$paramod$1379ebc503884398bf7573fe163f469993175ed7\anoc_rv_mesh.$proc$rtl/noc/anoc_rv_mesh.sv:64$802'.
No latch inferred for signal `$paramod$1379ebc503884398bf7573fe163f469993175ed7\anoc_rv_mesh.\ROW[0].COL[3].vin_flat' from process `$paramod$1379ebc503884398bf7573fe163f469993175ed7\anoc_rv_mesh.$proc$rtl/noc/anoc_rv_mesh.sv:64$802'.
No latch inferred for signal `$paramod$1379ebc503884398bf7573fe163f469993175ed7\anoc_rv_mesh.\ROW[0].COL[3].rout_flat' from process `$paramod$1379ebc503884398bf7573fe163f469993175ed7\anoc_rv_mesh.$proc$rtl/noc/anoc_rv_mesh.sv:64$802'.
No latch inferred for signal `$paramod$1379ebc503884398bf7573fe163f469993175ed7\anoc_rv_mesh.\data_out [383:256]' from process `$paramod$1379ebc503884398bf7573fe163f469993175ed7\anoc_rv_mesh.$proc$rtl/noc/anoc_rv_mesh.sv:64$801'.
No latch inferred for signal `$paramod$1379ebc503884398bf7573fe163f469993175ed7\anoc_rv_mesh.\valid_out [2]' from process `$paramod$1379ebc503884398bf7573fe163f469993175ed7\anoc_rv_mesh.$proc$rtl/noc/anoc_rv_mesh.sv:64$801'.
No latch inferred for signal `$paramod$1379ebc503884398bf7573fe163f469993175ed7\anoc_rv_mesh.\ready_in [2]' from process `$paramod$1379ebc503884398bf7573fe163f469993175ed7\anoc_rv_mesh.$proc$rtl/noc/anoc_rv_mesh.sv:64$801'.
No latch inferred for signal `$paramod$1379ebc503884398bf7573fe163f469993175ed7\anoc_rv_mesh.\ROW[0].COL[2].din_flat' from process `$paramod$1379ebc503884398bf7573fe163f469993175ed7\anoc_rv_mesh.$proc$rtl/noc/anoc_rv_mesh.sv:64$801'.
No latch inferred for signal `$paramod$1379ebc503884398bf7573fe163f469993175ed7\anoc_rv_mesh.\ROW[0].COL[2].dxin_flat' from process `$paramod$1379ebc503884398bf7573fe163f469993175ed7\anoc_rv_mesh.$proc$rtl/noc/anoc_rv_mesh.sv:64$801'.
No latch inferred for signal `$paramod$1379ebc503884398bf7573fe163f469993175ed7\anoc_rv_mesh.\ROW[0].COL[2].dyin_flat' from process `$paramod$1379ebc503884398bf7573fe163f469993175ed7\anoc_rv_mesh.$proc$rtl/noc/anoc_rv_mesh.sv:64$801'.
No latch inferred for signal `$paramod$1379ebc503884398bf7573fe163f469993175ed7\anoc_rv_mesh.\ROW[0].COL[2].vin_flat' from process `$paramod$1379ebc503884398bf7573fe163f469993175ed7\anoc_rv_mesh.$proc$rtl/noc/anoc_rv_mesh.sv:64$801'.
No latch inferred for signal `$paramod$1379ebc503884398bf7573fe163f469993175ed7\anoc_rv_mesh.\ROW[0].COL[2].rout_flat' from process `$paramod$1379ebc503884398bf7573fe163f469993175ed7\anoc_rv_mesh.$proc$rtl/noc/anoc_rv_mesh.sv:64$801'.
No latch inferred for signal `$paramod$1379ebc503884398bf7573fe163f469993175ed7\anoc_rv_mesh.\data_out [255:128]' from process `$paramod$1379ebc503884398bf7573fe163f469993175ed7\anoc_rv_mesh.$proc$rtl/noc/anoc_rv_mesh.sv:64$800'.
No latch inferred for signal `$paramod$1379ebc503884398bf7573fe163f469993175ed7\anoc_rv_mesh.\valid_out [1]' from process `$paramod$1379ebc503884398bf7573fe163f469993175ed7\anoc_rv_mesh.$proc$rtl/noc/anoc_rv_mesh.sv:64$800'.
No latch inferred for signal `$paramod$1379ebc503884398bf7573fe163f469993175ed7\anoc_rv_mesh.\ready_in [1]' from process `$paramod$1379ebc503884398bf7573fe163f469993175ed7\anoc_rv_mesh.$proc$rtl/noc/anoc_rv_mesh.sv:64$800'.
No latch inferred for signal `$paramod$1379ebc503884398bf7573fe163f469993175ed7\anoc_rv_mesh.\ROW[0].COL[1].din_flat' from process `$paramod$1379ebc503884398bf7573fe163f469993175ed7\anoc_rv_mesh.$proc$rtl/noc/anoc_rv_mesh.sv:64$800'.
No latch inferred for signal `$paramod$1379ebc503884398bf7573fe163f469993175ed7\anoc_rv_mesh.\ROW[0].COL[1].dxin_flat' from process `$paramod$1379ebc503884398bf7573fe163f469993175ed7\anoc_rv_mesh.$proc$rtl/noc/anoc_rv_mesh.sv:64$800'.
No latch inferred for signal `$paramod$1379ebc503884398bf7573fe163f469993175ed7\anoc_rv_mesh.\ROW[0].COL[1].dyin_flat' from process `$paramod$1379ebc503884398bf7573fe163f469993175ed7\anoc_rv_mesh.$proc$rtl/noc/anoc_rv_mesh.sv:64$800'.
No latch inferred for signal `$paramod$1379ebc503884398bf7573fe163f469993175ed7\anoc_rv_mesh.\ROW[0].COL[1].vin_flat' from process `$paramod$1379ebc503884398bf7573fe163f469993175ed7\anoc_rv_mesh.$proc$rtl/noc/anoc_rv_mesh.sv:64$800'.
No latch inferred for signal `$paramod$1379ebc503884398bf7573fe163f469993175ed7\anoc_rv_mesh.\ROW[0].COL[1].rout_flat' from process `$paramod$1379ebc503884398bf7573fe163f469993175ed7\anoc_rv_mesh.$proc$rtl/noc/anoc_rv_mesh.sv:64$800'.
No latch inferred for signal `$paramod$1379ebc503884398bf7573fe163f469993175ed7\anoc_rv_mesh.\data_out [127:0]' from process `$paramod$1379ebc503884398bf7573fe163f469993175ed7\anoc_rv_mesh.$proc$rtl/noc/anoc_rv_mesh.sv:64$799'.
No latch inferred for signal `$paramod$1379ebc503884398bf7573fe163f469993175ed7\anoc_rv_mesh.\valid_out [0]' from process `$paramod$1379ebc503884398bf7573fe163f469993175ed7\anoc_rv_mesh.$proc$rtl/noc/anoc_rv_mesh.sv:64$799'.
No latch inferred for signal `$paramod$1379ebc503884398bf7573fe163f469993175ed7\anoc_rv_mesh.\ready_in [0]' from process `$paramod$1379ebc503884398bf7573fe163f469993175ed7\anoc_rv_mesh.$proc$rtl/noc/anoc_rv_mesh.sv:64$799'.
No latch inferred for signal `$paramod$1379ebc503884398bf7573fe163f469993175ed7\anoc_rv_mesh.\ROW[0].COL[0].din_flat' from process `$paramod$1379ebc503884398bf7573fe163f469993175ed7\anoc_rv_mesh.$proc$rtl/noc/anoc_rv_mesh.sv:64$799'.
No latch inferred for signal `$paramod$1379ebc503884398bf7573fe163f469993175ed7\anoc_rv_mesh.\ROW[0].COL[0].dxin_flat' from process `$paramod$1379ebc503884398bf7573fe163f469993175ed7\anoc_rv_mesh.$proc$rtl/noc/anoc_rv_mesh.sv:64$799'.
No latch inferred for signal `$paramod$1379ebc503884398bf7573fe163f469993175ed7\anoc_rv_mesh.\ROW[0].COL[0].dyin_flat' from process `$paramod$1379ebc503884398bf7573fe163f469993175ed7\anoc_rv_mesh.$proc$rtl/noc/anoc_rv_mesh.sv:64$799'.
No latch inferred for signal `$paramod$1379ebc503884398bf7573fe163f469993175ed7\anoc_rv_mesh.\ROW[0].COL[0].vin_flat' from process `$paramod$1379ebc503884398bf7573fe163f469993175ed7\anoc_rv_mesh.$proc$rtl/noc/anoc_rv_mesh.sv:64$799'.
No latch inferred for signal `$paramod$1379ebc503884398bf7573fe163f469993175ed7\anoc_rv_mesh.\ROW[0].COL[0].rout_flat' from process `$paramod$1379ebc503884398bf7573fe163f469993175ed7\anoc_rv_mesh.$proc$rtl/noc/anoc_rv_mesh.sv:64$799'.

23.9. Executing PROC_DFF pass (convert process syncs to FFs).
Creating register for signal `\rv128i_regfile.\i' using process `\rv128i_regfile.$proc$rtl/riscv/rv128i_regfile.sv:24$531'.
  created $adff cell `$procdff$39512' with positive edge clock and positive level reset.
Creating register for signal `\rv128i_regfile.\regs[0]' using process `\rv128i_regfile.$proc$rtl/riscv/rv128i_regfile.sv:24$531'.
  created $adff cell `$procdff$39515' with positive edge clock and positive level reset.
Creating register for signal `\rv128i_regfile.\regs[1]' using process `\rv128i_regfile.$proc$rtl/riscv/rv128i_regfile.sv:24$531'.
  created $adff cell `$procdff$39518' with positive edge clock and positive level reset.
Creating register for signal `\rv128i_regfile.\regs[2]' using process `\rv128i_regfile.$proc$rtl/riscv/rv128i_regfile.sv:24$531'.
  created $adff cell `$procdff$39521' with positive edge clock and positive level reset.
Creating register for signal `\rv128i_regfile.\regs[3]' using process `\rv128i_regfile.$proc$rtl/riscv/rv128i_regfile.sv:24$531'.
  created $adff cell `$procdff$39524' with positive edge clock and positive level reset.
Creating register for signal `\rv128i_regfile.\regs[4]' using process `\rv128i_regfile.$proc$rtl/riscv/rv128i_regfile.sv:24$531'.
  created $adff cell `$procdff$39527' with positive edge clock and positive level reset.
Creating register for signal `\rv128i_regfile.\regs[5]' using process `\rv128i_regfile.$proc$rtl/riscv/rv128i_regfile.sv:24$531'.
  created $adff cell `$procdff$39530' with positive edge clock and positive level reset.
Creating register for signal `\rv128i_regfile.\regs[6]' using process `\rv128i_regfile.$proc$rtl/riscv/rv128i_regfile.sv:24$531'.
  created $adff cell `$procdff$39533' with positive edge clock and positive level reset.
Creating register for signal `\rv128i_regfile.\regs[7]' using process `\rv128i_regfile.$proc$rtl/riscv/rv128i_regfile.sv:24$531'.
  created $adff cell `$procdff$39536' with positive edge clock and positive level reset.
Creating register for signal `\rv128i_regfile.\regs[8]' using process `\rv128i_regfile.$proc$rtl/riscv/rv128i_regfile.sv:24$531'.
  created $adff cell `$procdff$39539' with positive edge clock and positive level reset.
Creating register for signal `\rv128i_regfile.\regs[9]' using process `\rv128i_regfile.$proc$rtl/riscv/rv128i_regfile.sv:24$531'.
  created $adff cell `$procdff$39542' with positive edge clock and positive level reset.
Creating register for signal `\rv128i_regfile.\regs[10]' using process `\rv128i_regfile.$proc$rtl/riscv/rv128i_regfile.sv:24$531'.
  created $adff cell `$procdff$39545' with positive edge clock and positive level reset.
Creating register for signal `\rv128i_regfile.\regs[11]' using process `\rv128i_regfile.$proc$rtl/riscv/rv128i_regfile.sv:24$531'.
  created $adff cell `$procdff$39548' with positive edge clock and positive level reset.
Creating register for signal `\rv128i_regfile.\regs[12]' using process `\rv128i_regfile.$proc$rtl/riscv/rv128i_regfile.sv:24$531'.
  created $adff cell `$procdff$39551' with positive edge clock and positive level reset.
Creating register for signal `\rv128i_regfile.\regs[13]' using process `\rv128i_regfile.$proc$rtl/riscv/rv128i_regfile.sv:24$531'.
  created $adff cell `$procdff$39554' with positive edge clock and positive level reset.
Creating register for signal `\rv128i_regfile.\regs[14]' using process `\rv128i_regfile.$proc$rtl/riscv/rv128i_regfile.sv:24$531'.
  created $adff cell `$procdff$39557' with positive edge clock and positive level reset.
Creating register for signal `\rv128i_regfile.\regs[15]' using process `\rv128i_regfile.$proc$rtl/riscv/rv128i_regfile.sv:24$531'.
  created $adff cell `$procdff$39560' with positive edge clock and positive level reset.
Creating register for signal `\rv128i_regfile.\regs[16]' using process `\rv128i_regfile.$proc$rtl/riscv/rv128i_regfile.sv:24$531'.
  created $adff cell `$procdff$39563' with positive edge clock and positive level reset.
Creating register for signal `\rv128i_regfile.\regs[17]' using process `\rv128i_regfile.$proc$rtl/riscv/rv128i_regfile.sv:24$531'.
  created $adff cell `$procdff$39566' with positive edge clock and positive level reset.
Creating register for signal `\rv128i_regfile.\regs[18]' using process `\rv128i_regfile.$proc$rtl/riscv/rv128i_regfile.sv:24$531'.
  created $adff cell `$procdff$39569' with positive edge clock and positive level reset.
Creating register for signal `\rv128i_regfile.\regs[19]' using process `\rv128i_regfile.$proc$rtl/riscv/rv128i_regfile.sv:24$531'.
  created $adff cell `$procdff$39572' with positive edge clock and positive level reset.
Creating register for signal `\rv128i_regfile.\regs[20]' using process `\rv128i_regfile.$proc$rtl/riscv/rv128i_regfile.sv:24$531'.
  created $adff cell `$procdff$39575' with positive edge clock and positive level reset.
Creating register for signal `\rv128i_regfile.\regs[21]' using process `\rv128i_regfile.$proc$rtl/riscv/rv128i_regfile.sv:24$531'.
  created $adff cell `$procdff$39578' with positive edge clock and positive level reset.
Creating register for signal `\rv128i_regfile.\regs[22]' using process `\rv128i_regfile.$proc$rtl/riscv/rv128i_regfile.sv:24$531'.
  created $adff cell `$procdff$39581' with positive edge clock and positive level reset.
Creating register for signal `\rv128i_regfile.\regs[23]' using process `\rv128i_regfile.$proc$rtl/riscv/rv128i_regfile.sv:24$531'.
  created $adff cell `$procdff$39584' with positive edge clock and positive level reset.
Creating register for signal `\rv128i_regfile.\regs[24]' using process `\rv128i_regfile.$proc$rtl/riscv/rv128i_regfile.sv:24$531'.
  created $adff cell `$procdff$39587' with positive edge clock and positive level reset.
Creating register for signal `\rv128i_regfile.\regs[25]' using process `\rv128i_regfile.$proc$rtl/riscv/rv128i_regfile.sv:24$531'.
  created $adff cell `$procdff$39590' with positive edge clock and positive level reset.
Creating register for signal `\rv128i_regfile.\regs[26]' using process `\rv128i_regfile.$proc$rtl/riscv/rv128i_regfile.sv:24$531'.
  created $adff cell `$procdff$39593' with positive edge clock and positive level reset.
Creating register for signal `\rv128i_regfile.\regs[27]' using process `\rv128i_regfile.$proc$rtl/riscv/rv128i_regfile.sv:24$531'.
  created $adff cell `$procdff$39596' with positive edge clock and positive level reset.
Creating register for signal `\rv128i_regfile.\regs[28]' using process `\rv128i_regfile.$proc$rtl/riscv/rv128i_regfile.sv:24$531'.
  created $adff cell `$procdff$39599' with positive edge clock and positive level reset.
Creating register for signal `\rv128i_regfile.\regs[29]' using process `\rv128i_regfile.$proc$rtl/riscv/rv128i_regfile.sv:24$531'.
  created $adff cell `$procdff$39602' with positive edge clock and positive level reset.
Creating register for signal `\rv128i_regfile.\regs[30]' using process `\rv128i_regfile.$proc$rtl/riscv/rv128i_regfile.sv:24$531'.
  created $adff cell `$procdff$39605' with positive edge clock and positive level reset.
Creating register for signal `\rv128i_regfile.\regs[31]' using process `\rv128i_regfile.$proc$rtl/riscv/rv128i_regfile.sv:24$531'.
  created $adff cell `$procdff$39608' with positive edge clock and positive level reset.
Creating register for signal `\rv128i_regfile.$mem2reg_wr$\regs$rtl/riscv/rv128i_regfile.sv:33$526_ADDR' using process `\rv128i_regfile.$proc$rtl/riscv/rv128i_regfile.sv:24$531'.
  created $adff cell `$procdff$39611' with positive edge clock and positive level reset.
Creating register for signal `\rv128i_regfile.$mem2reg_wr$\regs$rtl/riscv/rv128i_regfile.sv:33$526_DATA' using process `\rv128i_regfile.$proc$rtl/riscv/rv128i_regfile.sv:24$531'.
  created $adff cell `$procdff$39614' with positive edge clock and positive level reset.
Creating register for signal `$paramod$1df03c04492ea0925f5048f523097fc91a65437a\anoc_rv_router_buffered.\i' using process `$paramod$1df03c04492ea0925f5048f523097fc91a65437a\anoc_rv_router_buffered.$proc$rtl/router/anoc_rv_router_buffered.sv:72$647'.
  created $dff cell `$procdff$39621' with positive edge clock.
Creating register for signal `$paramod$1df03c04492ea0925f5048f523097fc91a65437a\anoc_rv_router_buffered.\buf_valid[0]' using process `$paramod$1df03c04492ea0925f5048f523097fc91a65437a\anoc_rv_router_buffered.$proc$rtl/router/anoc_rv_router_buffered.sv:72$647'.
  created $adff cell `$procdff$39626' with positive edge clock and positive level reset.
Creating register for signal `$paramod$1df03c04492ea0925f5048f523097fc91a65437a\anoc_rv_router_buffered.\buf_valid[1]' using process `$paramod$1df03c04492ea0925f5048f523097fc91a65437a\anoc_rv_router_buffered.$proc$rtl/router/anoc_rv_router_buffered.sv:72$647'.
  created $adff cell `$procdff$39631' with positive edge clock and positive level reset.
Creating register for signal `$paramod$1df03c04492ea0925f5048f523097fc91a65437a\anoc_rv_router_buffered.\buf_valid[2]' using process `$paramod$1df03c04492ea0925f5048f523097fc91a65437a\anoc_rv_router_buffered.$proc$rtl/router/anoc_rv_router_buffered.sv:72$647'.
  created $adff cell `$procdff$39636' with positive edge clock and positive level reset.
Creating register for signal `$paramod$1df03c04492ea0925f5048f523097fc91a65437a\anoc_rv_router_buffered.\buf_valid[3]' using process `$paramod$1df03c04492ea0925f5048f523097fc91a65437a\anoc_rv_router_buffered.$proc$rtl/router/anoc_rv_router_buffered.sv:72$647'.
  created $adff cell `$procdff$39641' with positive edge clock and positive level reset.
Creating register for signal `$paramod$1df03c04492ea0925f5048f523097fc91a65437a\anoc_rv_router_buffered.\buf_valid[4]' using process `$paramod$1df03c04492ea0925f5048f523097fc91a65437a\anoc_rv_router_buffered.$proc$rtl/router/anoc_rv_router_buffered.sv:72$647'.
  created $adff cell `$procdff$39646' with positive edge clock and positive level reset.
Creating register for signal `$paramod$1df03c04492ea0925f5048f523097fc91a65437a\anoc_rv_router_buffered.\buf_data[0]' using process `$paramod$1df03c04492ea0925f5048f523097fc91a65437a\anoc_rv_router_buffered.$proc$rtl/router/anoc_rv_router_buffered.sv:72$647'.
  created $adff cell `$procdff$39651' with positive edge clock and positive level reset.
Creating register for signal `$paramod$1df03c04492ea0925f5048f523097fc91a65437a\anoc_rv_router_buffered.\buf_data[1]' using process `$paramod$1df03c04492ea0925f5048f523097fc91a65437a\anoc_rv_router_buffered.$proc$rtl/router/anoc_rv_router_buffered.sv:72$647'.
  created $adff cell `$procdff$39656' with positive edge clock and positive level reset.
Creating register for signal `$paramod$1df03c04492ea0925f5048f523097fc91a65437a\anoc_rv_router_buffered.\buf_data[2]' using process `$paramod$1df03c04492ea0925f5048f523097fc91a65437a\anoc_rv_router_buffered.$proc$rtl/router/anoc_rv_router_buffered.sv:72$647'.
  created $adff cell `$procdff$39661' with positive edge clock and positive level reset.
Creating register for signal `$paramod$1df03c04492ea0925f5048f523097fc91a65437a\anoc_rv_router_buffered.\buf_data[3]' using process `$paramod$1df03c04492ea0925f5048f523097fc91a65437a\anoc_rv_router_buffered.$proc$rtl/router/anoc_rv_router_buffered.sv:72$647'.
  created $adff cell `$procdff$39666' with positive edge clock and positive level reset.
Creating register for signal `$paramod$1df03c04492ea0925f5048f523097fc91a65437a\anoc_rv_router_buffered.\buf_data[4]' using process `$paramod$1df03c04492ea0925f5048f523097fc91a65437a\anoc_rv_router_buffered.$proc$rtl/router/anoc_rv_router_buffered.sv:72$647'.
  created $adff cell `$procdff$39671' with positive edge clock and positive level reset.
Creating register for signal `$paramod$1df03c04492ea0925f5048f523097fc91a65437a\anoc_rv_router_buffered.\buf_dest_x[0]' using process `$paramod$1df03c04492ea0925f5048f523097fc91a65437a\anoc_rv_router_buffered.$proc$rtl/router/anoc_rv_router_buffered.sv:72$647'.
  created $adff cell `$procdff$39676' with positive edge clock and positive level reset.
Creating register for signal `$paramod$1df03c04492ea0925f5048f523097fc91a65437a\anoc_rv_router_buffered.\buf_dest_x[1]' using process `$paramod$1df03c04492ea0925f5048f523097fc91a65437a\anoc_rv_router_buffered.$proc$rtl/router/anoc_rv_router_buffered.sv:72$647'.
  created $adff cell `$procdff$39681' with positive edge clock and positive level reset.
Creating register for signal `$paramod$1df03c04492ea0925f5048f523097fc91a65437a\anoc_rv_router_buffered.\buf_dest_x[2]' using process `$paramod$1df03c04492ea0925f5048f523097fc91a65437a\anoc_rv_router_buffered.$proc$rtl/router/anoc_rv_router_buffered.sv:72$647'.
  created $adff cell `$procdff$39686' with positive edge clock and positive level reset.
Creating register for signal `$paramod$1df03c04492ea0925f5048f523097fc91a65437a\anoc_rv_router_buffered.\buf_dest_x[3]' using process `$paramod$1df03c04492ea0925f5048f523097fc91a65437a\anoc_rv_router_buffered.$proc$rtl/router/anoc_rv_router_buffered.sv:72$647'.
  created $adff cell `$procdff$39691' with positive edge clock and positive level reset.
Creating register for signal `$paramod$1df03c04492ea0925f5048f523097fc91a65437a\anoc_rv_router_buffered.\buf_dest_x[4]' using process `$paramod$1df03c04492ea0925f5048f523097fc91a65437a\anoc_rv_router_buffered.$proc$rtl/router/anoc_rv_router_buffered.sv:72$647'.
  created $adff cell `$procdff$39696' with positive edge clock and positive level reset.
Creating register for signal `$paramod$1df03c04492ea0925f5048f523097fc91a65437a\anoc_rv_router_buffered.\buf_dest_y[0]' using process `$paramod$1df03c04492ea0925f5048f523097fc91a65437a\anoc_rv_router_buffered.$proc$rtl/router/anoc_rv_router_buffered.sv:72$647'.
  created $adff cell `$procdff$39701' with positive edge clock and positive level reset.
Creating register for signal `$paramod$1df03c04492ea0925f5048f523097fc91a65437a\anoc_rv_router_buffered.\buf_dest_y[1]' using process `$paramod$1df03c04492ea0925f5048f523097fc91a65437a\anoc_rv_router_buffered.$proc$rtl/router/anoc_rv_router_buffered.sv:72$647'.
  created $adff cell `$procdff$39706' with positive edge clock and positive level reset.
Creating register for signal `$paramod$1df03c04492ea0925f5048f523097fc91a65437a\anoc_rv_router_buffered.\buf_dest_y[2]' using process `$paramod$1df03c04492ea0925f5048f523097fc91a65437a\anoc_rv_router_buffered.$proc$rtl/router/anoc_rv_router_buffered.sv:72$647'.
  created $adff cell `$procdff$39711' with positive edge clock and positive level reset.
Creating register for signal `$paramod$1df03c04492ea0925f5048f523097fc91a65437a\anoc_rv_router_buffered.\buf_dest_y[3]' using process `$paramod$1df03c04492ea0925f5048f523097fc91a65437a\anoc_rv_router_buffered.$proc$rtl/router/anoc_rv_router_buffered.sv:72$647'.
  created $adff cell `$procdff$39716' with positive edge clock and positive level reset.
Creating register for signal `$paramod$1df03c04492ea0925f5048f523097fc91a65437a\anoc_rv_router_buffered.\buf_dest_y[4]' using process `$paramod$1df03c04492ea0925f5048f523097fc91a65437a\anoc_rv_router_buffered.$proc$rtl/router/anoc_rv_router_buffered.sv:72$647'.
  created $adff cell `$procdff$39721' with positive edge clock and positive level reset.
Creating register for signal `$paramod$1df03c04492ea0925f5048f523097fc91a65437a\anoc_rv_router_buffered.$mem2reg_rd$\grants$rtl/router/anoc_rv_router_buffered.sv:91$630_ADDR' using process `$paramod$1df03c04492ea0925f5048f523097fc91a65437a\anoc_rv_router_buffered.$proc$rtl/router/anoc_rv_router_buffered.sv:72$647'.
  created $adff cell `$procdff$39726' with positive edge clock and positive level reset.
Creating register for signal `$paramod$1df03c04492ea0925f5048f523097fc91a65437a\anoc_rv_router_buffered.$mem2reg_rd$\grants$rtl/router/anoc_rv_router_buffered.sv:91$630_DATA' using process `$paramod$1df03c04492ea0925f5048f523097fc91a65437a\anoc_rv_router_buffered.$proc$rtl/router/anoc_rv_router_buffered.sv:72$647'.
  created $adff cell `$procdff$39731' with positive edge clock and positive level reset.
Creating register for signal `$paramod$1df03c04492ea0925f5048f523097fc91a65437a\anoc_rv_router_buffered.$mem2reg_rd$\grants$rtl/router/anoc_rv_router_buffered.sv:91$631_ADDR' using process `$paramod$1df03c04492ea0925f5048f523097fc91a65437a\anoc_rv_router_buffered.$proc$rtl/router/anoc_rv_router_buffered.sv:72$647'.
  created $adff cell `$procdff$39736' with positive edge clock and positive level reset.
Creating register for signal `$paramod$1df03c04492ea0925f5048f523097fc91a65437a\anoc_rv_router_buffered.$mem2reg_rd$\grants$rtl/router/anoc_rv_router_buffered.sv:91$631_DATA' using process `$paramod$1df03c04492ea0925f5048f523097fc91a65437a\anoc_rv_router_buffered.$proc$rtl/router/anoc_rv_router_buffered.sv:72$647'.
  created $adff cell `$procdff$39741' with positive edge clock and positive level reset.
Creating register for signal `$paramod$1df03c04492ea0925f5048f523097fc91a65437a\anoc_rv_router_buffered.$mem2reg_rd$\grants$rtl/router/anoc_rv_router_buffered.sv:91$632_ADDR' using process `$paramod$1df03c04492ea0925f5048f523097fc91a65437a\anoc_rv_router_buffered.$proc$rtl/router/anoc_rv_router_buffered.sv:72$647'.
  created $adff cell `$procdff$39746' with positive edge clock and positive level reset.
Creating register for signal `$paramod$1df03c04492ea0925f5048f523097fc91a65437a\anoc_rv_router_buffered.$mem2reg_rd$\grants$rtl/router/anoc_rv_router_buffered.sv:91$632_DATA' using process `$paramod$1df03c04492ea0925f5048f523097fc91a65437a\anoc_rv_router_buffered.$proc$rtl/router/anoc_rv_router_buffered.sv:72$647'.
  created $adff cell `$procdff$39751' with positive edge clock and positive level reset.
Creating register for signal `$paramod$1df03c04492ea0925f5048f523097fc91a65437a\anoc_rv_router_buffered.$mem2reg_rd$\grants$rtl/router/anoc_rv_router_buffered.sv:91$633_ADDR' using process `$paramod$1df03c04492ea0925f5048f523097fc91a65437a\anoc_rv_router_buffered.$proc$rtl/router/anoc_rv_router_buffered.sv:72$647'.
  created $adff cell `$procdff$39756' with positive edge clock and positive level reset.
Creating register for signal `$paramod$1df03c04492ea0925f5048f523097fc91a65437a\anoc_rv_router_buffered.$mem2reg_rd$\grants$rtl/router/anoc_rv_router_buffered.sv:91$633_DATA' using process `$paramod$1df03c04492ea0925f5048f523097fc91a65437a\anoc_rv_router_buffered.$proc$rtl/router/anoc_rv_router_buffered.sv:72$647'.
  created $adff cell `$procdff$39761' with positive edge clock and positive level reset.
Creating register for signal `$paramod$1df03c04492ea0925f5048f523097fc91a65437a\anoc_rv_router_buffered.$mem2reg_rd$\grants$rtl/router/anoc_rv_router_buffered.sv:91$634_ADDR' using process `$paramod$1df03c04492ea0925f5048f523097fc91a65437a\anoc_rv_router_buffered.$proc$rtl/router/anoc_rv_router_buffered.sv:72$647'.
  created $adff cell `$procdff$39766' with positive edge clock and positive level reset.
Creating register for signal `$paramod$1df03c04492ea0925f5048f523097fc91a65437a\anoc_rv_router_buffered.$mem2reg_rd$\grants$rtl/router/anoc_rv_router_buffered.sv:91$634_DATA' using process `$paramod$1df03c04492ea0925f5048f523097fc91a65437a\anoc_rv_router_buffered.$proc$rtl/router/anoc_rv_router_buffered.sv:72$647'.
  created $adff cell `$procdff$39771' with positive edge clock and positive level reset.
Creating register for signal `\rv128i_anoc_memory.\i' using process `\rv128i_anoc_memory.$proc$rtl/riscv/rv128i_anoc_memory.sv:98$594'.
  created $adff cell `$procdff$39774' with positive edge clock and positive level reset.
Creating register for signal `\rv128i_anoc_memory.\mem[0]' using process `\rv128i_anoc_memory.$proc$rtl/riscv/rv128i_anoc_memory.sv:98$594'.
  created $adff cell `$procdff$39777' with positive edge clock and positive level reset.
Creating register for signal `\rv128i_anoc_memory.\mem[1]' using process `\rv128i_anoc_memory.$proc$rtl/riscv/rv128i_anoc_memory.sv:98$594'.
  created $adff cell `$procdff$39780' with positive edge clock and positive level reset.
Creating register for signal `\rv128i_anoc_memory.\mem[2]' using process `\rv128i_anoc_memory.$proc$rtl/riscv/rv128i_anoc_memory.sv:98$594'.
  created $adff cell `$procdff$39783' with positive edge clock and positive level reset.
Creating register for signal `\rv128i_anoc_memory.\mem[3]' using process `\rv128i_anoc_memory.$proc$rtl/riscv/rv128i_anoc_memory.sv:98$594'.
  created $adff cell `$procdff$39786' with positive edge clock and positive level reset.
Creating register for signal `\rv128i_anoc_memory.\write_q' using process `\rv128i_anoc_memory.$proc$rtl/riscv/rv128i_anoc_memory.sv:98$594'.
  created $adff cell `$procdff$39789' with positive edge clock and positive level reset.
Creating register for signal `\rv128i_anoc_memory.\addr_q' using process `\rv128i_anoc_memory.$proc$rtl/riscv/rv128i_anoc_memory.sv:98$594'.
  created $adff cell `$procdff$39792' with positive edge clock and positive level reset.
Creating register for signal `\rv128i_anoc_memory.\data_q' using process `\rv128i_anoc_memory.$proc$rtl/riscv/rv128i_anoc_memory.sv:98$594'.
  created $adff cell `$procdff$39795' with positive edge clock and positive level reset.
Creating register for signal `\rv128i_anoc_memory.\write_complete' using process `\rv128i_anoc_memory.$proc$rtl/riscv/rv128i_anoc_memory.sv:98$594'.
  created $adff cell `$procdff$39798' with positive edge clock and positive level reset.
Creating register for signal `\rv128i_anoc_memory.\write_addr' using process `\rv128i_anoc_memory.$proc$rtl/riscv/rv128i_anoc_memory.sv:98$594'.
  created $adff cell `$procdff$39801' with positive edge clock and positive level reset.
Creating register for signal `\rv128i_anoc_memory.\write_data' using process `\rv128i_anoc_memory.$proc$rtl/riscv/rv128i_anoc_memory.sv:98$594'.
  created $adff cell `$procdff$39804' with positive edge clock and positive level reset.
Creating register for signal `\rv128i_anoc_memory.\write_is_valid' using process `\rv128i_anoc_memory.$proc$rtl/riscv/rv128i_anoc_memory.sv:98$594'.
  created $adff cell `$procdff$39807' with positive edge clock and positive level reset.
Creating register for signal `\rv128i_anoc_memory.\rx_state' using process `\rv128i_anoc_memory.$proc$rtl/riscv/rv128i_anoc_memory.sv:98$594'.
  created $adff cell `$procdff$39810' with positive edge clock and positive level reset.
Creating register for signal `\rv128i_anoc_memory.\tx_state' using process `\rv128i_anoc_memory.$proc$rtl/riscv/rv128i_anoc_memory.sv:98$594'.
  created $adff cell `$procdff$39813' with positive edge clock and positive level reset.
Creating register for signal `\rv128i_anoc_memory.\response_data_q' using process `\rv128i_anoc_memory.$proc$rtl/riscv/rv128i_anoc_memory.sv:98$594'.
  created $adff cell `$procdff$39816' with positive edge clock and positive level reset.
Creating register for signal `\rv128i_anoc_memory.\mem[4]' using process `\rv128i_anoc_memory.$proc$rtl/riscv/rv128i_anoc_memory.sv:98$594'.
  created $adff cell `$procdff$39819' with positive edge clock and positive level reset.
Creating register for signal `\rv128i_anoc_memory.\mem[5]' using process `\rv128i_anoc_memory.$proc$rtl/riscv/rv128i_anoc_memory.sv:98$594'.
  created $adff cell `$procdff$39822' with positive edge clock and positive level reset.
Creating register for signal `\rv128i_anoc_memory.\mem[6]' using process `\rv128i_anoc_memory.$proc$rtl/riscv/rv128i_anoc_memory.sv:98$594'.
  created $adff cell `$procdff$39825' with positive edge clock and positive level reset.
Creating register for signal `\rv128i_anoc_memory.\mem[7]' using process `\rv128i_anoc_memory.$proc$rtl/riscv/rv128i_anoc_memory.sv:98$594'.
  created $adff cell `$procdff$39828' with positive edge clock and positive level reset.
Creating register for signal `\rv128i_anoc_memory.\mem[8]' using process `\rv128i_anoc_memory.$proc$rtl/riscv/rv128i_anoc_memory.sv:98$594'.
  created $adff cell `$procdff$39831' with positive edge clock and positive level reset.
Creating register for signal `\rv128i_anoc_memory.\mem[9]' using process `\rv128i_anoc_memory.$proc$rtl/riscv/rv128i_anoc_memory.sv:98$594'.
  created $adff cell `$procdff$39834' with positive edge clock and positive level reset.
Creating register for signal `\rv128i_anoc_memory.\mem[10]' using process `\rv128i_anoc_memory.$proc$rtl/riscv/rv128i_anoc_memory.sv:98$594'.
  created $adff cell `$procdff$39837' with positive edge clock and positive level reset.
Creating register for signal `\rv128i_anoc_memory.\mem[11]' using process `\rv128i_anoc_memory.$proc$rtl/riscv/rv128i_anoc_memory.sv:98$594'.
  created $adff cell `$procdff$39840' with positive edge clock and positive level reset.
Creating register for signal `\rv128i_anoc_memory.\mem[12]' using process `\rv128i_anoc_memory.$proc$rtl/riscv/rv128i_anoc_memory.sv:98$594'.
  created $adff cell `$procdff$39843' with positive edge clock and positive level reset.
Creating register for signal `\rv128i_anoc_memory.\mem[13]' using process `\rv128i_anoc_memory.$proc$rtl/riscv/rv128i_anoc_memory.sv:98$594'.
  created $adff cell `$procdff$39846' with positive edge clock and positive level reset.
Creating register for signal `\rv128i_anoc_memory.\mem[14]' using process `\rv128i_anoc_memory.$proc$rtl/riscv/rv128i_anoc_memory.sv:98$594'.
  created $adff cell `$procdff$39849' with positive edge clock and positive level reset.
Creating register for signal `\rv128i_anoc_memory.\mem[15]' using process `\rv128i_anoc_memory.$proc$rtl/riscv/rv128i_anoc_memory.sv:98$594'.
  created $adff cell `$procdff$39852' with positive edge clock and positive level reset.
Creating register for signal `\rv128i_anoc_memory.\mem[16]' using process `\rv128i_anoc_memory.$proc$rtl/riscv/rv128i_anoc_memory.sv:98$594'.
  created $adff cell `$procdff$39855' with positive edge clock and positive level reset.
Creating register for signal `\rv128i_anoc_memory.\mem[17]' using process `\rv128i_anoc_memory.$proc$rtl/riscv/rv128i_anoc_memory.sv:98$594'.
  created $adff cell `$procdff$39858' with positive edge clock and positive level reset.
Creating register for signal `\rv128i_anoc_memory.\mem[18]' using process `\rv128i_anoc_memory.$proc$rtl/riscv/rv128i_anoc_memory.sv:98$594'.
  created $adff cell `$procdff$39861' with positive edge clock and positive level reset.
Creating register for signal `\rv128i_anoc_memory.\mem[19]' using process `\rv128i_anoc_memory.$proc$rtl/riscv/rv128i_anoc_memory.sv:98$594'.
  created $adff cell `$procdff$39864' with positive edge clock and positive level reset.
Creating register for signal `\rv128i_anoc_memory.\mem[20]' using process `\rv128i_anoc_memory.$proc$rtl/riscv/rv128i_anoc_memory.sv:98$594'.
  created $adff cell `$procdff$39867' with positive edge clock and positive level reset.
Creating register for signal `\rv128i_anoc_memory.\mem[21]' using process `\rv128i_anoc_memory.$proc$rtl/riscv/rv128i_anoc_memory.sv:98$594'.
  created $adff cell `$procdff$39870' with positive edge clock and positive level reset.
Creating register for signal `\rv128i_anoc_memory.\mem[22]' using process `\rv128i_anoc_memory.$proc$rtl/riscv/rv128i_anoc_memory.sv:98$594'.
  created $adff cell `$procdff$39873' with positive edge clock and positive level reset.
Creating register for signal `\rv128i_anoc_memory.\mem[23]' using process `\rv128i_anoc_memory.$proc$rtl/riscv/rv128i_anoc_memory.sv:98$594'.
  created $adff cell `$procdff$39876' with positive edge clock and positive level reset.
Creating register for signal `\rv128i_anoc_memory.\mem[24]' using process `\rv128i_anoc_memory.$proc$rtl/riscv/rv128i_anoc_memory.sv:98$594'.
  created $adff cell `$procdff$39879' with positive edge clock and positive level reset.
Creating register for signal `\rv128i_anoc_memory.\mem[25]' using process `\rv128i_anoc_memory.$proc$rtl/riscv/rv128i_anoc_memory.sv:98$594'.
  created $adff cell `$procdff$39882' with positive edge clock and positive level reset.
Creating register for signal `\rv128i_anoc_memory.\mem[26]' using process `\rv128i_anoc_memory.$proc$rtl/riscv/rv128i_anoc_memory.sv:98$594'.
  created $adff cell `$procdff$39885' with positive edge clock and positive level reset.
Creating register for signal `\rv128i_anoc_memory.\mem[27]' using process `\rv128i_anoc_memory.$proc$rtl/riscv/rv128i_anoc_memory.sv:98$594'.
  created $adff cell `$procdff$39888' with positive edge clock and positive level reset.
Creating register for signal `\rv128i_anoc_memory.\mem[28]' using process `\rv128i_anoc_memory.$proc$rtl/riscv/rv128i_anoc_memory.sv:98$594'.
  created $adff cell `$procdff$39891' with positive edge clock and positive level reset.
Creating register for signal `\rv128i_anoc_memory.\mem[29]' using process `\rv128i_anoc_memory.$proc$rtl/riscv/rv128i_anoc_memory.sv:98$594'.
  created $adff cell `$procdff$39894' with positive edge clock and positive level reset.
Creating register for signal `\rv128i_anoc_memory.\mem[30]' using process `\rv128i_anoc_memory.$proc$rtl/riscv/rv128i_anoc_memory.sv:98$594'.
  created $adff cell `$procdff$39897' with positive edge clock and positive level reset.
Creating register for signal `\rv128i_anoc_memory.\mem[31]' using process `\rv128i_anoc_memory.$proc$rtl/riscv/rv128i_anoc_memory.sv:98$594'.
  created $adff cell `$procdff$39900' with positive edge clock and positive level reset.
Creating register for signal `\rv128i_anoc_memory.\mem[32]' using process `\rv128i_anoc_memory.$proc$rtl/riscv/rv128i_anoc_memory.sv:98$594'.
  created $adff cell `$procdff$39903' with positive edge clock and positive level reset.
Creating register for signal `\rv128i_anoc_memory.\mem[33]' using process `\rv128i_anoc_memory.$proc$rtl/riscv/rv128i_anoc_memory.sv:98$594'.
  created $adff cell `$procdff$39906' with positive edge clock and positive level reset.
Creating register for signal `\rv128i_anoc_memory.\mem[34]' using process `\rv128i_anoc_memory.$proc$rtl/riscv/rv128i_anoc_memory.sv:98$594'.
  created $adff cell `$procdff$39909' with positive edge clock and positive level reset.
Creating register for signal `\rv128i_anoc_memory.\mem[35]' using process `\rv128i_anoc_memory.$proc$rtl/riscv/rv128i_anoc_memory.sv:98$594'.
  created $adff cell `$procdff$39912' with positive edge clock and positive level reset.
Creating register for signal `\rv128i_anoc_memory.\mem[36]' using process `\rv128i_anoc_memory.$proc$rtl/riscv/rv128i_anoc_memory.sv:98$594'.
  created $adff cell `$procdff$39915' with positive edge clock and positive level reset.
Creating register for signal `\rv128i_anoc_memory.\mem[37]' using process `\rv128i_anoc_memory.$proc$rtl/riscv/rv128i_anoc_memory.sv:98$594'.
  created $adff cell `$procdff$39918' with positive edge clock and positive level reset.
Creating register for signal `\rv128i_anoc_memory.\mem[38]' using process `\rv128i_anoc_memory.$proc$rtl/riscv/rv128i_anoc_memory.sv:98$594'.
  created $adff cell `$procdff$39921' with positive edge clock and positive level reset.
Creating register for signal `\rv128i_anoc_memory.\mem[39]' using process `\rv128i_anoc_memory.$proc$rtl/riscv/rv128i_anoc_memory.sv:98$594'.
  created $adff cell `$procdff$39924' with positive edge clock and positive level reset.
Creating register for signal `\rv128i_anoc_memory.\mem[40]' using process `\rv128i_anoc_memory.$proc$rtl/riscv/rv128i_anoc_memory.sv:98$594'.
  created $adff cell `$procdff$39927' with positive edge clock and positive level reset.
Creating register for signal `\rv128i_anoc_memory.\mem[41]' using process `\rv128i_anoc_memory.$proc$rtl/riscv/rv128i_anoc_memory.sv:98$594'.
  created $adff cell `$procdff$39930' with positive edge clock and positive level reset.
Creating register for signal `\rv128i_anoc_memory.\mem[42]' using process `\rv128i_anoc_memory.$proc$rtl/riscv/rv128i_anoc_memory.sv:98$594'.
  created $adff cell `$procdff$39933' with positive edge clock and positive level reset.
Creating register for signal `\rv128i_anoc_memory.\mem[43]' using process `\rv128i_anoc_memory.$proc$rtl/riscv/rv128i_anoc_memory.sv:98$594'.
  created $adff cell `$procdff$39936' with positive edge clock and positive level reset.
Creating register for signal `\rv128i_anoc_memory.\mem[44]' using process `\rv128i_anoc_memory.$proc$rtl/riscv/rv128i_anoc_memory.sv:98$594'.
  created $adff cell `$procdff$39939' with positive edge clock and positive level reset.
Creating register for signal `\rv128i_anoc_memory.\mem[45]' using process `\rv128i_anoc_memory.$proc$rtl/riscv/rv128i_anoc_memory.sv:98$594'.
  created $adff cell `$procdff$39942' with positive edge clock and positive level reset.
Creating register for signal `\rv128i_anoc_memory.\mem[46]' using process `\rv128i_anoc_memory.$proc$rtl/riscv/rv128i_anoc_memory.sv:98$594'.
  created $adff cell `$procdff$39945' with positive edge clock and positive level reset.
Creating register for signal `\rv128i_anoc_memory.\mem[47]' using process `\rv128i_anoc_memory.$proc$rtl/riscv/rv128i_anoc_memory.sv:98$594'.
  created $adff cell `$procdff$39948' with positive edge clock and positive level reset.
Creating register for signal `\rv128i_anoc_memory.\mem[48]' using process `\rv128i_anoc_memory.$proc$rtl/riscv/rv128i_anoc_memory.sv:98$594'.
  created $adff cell `$procdff$39951' with positive edge clock and positive level reset.
Creating register for signal `\rv128i_anoc_memory.\mem[49]' using process `\rv128i_anoc_memory.$proc$rtl/riscv/rv128i_anoc_memory.sv:98$594'.
  created $adff cell `$procdff$39954' with positive edge clock and positive level reset.
Creating register for signal `\rv128i_anoc_memory.\mem[50]' using process `\rv128i_anoc_memory.$proc$rtl/riscv/rv128i_anoc_memory.sv:98$594'.
  created $adff cell `$procdff$39957' with positive edge clock and positive level reset.
Creating register for signal `\rv128i_anoc_memory.\mem[51]' using process `\rv128i_anoc_memory.$proc$rtl/riscv/rv128i_anoc_memory.sv:98$594'.
  created $adff cell `$procdff$39960' with positive edge clock and positive level reset.
Creating register for signal `\rv128i_anoc_memory.\mem[52]' using process `\rv128i_anoc_memory.$proc$rtl/riscv/rv128i_anoc_memory.sv:98$594'.
  created $adff cell `$procdff$39963' with positive edge clock and positive level reset.
Creating register for signal `\rv128i_anoc_memory.\mem[53]' using process `\rv128i_anoc_memory.$proc$rtl/riscv/rv128i_anoc_memory.sv:98$594'.
  created $adff cell `$procdff$39966' with positive edge clock and positive level reset.
Creating register for signal `\rv128i_anoc_memory.\mem[54]' using process `\rv128i_anoc_memory.$proc$rtl/riscv/rv128i_anoc_memory.sv:98$594'.
  created $adff cell `$procdff$39969' with positive edge clock and positive level reset.
Creating register for signal `\rv128i_anoc_memory.\mem[55]' using process `\rv128i_anoc_memory.$proc$rtl/riscv/rv128i_anoc_memory.sv:98$594'.
  created $adff cell `$procdff$39972' with positive edge clock and positive level reset.
Creating register for signal `\rv128i_anoc_memory.\mem[56]' using process `\rv128i_anoc_memory.$proc$rtl/riscv/rv128i_anoc_memory.sv:98$594'.
  created $adff cell `$procdff$39975' with positive edge clock and positive level reset.
Creating register for signal `\rv128i_anoc_memory.\mem[57]' using process `\rv128i_anoc_memory.$proc$rtl/riscv/rv128i_anoc_memory.sv:98$594'.
  created $adff cell `$procdff$39978' with positive edge clock and positive level reset.
Creating register for signal `\rv128i_anoc_memory.\mem[58]' using process `\rv128i_anoc_memory.$proc$rtl/riscv/rv128i_anoc_memory.sv:98$594'.
  created $adff cell `$procdff$39981' with positive edge clock and positive level reset.
Creating register for signal `\rv128i_anoc_memory.\mem[59]' using process `\rv128i_anoc_memory.$proc$rtl/riscv/rv128i_anoc_memory.sv:98$594'.
  created $adff cell `$procdff$39984' with positive edge clock and positive level reset.
Creating register for signal `\rv128i_anoc_memory.\mem[60]' using process `\rv128i_anoc_memory.$proc$rtl/riscv/rv128i_anoc_memory.sv:98$594'.
  created $adff cell `$procdff$39987' with positive edge clock and positive level reset.
Creating register for signal `\rv128i_anoc_memory.\mem[61]' using process `\rv128i_anoc_memory.$proc$rtl/riscv/rv128i_anoc_memory.sv:98$594'.
  created $adff cell `$procdff$39990' with positive edge clock and positive level reset.
Creating register for signal `\rv128i_anoc_memory.\mem[62]' using process `\rv128i_anoc_memory.$proc$rtl/riscv/rv128i_anoc_memory.sv:98$594'.
  created $adff cell `$procdff$39993' with positive edge clock and positive level reset.
Creating register for signal `\rv128i_anoc_memory.\mem[63]' using process `\rv128i_anoc_memory.$proc$rtl/riscv/rv128i_anoc_memory.sv:98$594'.
  created $adff cell `$procdff$39996' with positive edge clock and positive level reset.
Creating register for signal `\rv128i_anoc_memory.\mem[64]' using process `\rv128i_anoc_memory.$proc$rtl/riscv/rv128i_anoc_memory.sv:98$594'.
  created $adff cell `$procdff$39999' with positive edge clock and positive level reset.
Creating register for signal `\rv128i_anoc_memory.\mem[65]' using process `\rv128i_anoc_memory.$proc$rtl/riscv/rv128i_anoc_memory.sv:98$594'.
  created $adff cell `$procdff$40002' with positive edge clock and positive level reset.
Creating register for signal `\rv128i_anoc_memory.\mem[66]' using process `\rv128i_anoc_memory.$proc$rtl/riscv/rv128i_anoc_memory.sv:98$594'.
  created $adff cell `$procdff$40005' with positive edge clock and positive level reset.
Creating register for signal `\rv128i_anoc_memory.\mem[67]' using process `\rv128i_anoc_memory.$proc$rtl/riscv/rv128i_anoc_memory.sv:98$594'.
  created $adff cell `$procdff$40008' with positive edge clock and positive level reset.
Creating register for signal `\rv128i_anoc_memory.\mem[68]' using process `\rv128i_anoc_memory.$proc$rtl/riscv/rv128i_anoc_memory.sv:98$594'.
  created $adff cell `$procdff$40011' with positive edge clock and positive level reset.
Creating register for signal `\rv128i_anoc_memory.\mem[69]' using process `\rv128i_anoc_memory.$proc$rtl/riscv/rv128i_anoc_memory.sv:98$594'.
  created $adff cell `$procdff$40014' with positive edge clock and positive level reset.
Creating register for signal `\rv128i_anoc_memory.\mem[70]' using process `\rv128i_anoc_memory.$proc$rtl/riscv/rv128i_anoc_memory.sv:98$594'.
  created $adff cell `$procdff$40017' with positive edge clock and positive level reset.
Creating register for signal `\rv128i_anoc_memory.\mem[71]' using process `\rv128i_anoc_memory.$proc$rtl/riscv/rv128i_anoc_memory.sv:98$594'.
  created $adff cell `$procdff$40020' with positive edge clock and positive level reset.
Creating register for signal `\rv128i_anoc_memory.\mem[72]' using process `\rv128i_anoc_memory.$proc$rtl/riscv/rv128i_anoc_memory.sv:98$594'.
  created $adff cell `$procdff$40023' with positive edge clock and positive level reset.
Creating register for signal `\rv128i_anoc_memory.\mem[73]' using process `\rv128i_anoc_memory.$proc$rtl/riscv/rv128i_anoc_memory.sv:98$594'.
  created $adff cell `$procdff$40026' with positive edge clock and positive level reset.
Creating register for signal `\rv128i_anoc_memory.\mem[74]' using process `\rv128i_anoc_memory.$proc$rtl/riscv/rv128i_anoc_memory.sv:98$594'.
  created $adff cell `$procdff$40029' with positive edge clock and positive level reset.
Creating register for signal `\rv128i_anoc_memory.\mem[75]' using process `\rv128i_anoc_memory.$proc$rtl/riscv/rv128i_anoc_memory.sv:98$594'.
  created $adff cell `$procdff$40032' with positive edge clock and positive level reset.
Creating register for signal `\rv128i_anoc_memory.\mem[76]' using process `\rv128i_anoc_memory.$proc$rtl/riscv/rv128i_anoc_memory.sv:98$594'.
  created $adff cell `$procdff$40035' with positive edge clock and positive level reset.
Creating register for signal `\rv128i_anoc_memory.\mem[77]' using process `\rv128i_anoc_memory.$proc$rtl/riscv/rv128i_anoc_memory.sv:98$594'.
  created $adff cell `$procdff$40038' with positive edge clock and positive level reset.
Creating register for signal `\rv128i_anoc_memory.\mem[78]' using process `\rv128i_anoc_memory.$proc$rtl/riscv/rv128i_anoc_memory.sv:98$594'.
  created $adff cell `$procdff$40041' with positive edge clock and positive level reset.
Creating register for signal `\rv128i_anoc_memory.\mem[79]' using process `\rv128i_anoc_memory.$proc$rtl/riscv/rv128i_anoc_memory.sv:98$594'.
  created $adff cell `$procdff$40044' with positive edge clock and positive level reset.
Creating register for signal `\rv128i_anoc_memory.\mem[80]' using process `\rv128i_anoc_memory.$proc$rtl/riscv/rv128i_anoc_memory.sv:98$594'.
  created $adff cell `$procdff$40047' with positive edge clock and positive level reset.
Creating register for signal `\rv128i_anoc_memory.\mem[81]' using process `\rv128i_anoc_memory.$proc$rtl/riscv/rv128i_anoc_memory.sv:98$594'.
  created $adff cell `$procdff$40050' with positive edge clock and positive level reset.
Creating register for signal `\rv128i_anoc_memory.\mem[82]' using process `\rv128i_anoc_memory.$proc$rtl/riscv/rv128i_anoc_memory.sv:98$594'.
  created $adff cell `$procdff$40053' with positive edge clock and positive level reset.
Creating register for signal `\rv128i_anoc_memory.\mem[83]' using process `\rv128i_anoc_memory.$proc$rtl/riscv/rv128i_anoc_memory.sv:98$594'.
  created $adff cell `$procdff$40056' with positive edge clock and positive level reset.
Creating register for signal `\rv128i_anoc_memory.\mem[84]' using process `\rv128i_anoc_memory.$proc$rtl/riscv/rv128i_anoc_memory.sv:98$594'.
  created $adff cell `$procdff$40059' with positive edge clock and positive level reset.
Creating register for signal `\rv128i_anoc_memory.\mem[85]' using process `\rv128i_anoc_memory.$proc$rtl/riscv/rv128i_anoc_memory.sv:98$594'.
  created $adff cell `$procdff$40062' with positive edge clock and positive level reset.
Creating register for signal `\rv128i_anoc_memory.\mem[86]' using process `\rv128i_anoc_memory.$proc$rtl/riscv/rv128i_anoc_memory.sv:98$594'.
  created $adff cell `$procdff$40065' with positive edge clock and positive level reset.
Creating register for signal `\rv128i_anoc_memory.\mem[87]' using process `\rv128i_anoc_memory.$proc$rtl/riscv/rv128i_anoc_memory.sv:98$594'.
  created $adff cell `$procdff$40068' with positive edge clock and positive level reset.
Creating register for signal `\rv128i_anoc_memory.\mem[88]' using process `\rv128i_anoc_memory.$proc$rtl/riscv/rv128i_anoc_memory.sv:98$594'.
  created $adff cell `$procdff$40071' with positive edge clock and positive level reset.
Creating register for signal `\rv128i_anoc_memory.\mem[89]' using process `\rv128i_anoc_memory.$proc$rtl/riscv/rv128i_anoc_memory.sv:98$594'.
  created $adff cell `$procdff$40074' with positive edge clock and positive level reset.
Creating register for signal `\rv128i_anoc_memory.\mem[90]' using process `\rv128i_anoc_memory.$proc$rtl/riscv/rv128i_anoc_memory.sv:98$594'.
  created $adff cell `$procdff$40077' with positive edge clock and positive level reset.
Creating register for signal `\rv128i_anoc_memory.\mem[91]' using process `\rv128i_anoc_memory.$proc$rtl/riscv/rv128i_anoc_memory.sv:98$594'.
  created $adff cell `$procdff$40080' with positive edge clock and positive level reset.
Creating register for signal `\rv128i_anoc_memory.\mem[92]' using process `\rv128i_anoc_memory.$proc$rtl/riscv/rv128i_anoc_memory.sv:98$594'.
  created $adff cell `$procdff$40083' with positive edge clock and positive level reset.
Creating register for signal `\rv128i_anoc_memory.\mem[93]' using process `\rv128i_anoc_memory.$proc$rtl/riscv/rv128i_anoc_memory.sv:98$594'.
  created $adff cell `$procdff$40086' with positive edge clock and positive level reset.
Creating register for signal `\rv128i_anoc_memory.\mem[94]' using process `\rv128i_anoc_memory.$proc$rtl/riscv/rv128i_anoc_memory.sv:98$594'.
  created $adff cell `$procdff$40089' with positive edge clock and positive level reset.
Creating register for signal `\rv128i_anoc_memory.\mem[95]' using process `\rv128i_anoc_memory.$proc$rtl/riscv/rv128i_anoc_memory.sv:98$594'.
  created $adff cell `$procdff$40092' with positive edge clock and positive level reset.
Creating register for signal `\rv128i_anoc_memory.\mem[96]' using process `\rv128i_anoc_memory.$proc$rtl/riscv/rv128i_anoc_memory.sv:98$594'.
  created $adff cell `$procdff$40095' with positive edge clock and positive level reset.
Creating register for signal `\rv128i_anoc_memory.\mem[97]' using process `\rv128i_anoc_memory.$proc$rtl/riscv/rv128i_anoc_memory.sv:98$594'.
  created $adff cell `$procdff$40098' with positive edge clock and positive level reset.
Creating register for signal `\rv128i_anoc_memory.\mem[98]' using process `\rv128i_anoc_memory.$proc$rtl/riscv/rv128i_anoc_memory.sv:98$594'.
  created $adff cell `$procdff$40101' with positive edge clock and positive level reset.
Creating register for signal `\rv128i_anoc_memory.\mem[99]' using process `\rv128i_anoc_memory.$proc$rtl/riscv/rv128i_anoc_memory.sv:98$594'.
  created $adff cell `$procdff$40104' with positive edge clock and positive level reset.
Creating register for signal `\rv128i_anoc_memory.\mem[100]' using process `\rv128i_anoc_memory.$proc$rtl/riscv/rv128i_anoc_memory.sv:98$594'.
  created $adff cell `$procdff$40107' with positive edge clock and positive level reset.
Creating register for signal `\rv128i_anoc_memory.\mem[101]' using process `\rv128i_anoc_memory.$proc$rtl/riscv/rv128i_anoc_memory.sv:98$594'.
  created $adff cell `$procdff$40110' with positive edge clock and positive level reset.
Creating register for signal `\rv128i_anoc_memory.\mem[102]' using process `\rv128i_anoc_memory.$proc$rtl/riscv/rv128i_anoc_memory.sv:98$594'.
  created $adff cell `$procdff$40113' with positive edge clock and positive level reset.
Creating register for signal `\rv128i_anoc_memory.\mem[103]' using process `\rv128i_anoc_memory.$proc$rtl/riscv/rv128i_anoc_memory.sv:98$594'.
  created $adff cell `$procdff$40116' with positive edge clock and positive level reset.
Creating register for signal `\rv128i_anoc_memory.\mem[104]' using process `\rv128i_anoc_memory.$proc$rtl/riscv/rv128i_anoc_memory.sv:98$594'.
  created $adff cell `$procdff$40119' with positive edge clock and positive level reset.
Creating register for signal `\rv128i_anoc_memory.\mem[105]' using process `\rv128i_anoc_memory.$proc$rtl/riscv/rv128i_anoc_memory.sv:98$594'.
  created $adff cell `$procdff$40122' with positive edge clock and positive level reset.
Creating register for signal `\rv128i_anoc_memory.\mem[106]' using process `\rv128i_anoc_memory.$proc$rtl/riscv/rv128i_anoc_memory.sv:98$594'.
  created $adff cell `$procdff$40125' with positive edge clock and positive level reset.
Creating register for signal `\rv128i_anoc_memory.\mem[107]' using process `\rv128i_anoc_memory.$proc$rtl/riscv/rv128i_anoc_memory.sv:98$594'.
  created $adff cell `$procdff$40128' with positive edge clock and positive level reset.
Creating register for signal `\rv128i_anoc_memory.\mem[108]' using process `\rv128i_anoc_memory.$proc$rtl/riscv/rv128i_anoc_memory.sv:98$594'.
  created $adff cell `$procdff$40131' with positive edge clock and positive level reset.
Creating register for signal `\rv128i_anoc_memory.\mem[109]' using process `\rv128i_anoc_memory.$proc$rtl/riscv/rv128i_anoc_memory.sv:98$594'.
  created $adff cell `$procdff$40134' with positive edge clock and positive level reset.
Creating register for signal `\rv128i_anoc_memory.\mem[110]' using process `\rv128i_anoc_memory.$proc$rtl/riscv/rv128i_anoc_memory.sv:98$594'.
  created $adff cell `$procdff$40137' with positive edge clock and positive level reset.
Creating register for signal `\rv128i_anoc_memory.\mem[111]' using process `\rv128i_anoc_memory.$proc$rtl/riscv/rv128i_anoc_memory.sv:98$594'.
  created $adff cell `$procdff$40140' with positive edge clock and positive level reset.
Creating register for signal `\rv128i_anoc_memory.\mem[112]' using process `\rv128i_anoc_memory.$proc$rtl/riscv/rv128i_anoc_memory.sv:98$594'.
  created $adff cell `$procdff$40143' with positive edge clock and positive level reset.
Creating register for signal `\rv128i_anoc_memory.\mem[113]' using process `\rv128i_anoc_memory.$proc$rtl/riscv/rv128i_anoc_memory.sv:98$594'.
  created $adff cell `$procdff$40146' with positive edge clock and positive level reset.
Creating register for signal `\rv128i_anoc_memory.\mem[114]' using process `\rv128i_anoc_memory.$proc$rtl/riscv/rv128i_anoc_memory.sv:98$594'.
  created $adff cell `$procdff$40149' with positive edge clock and positive level reset.
Creating register for signal `\rv128i_anoc_memory.\mem[115]' using process `\rv128i_anoc_memory.$proc$rtl/riscv/rv128i_anoc_memory.sv:98$594'.
  created $adff cell `$procdff$40152' with positive edge clock and positive level reset.
Creating register for signal `\rv128i_anoc_memory.\mem[116]' using process `\rv128i_anoc_memory.$proc$rtl/riscv/rv128i_anoc_memory.sv:98$594'.
  created $adff cell `$procdff$40155' with positive edge clock and positive level reset.
Creating register for signal `\rv128i_anoc_memory.\mem[117]' using process `\rv128i_anoc_memory.$proc$rtl/riscv/rv128i_anoc_memory.sv:98$594'.
  created $adff cell `$procdff$40158' with positive edge clock and positive level reset.
Creating register for signal `\rv128i_anoc_memory.\mem[118]' using process `\rv128i_anoc_memory.$proc$rtl/riscv/rv128i_anoc_memory.sv:98$594'.
  created $adff cell `$procdff$40161' with positive edge clock and positive level reset.
Creating register for signal `\rv128i_anoc_memory.\mem[119]' using process `\rv128i_anoc_memory.$proc$rtl/riscv/rv128i_anoc_memory.sv:98$594'.
  created $adff cell `$procdff$40164' with positive edge clock and positive level reset.
Creating register for signal `\rv128i_anoc_memory.\mem[120]' using process `\rv128i_anoc_memory.$proc$rtl/riscv/rv128i_anoc_memory.sv:98$594'.
  created $adff cell `$procdff$40167' with positive edge clock and positive level reset.
Creating register for signal `\rv128i_anoc_memory.\mem[121]' using process `\rv128i_anoc_memory.$proc$rtl/riscv/rv128i_anoc_memory.sv:98$594'.
  created $adff cell `$procdff$40170' with positive edge clock and positive level reset.
Creating register for signal `\rv128i_anoc_memory.\mem[122]' using process `\rv128i_anoc_memory.$proc$rtl/riscv/rv128i_anoc_memory.sv:98$594'.
  created $adff cell `$procdff$40173' with positive edge clock and positive level reset.
Creating register for signal `\rv128i_anoc_memory.\mem[123]' using process `\rv128i_anoc_memory.$proc$rtl/riscv/rv128i_anoc_memory.sv:98$594'.
  created $adff cell `$procdff$40176' with positive edge clock and positive level reset.
Creating register for signal `\rv128i_anoc_memory.\mem[124]' using process `\rv128i_anoc_memory.$proc$rtl/riscv/rv128i_anoc_memory.sv:98$594'.
  created $adff cell `$procdff$40179' with positive edge clock and positive level reset.
Creating register for signal `\rv128i_anoc_memory.\mem[125]' using process `\rv128i_anoc_memory.$proc$rtl/riscv/rv128i_anoc_memory.sv:98$594'.
  created $adff cell `$procdff$40182' with positive edge clock and positive level reset.
Creating register for signal `\rv128i_anoc_memory.\mem[126]' using process `\rv128i_anoc_memory.$proc$rtl/riscv/rv128i_anoc_memory.sv:98$594'.
  created $adff cell `$procdff$40185' with positive edge clock and positive level reset.
Creating register for signal `\rv128i_anoc_memory.\mem[127]' using process `\rv128i_anoc_memory.$proc$rtl/riscv/rv128i_anoc_memory.sv:98$594'.
  created $adff cell `$procdff$40188' with positive edge clock and positive level reset.
Creating register for signal `\rv128i_anoc_memory.\mem[128]' using process `\rv128i_anoc_memory.$proc$rtl/riscv/rv128i_anoc_memory.sv:98$594'.
  created $adff cell `$procdff$40191' with positive edge clock and positive level reset.
Creating register for signal `\rv128i_anoc_memory.\mem[129]' using process `\rv128i_anoc_memory.$proc$rtl/riscv/rv128i_anoc_memory.sv:98$594'.
  created $adff cell `$procdff$40194' with positive edge clock and positive level reset.
Creating register for signal `\rv128i_anoc_memory.\mem[130]' using process `\rv128i_anoc_memory.$proc$rtl/riscv/rv128i_anoc_memory.sv:98$594'.
  created $adff cell `$procdff$40197' with positive edge clock and positive level reset.
Creating register for signal `\rv128i_anoc_memory.\mem[131]' using process `\rv128i_anoc_memory.$proc$rtl/riscv/rv128i_anoc_memory.sv:98$594'.
  created $adff cell `$procdff$40200' with positive edge clock and positive level reset.
Creating register for signal `\rv128i_anoc_memory.\mem[132]' using process `\rv128i_anoc_memory.$proc$rtl/riscv/rv128i_anoc_memory.sv:98$594'.
  created $adff cell `$procdff$40203' with positive edge clock and positive level reset.
Creating register for signal `\rv128i_anoc_memory.\mem[133]' using process `\rv128i_anoc_memory.$proc$rtl/riscv/rv128i_anoc_memory.sv:98$594'.
  created $adff cell `$procdff$40206' with positive edge clock and positive level reset.
Creating register for signal `\rv128i_anoc_memory.\mem[134]' using process `\rv128i_anoc_memory.$proc$rtl/riscv/rv128i_anoc_memory.sv:98$594'.
  created $adff cell `$procdff$40209' with positive edge clock and positive level reset.
Creating register for signal `\rv128i_anoc_memory.\mem[135]' using process `\rv128i_anoc_memory.$proc$rtl/riscv/rv128i_anoc_memory.sv:98$594'.
  created $adff cell `$procdff$40212' with positive edge clock and positive level reset.
Creating register for signal `\rv128i_anoc_memory.\mem[136]' using process `\rv128i_anoc_memory.$proc$rtl/riscv/rv128i_anoc_memory.sv:98$594'.
  created $adff cell `$procdff$40215' with positive edge clock and positive level reset.
Creating register for signal `\rv128i_anoc_memory.\mem[137]' using process `\rv128i_anoc_memory.$proc$rtl/riscv/rv128i_anoc_memory.sv:98$594'.
  created $adff cell `$procdff$40218' with positive edge clock and positive level reset.
Creating register for signal `\rv128i_anoc_memory.\mem[138]' using process `\rv128i_anoc_memory.$proc$rtl/riscv/rv128i_anoc_memory.sv:98$594'.
  created $adff cell `$procdff$40221' with positive edge clock and positive level reset.
Creating register for signal `\rv128i_anoc_memory.\mem[139]' using process `\rv128i_anoc_memory.$proc$rtl/riscv/rv128i_anoc_memory.sv:98$594'.
  created $adff cell `$procdff$40224' with positive edge clock and positive level reset.
Creating register for signal `\rv128i_anoc_memory.\mem[140]' using process `\rv128i_anoc_memory.$proc$rtl/riscv/rv128i_anoc_memory.sv:98$594'.
  created $adff cell `$procdff$40227' with positive edge clock and positive level reset.
Creating register for signal `\rv128i_anoc_memory.\mem[141]' using process `\rv128i_anoc_memory.$proc$rtl/riscv/rv128i_anoc_memory.sv:98$594'.
  created $adff cell `$procdff$40230' with positive edge clock and positive level reset.
Creating register for signal `\rv128i_anoc_memory.\mem[142]' using process `\rv128i_anoc_memory.$proc$rtl/riscv/rv128i_anoc_memory.sv:98$594'.
  created $adff cell `$procdff$40233' with positive edge clock and positive level reset.
Creating register for signal `\rv128i_anoc_memory.\mem[143]' using process `\rv128i_anoc_memory.$proc$rtl/riscv/rv128i_anoc_memory.sv:98$594'.
  created $adff cell `$procdff$40236' with positive edge clock and positive level reset.
Creating register for signal `\rv128i_anoc_memory.\mem[144]' using process `\rv128i_anoc_memory.$proc$rtl/riscv/rv128i_anoc_memory.sv:98$594'.
  created $adff cell `$procdff$40239' with positive edge clock and positive level reset.
Creating register for signal `\rv128i_anoc_memory.\mem[145]' using process `\rv128i_anoc_memory.$proc$rtl/riscv/rv128i_anoc_memory.sv:98$594'.
  created $adff cell `$procdff$40242' with positive edge clock and positive level reset.
Creating register for signal `\rv128i_anoc_memory.\mem[146]' using process `\rv128i_anoc_memory.$proc$rtl/riscv/rv128i_anoc_memory.sv:98$594'.
  created $adff cell `$procdff$40245' with positive edge clock and positive level reset.
Creating register for signal `\rv128i_anoc_memory.\mem[147]' using process `\rv128i_anoc_memory.$proc$rtl/riscv/rv128i_anoc_memory.sv:98$594'.
  created $adff cell `$procdff$40248' with positive edge clock and positive level reset.
Creating register for signal `\rv128i_anoc_memory.\mem[148]' using process `\rv128i_anoc_memory.$proc$rtl/riscv/rv128i_anoc_memory.sv:98$594'.
  created $adff cell `$procdff$40251' with positive edge clock and positive level reset.
Creating register for signal `\rv128i_anoc_memory.\mem[149]' using process `\rv128i_anoc_memory.$proc$rtl/riscv/rv128i_anoc_memory.sv:98$594'.
  created $adff cell `$procdff$40254' with positive edge clock and positive level reset.
Creating register for signal `\rv128i_anoc_memory.\mem[150]' using process `\rv128i_anoc_memory.$proc$rtl/riscv/rv128i_anoc_memory.sv:98$594'.
  created $adff cell `$procdff$40257' with positive edge clock and positive level reset.
Creating register for signal `\rv128i_anoc_memory.\mem[151]' using process `\rv128i_anoc_memory.$proc$rtl/riscv/rv128i_anoc_memory.sv:98$594'.
  created $adff cell `$procdff$40260' with positive edge clock and positive level reset.
Creating register for signal `\rv128i_anoc_memory.\mem[152]' using process `\rv128i_anoc_memory.$proc$rtl/riscv/rv128i_anoc_memory.sv:98$594'.
  created $adff cell `$procdff$40263' with positive edge clock and positive level reset.
Creating register for signal `\rv128i_anoc_memory.\mem[153]' using process `\rv128i_anoc_memory.$proc$rtl/riscv/rv128i_anoc_memory.sv:98$594'.
  created $adff cell `$procdff$40266' with positive edge clock and positive level reset.
Creating register for signal `\rv128i_anoc_memory.\mem[154]' using process `\rv128i_anoc_memory.$proc$rtl/riscv/rv128i_anoc_memory.sv:98$594'.
  created $adff cell `$procdff$40269' with positive edge clock and positive level reset.
Creating register for signal `\rv128i_anoc_memory.\mem[155]' using process `\rv128i_anoc_memory.$proc$rtl/riscv/rv128i_anoc_memory.sv:98$594'.
  created $adff cell `$procdff$40272' with positive edge clock and positive level reset.
Creating register for signal `\rv128i_anoc_memory.\mem[156]' using process `\rv128i_anoc_memory.$proc$rtl/riscv/rv128i_anoc_memory.sv:98$594'.
  created $adff cell `$procdff$40275' with positive edge clock and positive level reset.
Creating register for signal `\rv128i_anoc_memory.\mem[157]' using process `\rv128i_anoc_memory.$proc$rtl/riscv/rv128i_anoc_memory.sv:98$594'.
  created $adff cell `$procdff$40278' with positive edge clock and positive level reset.
Creating register for signal `\rv128i_anoc_memory.\mem[158]' using process `\rv128i_anoc_memory.$proc$rtl/riscv/rv128i_anoc_memory.sv:98$594'.
  created $adff cell `$procdff$40281' with positive edge clock and positive level reset.
Creating register for signal `\rv128i_anoc_memory.\mem[159]' using process `\rv128i_anoc_memory.$proc$rtl/riscv/rv128i_anoc_memory.sv:98$594'.
  created $adff cell `$procdff$40284' with positive edge clock and positive level reset.
Creating register for signal `\rv128i_anoc_memory.\mem[160]' using process `\rv128i_anoc_memory.$proc$rtl/riscv/rv128i_anoc_memory.sv:98$594'.
  created $adff cell `$procdff$40287' with positive edge clock and positive level reset.
Creating register for signal `\rv128i_anoc_memory.\mem[161]' using process `\rv128i_anoc_memory.$proc$rtl/riscv/rv128i_anoc_memory.sv:98$594'.
  created $adff cell `$procdff$40290' with positive edge clock and positive level reset.
Creating register for signal `\rv128i_anoc_memory.\mem[162]' using process `\rv128i_anoc_memory.$proc$rtl/riscv/rv128i_anoc_memory.sv:98$594'.
  created $adff cell `$procdff$40293' with positive edge clock and positive level reset.
Creating register for signal `\rv128i_anoc_memory.\mem[163]' using process `\rv128i_anoc_memory.$proc$rtl/riscv/rv128i_anoc_memory.sv:98$594'.
  created $adff cell `$procdff$40296' with positive edge clock and positive level reset.
Creating register for signal `\rv128i_anoc_memory.\mem[164]' using process `\rv128i_anoc_memory.$proc$rtl/riscv/rv128i_anoc_memory.sv:98$594'.
  created $adff cell `$procdff$40299' with positive edge clock and positive level reset.
Creating register for signal `\rv128i_anoc_memory.\mem[165]' using process `\rv128i_anoc_memory.$proc$rtl/riscv/rv128i_anoc_memory.sv:98$594'.
  created $adff cell `$procdff$40302' with positive edge clock and positive level reset.
Creating register for signal `\rv128i_anoc_memory.\mem[166]' using process `\rv128i_anoc_memory.$proc$rtl/riscv/rv128i_anoc_memory.sv:98$594'.
  created $adff cell `$procdff$40305' with positive edge clock and positive level reset.
Creating register for signal `\rv128i_anoc_memory.\mem[167]' using process `\rv128i_anoc_memory.$proc$rtl/riscv/rv128i_anoc_memory.sv:98$594'.
  created $adff cell `$procdff$40308' with positive edge clock and positive level reset.
Creating register for signal `\rv128i_anoc_memory.\mem[168]' using process `\rv128i_anoc_memory.$proc$rtl/riscv/rv128i_anoc_memory.sv:98$594'.
  created $adff cell `$procdff$40311' with positive edge clock and positive level reset.
Creating register for signal `\rv128i_anoc_memory.\mem[169]' using process `\rv128i_anoc_memory.$proc$rtl/riscv/rv128i_anoc_memory.sv:98$594'.
  created $adff cell `$procdff$40314' with positive edge clock and positive level reset.
Creating register for signal `\rv128i_anoc_memory.\mem[170]' using process `\rv128i_anoc_memory.$proc$rtl/riscv/rv128i_anoc_memory.sv:98$594'.
  created $adff cell `$procdff$40317' with positive edge clock and positive level reset.
Creating register for signal `\rv128i_anoc_memory.\mem[171]' using process `\rv128i_anoc_memory.$proc$rtl/riscv/rv128i_anoc_memory.sv:98$594'.
  created $adff cell `$procdff$40320' with positive edge clock and positive level reset.
Creating register for signal `\rv128i_anoc_memory.\mem[172]' using process `\rv128i_anoc_memory.$proc$rtl/riscv/rv128i_anoc_memory.sv:98$594'.
  created $adff cell `$procdff$40323' with positive edge clock and positive level reset.
Creating register for signal `\rv128i_anoc_memory.\mem[173]' using process `\rv128i_anoc_memory.$proc$rtl/riscv/rv128i_anoc_memory.sv:98$594'.
  created $adff cell `$procdff$40326' with positive edge clock and positive level reset.
Creating register for signal `\rv128i_anoc_memory.\mem[174]' using process `\rv128i_anoc_memory.$proc$rtl/riscv/rv128i_anoc_memory.sv:98$594'.
  created $adff cell `$procdff$40329' with positive edge clock and positive level reset.
Creating register for signal `\rv128i_anoc_memory.\mem[175]' using process `\rv128i_anoc_memory.$proc$rtl/riscv/rv128i_anoc_memory.sv:98$594'.
  created $adff cell `$procdff$40332' with positive edge clock and positive level reset.
Creating register for signal `\rv128i_anoc_memory.\mem[176]' using process `\rv128i_anoc_memory.$proc$rtl/riscv/rv128i_anoc_memory.sv:98$594'.
  created $adff cell `$procdff$40335' with positive edge clock and positive level reset.
Creating register for signal `\rv128i_anoc_memory.\mem[177]' using process `\rv128i_anoc_memory.$proc$rtl/riscv/rv128i_anoc_memory.sv:98$594'.
  created $adff cell `$procdff$40338' with positive edge clock and positive level reset.
Creating register for signal `\rv128i_anoc_memory.\mem[178]' using process `\rv128i_anoc_memory.$proc$rtl/riscv/rv128i_anoc_memory.sv:98$594'.
  created $adff cell `$procdff$40341' with positive edge clock and positive level reset.
Creating register for signal `\rv128i_anoc_memory.\mem[179]' using process `\rv128i_anoc_memory.$proc$rtl/riscv/rv128i_anoc_memory.sv:98$594'.
  created $adff cell `$procdff$40344' with positive edge clock and positive level reset.
Creating register for signal `\rv128i_anoc_memory.\mem[180]' using process `\rv128i_anoc_memory.$proc$rtl/riscv/rv128i_anoc_memory.sv:98$594'.
  created $adff cell `$procdff$40347' with positive edge clock and positive level reset.
Creating register for signal `\rv128i_anoc_memory.\mem[181]' using process `\rv128i_anoc_memory.$proc$rtl/riscv/rv128i_anoc_memory.sv:98$594'.
  created $adff cell `$procdff$40350' with positive edge clock and positive level reset.
Creating register for signal `\rv128i_anoc_memory.\mem[182]' using process `\rv128i_anoc_memory.$proc$rtl/riscv/rv128i_anoc_memory.sv:98$594'.
  created $adff cell `$procdff$40353' with positive edge clock and positive level reset.
Creating register for signal `\rv128i_anoc_memory.\mem[183]' using process `\rv128i_anoc_memory.$proc$rtl/riscv/rv128i_anoc_memory.sv:98$594'.
  created $adff cell `$procdff$40356' with positive edge clock and positive level reset.
Creating register for signal `\rv128i_anoc_memory.\mem[184]' using process `\rv128i_anoc_memory.$proc$rtl/riscv/rv128i_anoc_memory.sv:98$594'.
  created $adff cell `$procdff$40359' with positive edge clock and positive level reset.
Creating register for signal `\rv128i_anoc_memory.\mem[185]' using process `\rv128i_anoc_memory.$proc$rtl/riscv/rv128i_anoc_memory.sv:98$594'.
  created $adff cell `$procdff$40362' with positive edge clock and positive level reset.
Creating register for signal `\rv128i_anoc_memory.\mem[186]' using process `\rv128i_anoc_memory.$proc$rtl/riscv/rv128i_anoc_memory.sv:98$594'.
  created $adff cell `$procdff$40365' with positive edge clock and positive level reset.
Creating register for signal `\rv128i_anoc_memory.\mem[187]' using process `\rv128i_anoc_memory.$proc$rtl/riscv/rv128i_anoc_memory.sv:98$594'.
  created $adff cell `$procdff$40368' with positive edge clock and positive level reset.
Creating register for signal `\rv128i_anoc_memory.\mem[188]' using process `\rv128i_anoc_memory.$proc$rtl/riscv/rv128i_anoc_memory.sv:98$594'.
  created $adff cell `$procdff$40371' with positive edge clock and positive level reset.
Creating register for signal `\rv128i_anoc_memory.\mem[189]' using process `\rv128i_anoc_memory.$proc$rtl/riscv/rv128i_anoc_memory.sv:98$594'.
  created $adff cell `$procdff$40374' with positive edge clock and positive level reset.
Creating register for signal `\rv128i_anoc_memory.\mem[190]' using process `\rv128i_anoc_memory.$proc$rtl/riscv/rv128i_anoc_memory.sv:98$594'.
  created $adff cell `$procdff$40377' with positive edge clock and positive level reset.
Creating register for signal `\rv128i_anoc_memory.\mem[191]' using process `\rv128i_anoc_memory.$proc$rtl/riscv/rv128i_anoc_memory.sv:98$594'.
  created $adff cell `$procdff$40380' with positive edge clock and positive level reset.
Creating register for signal `\rv128i_anoc_memory.\mem[192]' using process `\rv128i_anoc_memory.$proc$rtl/riscv/rv128i_anoc_memory.sv:98$594'.
  created $adff cell `$procdff$40383' with positive edge clock and positive level reset.
Creating register for signal `\rv128i_anoc_memory.\mem[193]' using process `\rv128i_anoc_memory.$proc$rtl/riscv/rv128i_anoc_memory.sv:98$594'.
  created $adff cell `$procdff$40386' with positive edge clock and positive level reset.
Creating register for signal `\rv128i_anoc_memory.\mem[194]' using process `\rv128i_anoc_memory.$proc$rtl/riscv/rv128i_anoc_memory.sv:98$594'.
  created $adff cell `$procdff$40389' with positive edge clock and positive level reset.
Creating register for signal `\rv128i_anoc_memory.\mem[195]' using process `\rv128i_anoc_memory.$proc$rtl/riscv/rv128i_anoc_memory.sv:98$594'.
  created $adff cell `$procdff$40392' with positive edge clock and positive level reset.
Creating register for signal `\rv128i_anoc_memory.\mem[196]' using process `\rv128i_anoc_memory.$proc$rtl/riscv/rv128i_anoc_memory.sv:98$594'.
  created $adff cell `$procdff$40395' with positive edge clock and positive level reset.
Creating register for signal `\rv128i_anoc_memory.\mem[197]' using process `\rv128i_anoc_memory.$proc$rtl/riscv/rv128i_anoc_memory.sv:98$594'.
  created $adff cell `$procdff$40398' with positive edge clock and positive level reset.
Creating register for signal `\rv128i_anoc_memory.\mem[198]' using process `\rv128i_anoc_memory.$proc$rtl/riscv/rv128i_anoc_memory.sv:98$594'.
  created $adff cell `$procdff$40401' with positive edge clock and positive level reset.
Creating register for signal `\rv128i_anoc_memory.\mem[199]' using process `\rv128i_anoc_memory.$proc$rtl/riscv/rv128i_anoc_memory.sv:98$594'.
  created $adff cell `$procdff$40404' with positive edge clock and positive level reset.
Creating register for signal `\rv128i_anoc_memory.\mem[200]' using process `\rv128i_anoc_memory.$proc$rtl/riscv/rv128i_anoc_memory.sv:98$594'.
  created $adff cell `$procdff$40407' with positive edge clock and positive level reset.
Creating register for signal `\rv128i_anoc_memory.\mem[201]' using process `\rv128i_anoc_memory.$proc$rtl/riscv/rv128i_anoc_memory.sv:98$594'.
  created $adff cell `$procdff$40410' with positive edge clock and positive level reset.
Creating register for signal `\rv128i_anoc_memory.\mem[202]' using process `\rv128i_anoc_memory.$proc$rtl/riscv/rv128i_anoc_memory.sv:98$594'.
  created $adff cell `$procdff$40413' with positive edge clock and positive level reset.
Creating register for signal `\rv128i_anoc_memory.\mem[203]' using process `\rv128i_anoc_memory.$proc$rtl/riscv/rv128i_anoc_memory.sv:98$594'.
  created $adff cell `$procdff$40416' with positive edge clock and positive level reset.
Creating register for signal `\rv128i_anoc_memory.\mem[204]' using process `\rv128i_anoc_memory.$proc$rtl/riscv/rv128i_anoc_memory.sv:98$594'.
  created $adff cell `$procdff$40419' with positive edge clock and positive level reset.
Creating register for signal `\rv128i_anoc_memory.\mem[205]' using process `\rv128i_anoc_memory.$proc$rtl/riscv/rv128i_anoc_memory.sv:98$594'.
  created $adff cell `$procdff$40422' with positive edge clock and positive level reset.
Creating register for signal `\rv128i_anoc_memory.\mem[206]' using process `\rv128i_anoc_memory.$proc$rtl/riscv/rv128i_anoc_memory.sv:98$594'.
  created $adff cell `$procdff$40425' with positive edge clock and positive level reset.
Creating register for signal `\rv128i_anoc_memory.\mem[207]' using process `\rv128i_anoc_memory.$proc$rtl/riscv/rv128i_anoc_memory.sv:98$594'.
  created $adff cell `$procdff$40428' with positive edge clock and positive level reset.
Creating register for signal `\rv128i_anoc_memory.\mem[208]' using process `\rv128i_anoc_memory.$proc$rtl/riscv/rv128i_anoc_memory.sv:98$594'.
  created $adff cell `$procdff$40431' with positive edge clock and positive level reset.
Creating register for signal `\rv128i_anoc_memory.\mem[209]' using process `\rv128i_anoc_memory.$proc$rtl/riscv/rv128i_anoc_memory.sv:98$594'.
  created $adff cell `$procdff$40434' with positive edge clock and positive level reset.
Creating register for signal `\rv128i_anoc_memory.\mem[210]' using process `\rv128i_anoc_memory.$proc$rtl/riscv/rv128i_anoc_memory.sv:98$594'.
  created $adff cell `$procdff$40437' with positive edge clock and positive level reset.
Creating register for signal `\rv128i_anoc_memory.\mem[211]' using process `\rv128i_anoc_memory.$proc$rtl/riscv/rv128i_anoc_memory.sv:98$594'.
  created $adff cell `$procdff$40440' with positive edge clock and positive level reset.
Creating register for signal `\rv128i_anoc_memory.\mem[212]' using process `\rv128i_anoc_memory.$proc$rtl/riscv/rv128i_anoc_memory.sv:98$594'.
  created $adff cell `$procdff$40443' with positive edge clock and positive level reset.
Creating register for signal `\rv128i_anoc_memory.\mem[213]' using process `\rv128i_anoc_memory.$proc$rtl/riscv/rv128i_anoc_memory.sv:98$594'.
  created $adff cell `$procdff$40446' with positive edge clock and positive level reset.
Creating register for signal `\rv128i_anoc_memory.\mem[214]' using process `\rv128i_anoc_memory.$proc$rtl/riscv/rv128i_anoc_memory.sv:98$594'.
  created $adff cell `$procdff$40449' with positive edge clock and positive level reset.
Creating register for signal `\rv128i_anoc_memory.\mem[215]' using process `\rv128i_anoc_memory.$proc$rtl/riscv/rv128i_anoc_memory.sv:98$594'.
  created $adff cell `$procdff$40452' with positive edge clock and positive level reset.
Creating register for signal `\rv128i_anoc_memory.\mem[216]' using process `\rv128i_anoc_memory.$proc$rtl/riscv/rv128i_anoc_memory.sv:98$594'.
  created $adff cell `$procdff$40455' with positive edge clock and positive level reset.
Creating register for signal `\rv128i_anoc_memory.\mem[217]' using process `\rv128i_anoc_memory.$proc$rtl/riscv/rv128i_anoc_memory.sv:98$594'.
  created $adff cell `$procdff$40458' with positive edge clock and positive level reset.
Creating register for signal `\rv128i_anoc_memory.\mem[218]' using process `\rv128i_anoc_memory.$proc$rtl/riscv/rv128i_anoc_memory.sv:98$594'.
  created $adff cell `$procdff$40461' with positive edge clock and positive level reset.
Creating register for signal `\rv128i_anoc_memory.\mem[219]' using process `\rv128i_anoc_memory.$proc$rtl/riscv/rv128i_anoc_memory.sv:98$594'.
  created $adff cell `$procdff$40464' with positive edge clock and positive level reset.
Creating register for signal `\rv128i_anoc_memory.\mem[220]' using process `\rv128i_anoc_memory.$proc$rtl/riscv/rv128i_anoc_memory.sv:98$594'.
  created $adff cell `$procdff$40467' with positive edge clock and positive level reset.
Creating register for signal `\rv128i_anoc_memory.\mem[221]' using process `\rv128i_anoc_memory.$proc$rtl/riscv/rv128i_anoc_memory.sv:98$594'.
  created $adff cell `$procdff$40470' with positive edge clock and positive level reset.
Creating register for signal `\rv128i_anoc_memory.\mem[222]' using process `\rv128i_anoc_memory.$proc$rtl/riscv/rv128i_anoc_memory.sv:98$594'.
  created $adff cell `$procdff$40473' with positive edge clock and positive level reset.
Creating register for signal `\rv128i_anoc_memory.\mem[223]' using process `\rv128i_anoc_memory.$proc$rtl/riscv/rv128i_anoc_memory.sv:98$594'.
  created $adff cell `$procdff$40476' with positive edge clock and positive level reset.
Creating register for signal `\rv128i_anoc_memory.\mem[224]' using process `\rv128i_anoc_memory.$proc$rtl/riscv/rv128i_anoc_memory.sv:98$594'.
  created $adff cell `$procdff$40479' with positive edge clock and positive level reset.
Creating register for signal `\rv128i_anoc_memory.\mem[225]' using process `\rv128i_anoc_memory.$proc$rtl/riscv/rv128i_anoc_memory.sv:98$594'.
  created $adff cell `$procdff$40482' with positive edge clock and positive level reset.
Creating register for signal `\rv128i_anoc_memory.\mem[226]' using process `\rv128i_anoc_memory.$proc$rtl/riscv/rv128i_anoc_memory.sv:98$594'.
  created $adff cell `$procdff$40485' with positive edge clock and positive level reset.
Creating register for signal `\rv128i_anoc_memory.\mem[227]' using process `\rv128i_anoc_memory.$proc$rtl/riscv/rv128i_anoc_memory.sv:98$594'.
  created $adff cell `$procdff$40488' with positive edge clock and positive level reset.
Creating register for signal `\rv128i_anoc_memory.\mem[228]' using process `\rv128i_anoc_memory.$proc$rtl/riscv/rv128i_anoc_memory.sv:98$594'.
  created $adff cell `$procdff$40491' with positive edge clock and positive level reset.
Creating register for signal `\rv128i_anoc_memory.\mem[229]' using process `\rv128i_anoc_memory.$proc$rtl/riscv/rv128i_anoc_memory.sv:98$594'.
  created $adff cell `$procdff$40494' with positive edge clock and positive level reset.
Creating register for signal `\rv128i_anoc_memory.\mem[230]' using process `\rv128i_anoc_memory.$proc$rtl/riscv/rv128i_anoc_memory.sv:98$594'.
  created $adff cell `$procdff$40497' with positive edge clock and positive level reset.
Creating register for signal `\rv128i_anoc_memory.\mem[231]' using process `\rv128i_anoc_memory.$proc$rtl/riscv/rv128i_anoc_memory.sv:98$594'.
  created $adff cell `$procdff$40500' with positive edge clock and positive level reset.
Creating register for signal `\rv128i_anoc_memory.\mem[232]' using process `\rv128i_anoc_memory.$proc$rtl/riscv/rv128i_anoc_memory.sv:98$594'.
  created $adff cell `$procdff$40503' with positive edge clock and positive level reset.
Creating register for signal `\rv128i_anoc_memory.\mem[233]' using process `\rv128i_anoc_memory.$proc$rtl/riscv/rv128i_anoc_memory.sv:98$594'.
  created $adff cell `$procdff$40506' with positive edge clock and positive level reset.
Creating register for signal `\rv128i_anoc_memory.\mem[234]' using process `\rv128i_anoc_memory.$proc$rtl/riscv/rv128i_anoc_memory.sv:98$594'.
  created $adff cell `$procdff$40509' with positive edge clock and positive level reset.
Creating register for signal `\rv128i_anoc_memory.\mem[235]' using process `\rv128i_anoc_memory.$proc$rtl/riscv/rv128i_anoc_memory.sv:98$594'.
  created $adff cell `$procdff$40512' with positive edge clock and positive level reset.
Creating register for signal `\rv128i_anoc_memory.\mem[236]' using process `\rv128i_anoc_memory.$proc$rtl/riscv/rv128i_anoc_memory.sv:98$594'.
  created $adff cell `$procdff$40515' with positive edge clock and positive level reset.
Creating register for signal `\rv128i_anoc_memory.\mem[237]' using process `\rv128i_anoc_memory.$proc$rtl/riscv/rv128i_anoc_memory.sv:98$594'.
  created $adff cell `$procdff$40518' with positive edge clock and positive level reset.
Creating register for signal `\rv128i_anoc_memory.\mem[238]' using process `\rv128i_anoc_memory.$proc$rtl/riscv/rv128i_anoc_memory.sv:98$594'.
  created $adff cell `$procdff$40521' with positive edge clock and positive level reset.
Creating register for signal `\rv128i_anoc_memory.\mem[239]' using process `\rv128i_anoc_memory.$proc$rtl/riscv/rv128i_anoc_memory.sv:98$594'.
  created $adff cell `$procdff$40524' with positive edge clock and positive level reset.
Creating register for signal `\rv128i_anoc_memory.\mem[240]' using process `\rv128i_anoc_memory.$proc$rtl/riscv/rv128i_anoc_memory.sv:98$594'.
  created $adff cell `$procdff$40527' with positive edge clock and positive level reset.
Creating register for signal `\rv128i_anoc_memory.\mem[241]' using process `\rv128i_anoc_memory.$proc$rtl/riscv/rv128i_anoc_memory.sv:98$594'.
  created $adff cell `$procdff$40530' with positive edge clock and positive level reset.
Creating register for signal `\rv128i_anoc_memory.\mem[242]' using process `\rv128i_anoc_memory.$proc$rtl/riscv/rv128i_anoc_memory.sv:98$594'.
  created $adff cell `$procdff$40533' with positive edge clock and positive level reset.
Creating register for signal `\rv128i_anoc_memory.\mem[243]' using process `\rv128i_anoc_memory.$proc$rtl/riscv/rv128i_anoc_memory.sv:98$594'.
  created $adff cell `$procdff$40536' with positive edge clock and positive level reset.
Creating register for signal `\rv128i_anoc_memory.\mem[244]' using process `\rv128i_anoc_memory.$proc$rtl/riscv/rv128i_anoc_memory.sv:98$594'.
  created $adff cell `$procdff$40539' with positive edge clock and positive level reset.
Creating register for signal `\rv128i_anoc_memory.\mem[245]' using process `\rv128i_anoc_memory.$proc$rtl/riscv/rv128i_anoc_memory.sv:98$594'.
  created $adff cell `$procdff$40542' with positive edge clock and positive level reset.
Creating register for signal `\rv128i_anoc_memory.\mem[246]' using process `\rv128i_anoc_memory.$proc$rtl/riscv/rv128i_anoc_memory.sv:98$594'.
  created $adff cell `$procdff$40545' with positive edge clock and positive level reset.
Creating register for signal `\rv128i_anoc_memory.\mem[247]' using process `\rv128i_anoc_memory.$proc$rtl/riscv/rv128i_anoc_memory.sv:98$594'.
  created $adff cell `$procdff$40548' with positive edge clock and positive level reset.
Creating register for signal `\rv128i_anoc_memory.\mem[248]' using process `\rv128i_anoc_memory.$proc$rtl/riscv/rv128i_anoc_memory.sv:98$594'.
  created $adff cell `$procdff$40551' with positive edge clock and positive level reset.
Creating register for signal `\rv128i_anoc_memory.\mem[249]' using process `\rv128i_anoc_memory.$proc$rtl/riscv/rv128i_anoc_memory.sv:98$594'.
  created $adff cell `$procdff$40554' with positive edge clock and positive level reset.
Creating register for signal `\rv128i_anoc_memory.\mem[250]' using process `\rv128i_anoc_memory.$proc$rtl/riscv/rv128i_anoc_memory.sv:98$594'.
  created $adff cell `$procdff$40557' with positive edge clock and positive level reset.
Creating register for signal `\rv128i_anoc_memory.\mem[251]' using process `\rv128i_anoc_memory.$proc$rtl/riscv/rv128i_anoc_memory.sv:98$594'.
  created $adff cell `$procdff$40560' with positive edge clock and positive level reset.
Creating register for signal `\rv128i_anoc_memory.\mem[252]' using process `\rv128i_anoc_memory.$proc$rtl/riscv/rv128i_anoc_memory.sv:98$594'.
  created $adff cell `$procdff$40563' with positive edge clock and positive level reset.
Creating register for signal `\rv128i_anoc_memory.\mem[253]' using process `\rv128i_anoc_memory.$proc$rtl/riscv/rv128i_anoc_memory.sv:98$594'.
  created $adff cell `$procdff$40566' with positive edge clock and positive level reset.
Creating register for signal `\rv128i_anoc_memory.\mem[254]' using process `\rv128i_anoc_memory.$proc$rtl/riscv/rv128i_anoc_memory.sv:98$594'.
  created $adff cell `$procdff$40569' with positive edge clock and positive level reset.
Creating register for signal `\rv128i_anoc_memory.\mem[255]' using process `\rv128i_anoc_memory.$proc$rtl/riscv/rv128i_anoc_memory.sv:98$594'.
  created $adff cell `$procdff$40572' with positive edge clock and positive level reset.
Creating register for signal `\rv128i_anoc_memory.$mem2reg_wr$\mem$rtl/riscv/rv128i_anoc_memory.sv:145$591_ADDR' using process `\rv128i_anoc_memory.$proc$rtl/riscv/rv128i_anoc_memory.sv:98$594'.
  created $adff cell `$procdff$40575' with positive edge clock and positive level reset.
Creating register for signal `\rv128i_anoc_memory.$mem2reg_wr$\mem$rtl/riscv/rv128i_anoc_memory.sv:145$591_DATA' using process `\rv128i_anoc_memory.$proc$rtl/riscv/rv128i_anoc_memory.sv:98$594'.
  created $adff cell `$procdff$40578' with positive edge clock and positive level reset.
Creating register for signal `\rv128i_anoc_memory.$mem2reg_rd$\mem$rtl/riscv/rv128i_anoc_memory.sv:160$592_ADDR' using process `\rv128i_anoc_memory.$proc$rtl/riscv/rv128i_anoc_memory.sv:98$594'.
  created $adff cell `$procdff$40581' with positive edge clock and positive level reset.
Creating register for signal `\rv128i_anoc_memory.$mem2reg_rd$\mem$rtl/riscv/rv128i_anoc_memory.sv:160$592_DATA' using process `\rv128i_anoc_memory.$proc$rtl/riscv/rv128i_anoc_memory.sv:98$594'.
  created $adff cell `$procdff$40584' with positive edge clock and positive level reset.
Creating register for signal `\rv128i_anoc_node.\resp_rdata' using process `\rv128i_anoc_node.$proc$rtl/riscv/rv128i_anoc_node.sv:68$585'.
  created $adff cell `$procdff$40587' with positive edge clock and positive level reset.
Creating register for signal `\rv128i_anoc_node.\resp_valid' using process `\rv128i_anoc_node.$proc$rtl/riscv/rv128i_anoc_node.sv:68$585'.
  created $adff cell `$procdff$40590' with positive edge clock and positive level reset.
Creating register for signal `\rv128i_anoc_node.\response_waiting' using process `\rv128i_anoc_node.$proc$rtl/riscv/rv128i_anoc_node.sv:68$585'.
  created $adff cell `$procdff$40593' with positive edge clock and positive level reset.
Creating register for signal `\rv128i_anoc_node.\response_tail_pending' using process `\rv128i_anoc_node.$proc$rtl/riscv/rv128i_anoc_node.sv:68$585'.
  created $adff cell `$procdff$40596' with positive edge clock and positive level reset.
Creating register for signal `\rv128i_anoc_node.\response_low' using process `\rv128i_anoc_node.$proc$rtl/riscv/rv128i_anoc_node.sv:68$585'.
  created $adff cell `$procdff$40599' with positive edge clock and positive level reset.
Creating register for signal `\rv128i_anoc_node.\response_high' using process `\rv128i_anoc_node.$proc$rtl/riscv/rv128i_anoc_node.sv:68$585'.
  created $adff cell `$procdff$40602' with positive edge clock and positive level reset.
Creating register for signal `\rv128i_noc_packetizer.\state' using process `\rv128i_noc_packetizer.$proc$rtl/riscv/rv128i_noc_packetizer.sv:100$584'.
  created $adff cell `$procdff$40605' with positive edge clock and positive level reset.
Creating register for signal `\rv128i_noc_packetizer.\write_q' using process `\rv128i_noc_packetizer.$proc$rtl/riscv/rv128i_noc_packetizer.sv:100$584'.
  created $adff cell `$procdff$40608' with positive edge clock and positive level reset.
Creating register for signal `\rv128i_noc_packetizer.\addr_q' using process `\rv128i_noc_packetizer.$proc$rtl/riscv/rv128i_noc_packetizer.sv:100$584'.
  created $adff cell `$procdff$40611' with positive edge clock and positive level reset.
Creating register for signal `\rv128i_noc_packetizer.\data_q' using process `\rv128i_noc_packetizer.$proc$rtl/riscv/rv128i_noc_packetizer.sv:100$584'.
  created $adff cell `$procdff$40614' with positive edge clock and positive level reset.
Creating register for signal `\rv128i_noc_packetizer.\sx_q' using process `\rv128i_noc_packetizer.$proc$rtl/riscv/rv128i_noc_packetizer.sv:100$584'.
  created $adff cell `$procdff$40617' with positive edge clock and positive level reset.
Creating register for signal `\rv128i_noc_packetizer.\sy_q' using process `\rv128i_noc_packetizer.$proc$rtl/riscv/rv128i_noc_packetizer.sv:100$584'.
  created $adff cell `$procdff$40620' with positive edge clock and positive level reset.
Creating register for signal `\rv128i_noc_packetizer.\dx_q' using process `\rv128i_noc_packetizer.$proc$rtl/riscv/rv128i_noc_packetizer.sv:100$584'.
  created $adff cell `$procdff$40623' with positive edge clock and positive level reset.
Creating register for signal `\rv128i_noc_packetizer.\dy_q' using process `\rv128i_noc_packetizer.$proc$rtl/riscv/rv128i_noc_packetizer.sv:100$584'.
  created $adff cell `$procdff$40626' with positive edge clock and positive level reset.
Creating register for signal `\rv128i_cpu.\halt_reg' using process `\rv128i_cpu.$proc$rtl/riscv/rv128i_cpu.sv:232$580'.
  created $adff cell `$procdff$40629' with positive edge clock and positive level reset.
Creating register for signal `\rv128i_pc.\pc' using process `\rv128i_pc.$proc$rtl/riscv/rv128i_pc.sv:15$547'.
  created $adff cell `$procdff$40632' with positive edge clock and positive level reset.

23.10. Executing PROC_MEMWR pass (convert process memory writes to cells).

23.11. Executing PROC_CLEAN pass (remove empty switches from decision trees).
Found and cleaned up 3 empty switches in `\rv128i_decoder.$proc$rtl/riscv/rv128i_decoder.sv:27$546'.
Removing empty process `rv128i_decoder.$proc$rtl/riscv/rv128i_decoder.sv:27$546'.
Found and cleaned up 1 empty switch in `\rv128i_regfile.$proc$rtl/riscv/rv128i_regfile.sv:20$543'.
Removing empty process `rv128i_regfile.$proc$rtl/riscv/rv128i_regfile.sv:20$543'.
Found and cleaned up 1 empty switch in `\rv128i_regfile.$proc$rtl/riscv/rv128i_regfile.sv:19$540'.
Removing empty process `rv128i_regfile.$proc$rtl/riscv/rv128i_regfile.sv:19$540'.
Found and cleaned up 2 empty switches in `\rv128i_regfile.$proc$rtl/riscv/rv128i_regfile.sv:24$531'.
Removing empty process `rv128i_regfile.$proc$rtl/riscv/rv128i_regfile.sv:24$531'.
Found and cleaned up 1 empty switch in `\rv128i_alu.$proc$rtl/riscv/rv128i_alu.sv:19$514'.
Removing empty process `rv128i_alu.$proc$rtl/riscv/rv128i_alu.sv:19$514'.
Removing empty process `$paramod$1df03c04492ea0925f5048f523097fc91a65437a\anoc_rv_router_buffered.$proc$rtl/router/anoc_rv_router_buffered.sv:203$798'.
Found and cleaned up 5 empty switches in `$paramod$1df03c04492ea0925f5048f523097fc91a65437a\anoc_rv_router_buffered.$proc$rtl/router/anoc_rv_router_buffered.sv:147$797'.
Removing empty process `$paramod$1df03c04492ea0925f5048f523097fc91a65437a\anoc_rv_router_buffered.$proc$rtl/router/anoc_rv_router_buffered.sv:147$797'.
Found and cleaned up 25 empty switches in `$paramod$1df03c04492ea0925f5048f523097fc91a65437a\anoc_rv_router_buffered.$proc$rtl/router/anoc_rv_router_buffered.sv:132$746'.
Removing empty process `$paramod$1df03c04492ea0925f5048f523097fc91a65437a\anoc_rv_router_buffered.$proc$rtl/router/anoc_rv_router_buffered.sv:132$746'.
Found and cleaned up 10 empty switches in `$paramod$1df03c04492ea0925f5048f523097fc91a65437a\anoc_rv_router_buffered.$proc$rtl/router/anoc_rv_router_buffered.sv:119$725'.
Removing empty process `$paramod$1df03c04492ea0925f5048f523097fc91a65437a\anoc_rv_router_buffered.$proc$rtl/router/anoc_rv_router_buffered.sv:119$725'.
Found and cleaned up 20 empty switches in `$paramod$1df03c04492ea0925f5048f523097fc91a65437a\anoc_rv_router_buffered.$proc$rtl/router/anoc_rv_router_buffered.sv:101$704'.
Removing empty process `$paramod$1df03c04492ea0925f5048f523097fc91a65437a\anoc_rv_router_buffered.$proc$rtl/router/anoc_rv_router_buffered.sv:101$704'.
Found and cleaned up 15 empty switches in `$paramod$1df03c04492ea0925f5048f523097fc91a65437a\anoc_rv_router_buffered.$proc$rtl/router/anoc_rv_router_buffered.sv:72$647'.
Removing empty process `$paramod$1df03c04492ea0925f5048f523097fc91a65437a\anoc_rv_router_buffered.$proc$rtl/router/anoc_rv_router_buffered.sv:72$647'.
Removing empty process `$paramod$1df03c04492ea0925f5048f523097fc91a65437a\anoc_rv_router_buffered.$proc$rtl/router/anoc_rv_router_buffered.sv:64$641'.
Removing empty process `$paramod$1df03c04492ea0925f5048f523097fc91a65437a\anoc_rv_router_buffered.$proc$rtl/router/anoc_rv_router_buffered.sv:48$640'.
Found and cleaned up 1 empty switch in `\rv128i_anoc_soc_top.$proc$rtl/riscv/rv128i_anoc_soc_top.sv:24$629'.
Removing empty process `rv128i_anoc_soc_top.$proc$rtl/riscv/rv128i_anoc_soc_top.sv:24$629'.
Removing empty process `rv128i_anoc_mesh_top.$proc$rtl/riscv/rv128i_anoc_mesh_top.sv:92$627'.
Found and cleaned up 10 empty switches in `\rv128i_anoc_memory.$proc$rtl/riscv/rv128i_anoc_memory.sv:98$594'.
Removing empty process `rv128i_anoc_memory.$proc$rtl/riscv/rv128i_anoc_memory.sv:98$594'.
Found and cleaned up 1 empty switch in `\rv128i_anoc_memory.$proc$rtl/riscv/rv128i_anoc_memory.sv:55$593'.
Removing empty process `rv128i_anoc_memory.$proc$rtl/riscv/rv128i_anoc_memory.sv:55$593'.
Found and cleaned up 4 empty switches in `\rv128i_anoc_node.$proc$rtl/riscv/rv128i_anoc_node.sv:68$585'.
Removing empty process `rv128i_anoc_node.$proc$rtl/riscv/rv128i_anoc_node.sv:68$585'.
Found and cleaned up 5 empty switches in `\rv128i_noc_packetizer.$proc$rtl/riscv/rv128i_noc_packetizer.sv:100$584'.
Removing empty process `rv128i_noc_packetizer.$proc$rtl/riscv/rv128i_noc_packetizer.sv:100$584'.
Found and cleaned up 1 empty switch in `\rv128i_noc_packetizer.$proc$rtl/riscv/rv128i_noc_packetizer.sv:44$582'.
Removing empty process `rv128i_noc_packetizer.$proc$rtl/riscv/rv128i_noc_packetizer.sv:44$582'.
Found and cleaned up 1 empty switch in `\rv128i_cpu.$proc$rtl/riscv/rv128i_cpu.sv:232$580'.
Removing empty process `rv128i_cpu.$proc$rtl/riscv/rv128i_cpu.sv:232$580'.
Found and cleaned up 4 empty switches in `\rv128i_cpu.$proc$rtl/riscv/rv128i_cpu.sv:203$571'.
Removing empty process `rv128i_cpu.$proc$rtl/riscv/rv128i_cpu.sv:203$571'.
Found and cleaned up 4 empty switches in `\rv128i_cpu.$proc$rtl/riscv/rv128i_cpu.sv:184$563'.
Removing empty process `rv128i_cpu.$proc$rtl/riscv/rv128i_cpu.sv:184$563'.
Found and cleaned up 1 empty switch in `\rv128i_cpu.$proc$rtl/riscv/rv128i_cpu.sv:167$559'.
Removing empty process `rv128i_cpu.$proc$rtl/riscv/rv128i_cpu.sv:167$559'.
Found and cleaned up 5 empty switches in `\rv128i_cpu.$proc$rtl/riscv/rv128i_cpu.sv:138$555'.
Removing empty process `rv128i_cpu.$proc$rtl/riscv/rv128i_cpu.sv:138$555'.
Removing empty process `rv128i_cpu.$proc$rtl/riscv/rv128i_cpu.sv:106$554'.
Removing empty process `$paramod$1379ebc503884398bf7573fe163f469993175ed7\anoc_rv_mesh.$proc$rtl/noc/anoc_rv_mesh.sv:64$814'.
Removing empty process `$paramod$1379ebc503884398bf7573fe163f469993175ed7\anoc_rv_mesh.$proc$rtl/noc/anoc_rv_mesh.sv:64$813'.
Removing empty process `$paramod$1379ebc503884398bf7573fe163f469993175ed7\anoc_rv_mesh.$proc$rtl/noc/anoc_rv_mesh.sv:64$812'.
Removing empty process `$paramod$1379ebc503884398bf7573fe163f469993175ed7\anoc_rv_mesh.$proc$rtl/noc/anoc_rv_mesh.sv:64$811'.
Removing empty process `$paramod$1379ebc503884398bf7573fe163f469993175ed7\anoc_rv_mesh.$proc$rtl/noc/anoc_rv_mesh.sv:64$810'.
Removing empty process `$paramod$1379ebc503884398bf7573fe163f469993175ed7\anoc_rv_mesh.$proc$rtl/noc/anoc_rv_mesh.sv:64$809'.
Removing empty process `$paramod$1379ebc503884398bf7573fe163f469993175ed7\anoc_rv_mesh.$proc$rtl/noc/anoc_rv_mesh.sv:64$808'.
Removing empty process `$paramod$1379ebc503884398bf7573fe163f469993175ed7\anoc_rv_mesh.$proc$rtl/noc/anoc_rv_mesh.sv:64$807'.
Removing empty process `$paramod$1379ebc503884398bf7573fe163f469993175ed7\anoc_rv_mesh.$proc$rtl/noc/anoc_rv_mesh.sv:64$806'.
Removing empty process `$paramod$1379ebc503884398bf7573fe163f469993175ed7\anoc_rv_mesh.$proc$rtl/noc/anoc_rv_mesh.sv:64$805'.
Removing empty process `$paramod$1379ebc503884398bf7573fe163f469993175ed7\anoc_rv_mesh.$proc$rtl/noc/anoc_rv_mesh.sv:64$804'.
Removing empty process `$paramod$1379ebc503884398bf7573fe163f469993175ed7\anoc_rv_mesh.$proc$rtl/noc/anoc_rv_mesh.sv:64$803'.
Removing empty process `$paramod$1379ebc503884398bf7573fe163f469993175ed7\anoc_rv_mesh.$proc$rtl/noc/anoc_rv_mesh.sv:64$802'.
Removing empty process `$paramod$1379ebc503884398bf7573fe163f469993175ed7\anoc_rv_mesh.$proc$rtl/noc/anoc_rv_mesh.sv:64$801'.
Removing empty process `$paramod$1379ebc503884398bf7573fe163f469993175ed7\anoc_rv_mesh.$proc$rtl/noc/anoc_rv_mesh.sv:64$800'.
Removing empty process `$paramod$1379ebc503884398bf7573fe163f469993175ed7\anoc_rv_mesh.$proc$rtl/noc/anoc_rv_mesh.sv:64$799'.
Found and cleaned up 2 empty switches in `\rv128i_pc.$proc$rtl/riscv/rv128i_pc.sv:15$547'.
Removing empty process `rv128i_pc.$proc$rtl/riscv/rv128i_pc.sv:15$547'.
Cleaned up 122 empty switches.

23.12. Executing OPT_EXPR pass (perform const folding).
Optimizing module rv128i_decoder.
<suppressed ~2 debug messages>
Optimizing module rv128i_regfile.
<suppressed ~41 debug messages>
Optimizing module rv128i_alu.
<suppressed ~2 debug messages>
Optimizing module $paramod$1df03c04492ea0925f5048f523097fc91a65437a\anoc_rv_router_buffered.
<suppressed ~103 debug messages>
Optimizing module rv128i_anoc_soc_top.
<suppressed ~1 debug messages>
Optimizing module rv128i_anoc_mesh_top.
Optimizing module rv128i_anoc_memory.
<suppressed ~277 debug messages>
Optimizing module rv128i_anoc_node.
<suppressed ~6 debug messages>
Optimizing module rv128i_noc_packetizer.
<suppressed ~17 debug messages>
Optimizing module rv128i_cpu.
<suppressed ~3 debug messages>
Optimizing module $paramod$1379ebc503884398bf7573fe163f469993175ed7\anoc_rv_mesh.
Optimizing module rv128i_pc.
<suppressed ~1 debug messages>

24. Executing OPT pass (performing simple optimizations).

24.1. Executing OPT_EXPR pass (perform const folding).
Optimizing module rv128i_decoder.
Optimizing module rv128i_regfile.
Optimizing module rv128i_alu.
Optimizing module $paramod$1df03c04492ea0925f5048f523097fc91a65437a\anoc_rv_router_buffered.
Optimizing module rv128i_anoc_soc_top.
Optimizing module rv128i_anoc_mesh_top.
Optimizing module rv128i_anoc_memory.
Optimizing module rv128i_anoc_node.
Optimizing module rv128i_noc_packetizer.
Optimizing module rv128i_cpu.
Optimizing module $paramod$1379ebc503884398bf7573fe163f469993175ed7\anoc_rv_mesh.
Optimizing module rv128i_pc.

24.2. Executing OPT_MERGE pass (detect identical cells).
Finding identical cells in module `\rv128i_decoder'.
Computing hashes of 49 cells of `\rv128i_decoder'.
Finding duplicate cells in `\rv128i_decoder'.
Computing hashes of 32 cells of `\rv128i_decoder'.
Finding duplicate cells in `\rv128i_decoder'.
<suppressed ~51 debug messages>
Finding identical cells in module `\rv128i_regfile'.
Computing hashes of 205 cells of `\rv128i_regfile'.
Finding duplicate cells in `\rv128i_regfile'.
Computing hashes of 203 cells of `\rv128i_regfile'.
Finding duplicate cells in `\rv128i_regfile'.
<suppressed ~6 debug messages>
Finding identical cells in module `\rv128i_alu'.
Computing hashes of 16 cells of `\rv128i_alu'.
Finding duplicate cells in `\rv128i_alu'.
Finding identical cells in module `$paramod$1df03c04492ea0925f5048f523097fc91a65437a\anoc_rv_router_buffered'.
Computing hashes of 523 cells of `$paramod$1df03c04492ea0925f5048f523097fc91a65437a\anoc_rv_router_buffered'.
Finding duplicate cells in `$paramod$1df03c04492ea0925f5048f523097fc91a65437a\anoc_rv_router_buffered'.
Computing hashes of 385 cells of `$paramod$1df03c04492ea0925f5048f523097fc91a65437a\anoc_rv_router_buffered'.
Finding duplicate cells in `$paramod$1df03c04492ea0925f5048f523097fc91a65437a\anoc_rv_router_buffered'.
<suppressed ~414 debug messages>
Finding identical cells in module `\rv128i_anoc_soc_top'.
Computing hashes of 7 cells of `\rv128i_anoc_soc_top'.
Finding duplicate cells in `\rv128i_anoc_soc_top'.
Finding identical cells in module `\rv128i_anoc_mesh_top'.
Computing hashes of 4 cells of `\rv128i_anoc_mesh_top'.
Finding duplicate cells in `\rv128i_anoc_mesh_top'.
Finding identical cells in module `\rv128i_anoc_memory'.
Computing hashes of 2463 cells of `\rv128i_anoc_memory'.
Finding duplicate cells in `\rv128i_anoc_memory'.
Computing hashes of 1913 cells of `\rv128i_anoc_memory'.
Finding duplicate cells in `\rv128i_anoc_memory'.
<suppressed ~1650 debug messages>
Finding identical cells in module `\rv128i_anoc_node'.
Computing hashes of 36 cells of `\rv128i_anoc_node'.
Finding duplicate cells in `\rv128i_anoc_node'.
Computing hashes of 31 cells of `\rv128i_anoc_node'.
Finding duplicate cells in `\rv128i_anoc_node'.
<suppressed ~15 debug messages>
Finding identical cells in module `\rv128i_noc_packetizer'.
Computing hashes of 76 cells of `\rv128i_noc_packetizer'.
Finding duplicate cells in `\rv128i_noc_packetizer'.
Computing hashes of 41 cells of `\rv128i_noc_packetizer'.
Finding duplicate cells in `\rv128i_noc_packetizer'.
<suppressed ~105 debug messages>
Finding identical cells in module `\rv128i_cpu'.
Computing hashes of 58 cells of `\rv128i_cpu'.
Finding duplicate cells in `\rv128i_cpu'.
Computing hashes of 52 cells of `\rv128i_cpu'.
Finding duplicate cells in `\rv128i_cpu'.
<suppressed ~18 debug messages>
Finding identical cells in module `$paramod$1379ebc503884398bf7573fe163f469993175ed7\anoc_rv_mesh'.
Computing hashes of 16 cells of `$paramod$1379ebc503884398bf7573fe163f469993175ed7\anoc_rv_mesh'.
Finding duplicate cells in `$paramod$1379ebc503884398bf7573fe163f469993175ed7\anoc_rv_mesh'.
Finding identical cells in module `\rv128i_pc'.
Computing hashes of 4 cells of `\rv128i_pc'.
Finding duplicate cells in `\rv128i_pc'.
Removed a total of 753 cells.

24.3. Executing OPT_MUXTREE pass (detect dead branches in mux trees).
Running muxtree optimizer on module \rv128i_decoder..
  Creating internal representation of mux trees.
  Evaluating internal representation of mux trees.
  Analyzing evaluation results.
    dead port 2/2 on $mux $procmux$879.
    dead port 2/2 on $mux $procmux$862.
    dead port 2/2 on $mux $procmux$846.
    dead port 2/2 on $mux $procmux$829.
Running muxtree optimizer on module \rv128i_regfile..
  Creating internal representation of mux trees.
  Evaluating internal representation of mux trees.
  Analyzing evaluation results.
    dead port 1/2 on $mux $procmux$999.
    dead port 2/2 on $mux $procmux$999.
    dead port 1/2 on $mux $procmux$996.
    dead port 2/2 on $mux $procmux$996.
    dead port 32/33 on $pmux $procmux$962.
    dead port 32/33 on $pmux $procmux$929.
Running muxtree optimizer on module \rv128i_alu..
  Creating internal representation of mux trees.
  Evaluating internal representation of mux trees.
  Analyzing evaluation results.
Running muxtree optimizer on module $paramod$1df03c04492ea0925f5048f523097fc91a65437a\anoc_rv_router_buffered..
  Creating internal representation of mux trees.
  Evaluating internal representation of mux trees.
  Analyzing evaluation results.
    dead port 1/2 on $mux $procmux$2286.
    dead port 1/2 on $mux $procmux$2283.
    dead port 1/2 on $mux $procmux$2280.
    dead port 1/2 on $mux $procmux$2271.
    dead port 1/2 on $mux $procmux$2265.
    dead port 1/2 on $mux $procmux$2262.
    dead port 1/2 on $mux $procmux$2256.
    dead port 1/2 on $mux $procmux$2253.
    dead port 1/2 on $mux $procmux$2250.
    dead port 1/2 on $mux $procmux$2241.
    dead port 1/2 on $mux $procmux$2235.
    dead port 1/2 on $mux $procmux$2232.
    dead port 1/2 on $mux $procmux$2226.
    dead port 1/2 on $mux $procmux$2223.
    dead port 1/2 on $mux $procmux$2220.
    dead port 1/2 on $mux $procmux$2211.
    dead port 1/2 on $mux $procmux$2205.
    dead port 1/2 on $mux $procmux$2202.
    dead port 1/2 on $mux $procmux$2196.
    dead port 1/2 on $mux $procmux$2193.
    dead port 1/2 on $mux $procmux$2190.
    dead port 1/2 on $mux $procmux$2184.
    dead port 2/2 on $mux $procmux$2184.
    dead port 1/2 on $mux $procmux$2181.
    dead port 2/2 on $mux $procmux$2181.
    dead port 2/2 on $mux $procmux$2163.
    dead port 2/2 on $mux $procmux$2154.
    dead port 2/2 on $mux $procmux$2146.
    dead port 2/2 on $mux $procmux$2139.
    dead port 2/2 on $mux $procmux$2133.
    dead port 1/2 on $mux $procmux$2123.
    dead port 2/2 on $mux $procmux$2123.
    dead port 1/2 on $mux $procmux$2120.
    dead port 2/2 on $mux $procmux$2120.
    dead port 2/2 on $mux $procmux$2102.
    dead port 2/2 on $mux $procmux$2093.
    dead port 2/2 on $mux $procmux$2085.
    dead port 2/2 on $mux $procmux$2078.
    dead port 2/2 on $mux $procmux$2072.
    dead port 1/2 on $mux $procmux$2062.
    dead port 2/2 on $mux $procmux$2062.
    dead port 1/2 on $mux $procmux$2059.
    dead port 2/2 on $mux $procmux$2059.
    dead port 2/2 on $mux $procmux$2041.
    dead port 2/2 on $mux $procmux$2032.
    dead port 2/2 on $mux $procmux$2024.
    dead port 2/2 on $mux $procmux$2017.
    dead port 2/2 on $mux $procmux$2011.
    dead port 1/2 on $mux $procmux$2001.
    dead port 2/2 on $mux $procmux$2001.
    dead port 1/2 on $mux $procmux$1998.
    dead port 2/2 on $mux $procmux$1998.
    dead port 2/2 on $mux $procmux$1980.
    dead port 2/2 on $mux $procmux$1971.
    dead port 2/2 on $mux $procmux$1963.
    dead port 2/2 on $mux $procmux$1956.
    dead port 2/2 on $mux $procmux$1950.
    dead port 1/2 on $mux $procmux$1940.
    dead port 2/2 on $mux $procmux$1940.
    dead port 1/2 on $mux $procmux$1937.
    dead port 2/2 on $mux $procmux$1937.
    dead port 2/2 on $mux $procmux$1919.
    dead port 2/2 on $mux $procmux$1910.
    dead port 2/2 on $mux $procmux$1902.
    dead port 2/2 on $mux $procmux$1895.
    dead port 2/2 on $mux $procmux$1889.
    dead port 1/2 on $mux $procmux$2414.
    dead port 2/2 on $mux $procmux$2414.
    dead port 1/2 on $mux $procmux$2411.
    dead port 2/2 on $mux $procmux$2411.
    dead port 1/2 on $mux $procmux$2398.
    dead port 2/2 on $mux $procmux$2398.
    dead port 1/2 on $mux $procmux$2395.
    dead port 2/2 on $mux $procmux$2395.
    dead port 1/2 on $mux $procmux$2382.
    dead port 2/2 on $mux $procmux$2382.
    dead port 1/2 on $mux $procmux$2379.
    dead port 2/2 on $mux $procmux$2379.
    dead port 1/2 on $mux $procmux$2366.
    dead port 2/2 on $mux $procmux$2366.
    dead port 1/2 on $mux $procmux$2363.
    dead port 2/2 on $mux $procmux$2363.
    dead port 1/2 on $mux $procmux$2350.
    dead port 2/2 on $mux $procmux$2350.
    dead port 1/2 on $mux $procmux$2347.
    dead port 2/2 on $mux $procmux$2347.
    dead port 1/2 on $mux $procmux$2331.
    dead port 1/2 on $mux $procmux$2325.
    dead port 1/2 on $mux $procmux$2322.
    dead port 1/2 on $mux $procmux$2316.
    dead port 1/2 on $mux $procmux$2313.
    dead port 1/2 on $mux $procmux$2310.
    dead port 1/2 on $mux $procmux$2301.
    dead port 1/2 on $mux $procmux$2295.
    dead port 1/2 on $mux $procmux$2292.
Running muxtree optimizer on module \rv128i_anoc_soc_top..
  Creating internal representation of mux trees.
  Evaluating internal representation of mux trees.
  Analyzing evaluation results.
Running muxtree optimizer on module \rv128i_anoc_mesh_top..
  Creating internal representation of mux trees.
  No muxes found in this module.
Running muxtree optimizer on module \rv128i_anoc_memory..
  Creating internal representation of mux trees.
  Evaluating internal representation of mux trees.
  Analyzing evaluation results.
    dead port 1/2 on $mux $procmux$2901.
    dead port 2/2 on $mux $procmux$2901.
    dead port 1/2 on $mux $procmux$2898.
    dead port 2/2 on $mux $procmux$2898.
    dead port 1/2 on $mux $procmux$2895.
    dead port 2/2 on $mux $procmux$2895.
    dead port 1/2 on $mux $procmux$2892.
    dead port 2/2 on $mux $procmux$2892.
    dead port 1/2 on $mux $procmux$2889.
    dead port 2/2 on $mux $procmux$2889.
    dead port 1/2 on $mux $procmux$2887.
    dead port 2/2 on $mux $procmux$2887.
    dead port 1/2 on $mux $procmux$2883.
    dead port 2/2 on $mux $procmux$2883.
    dead port 1/2 on $mux $procmux$2881.
    dead port 2/2 on $mux $procmux$2881.
    dead port 1/2 on $mux $procmux$2877.
    dead port 2/2 on $mux $procmux$2877.
    dead port 1/2 on $mux $procmux$2875.
    dead port 2/2 on $mux $procmux$2875.
    dead port 1/2 on $mux $procmux$2843.
    dead port 2/2 on $mux $procmux$2843.
    dead port 1/2 on $mux $procmux$2841.
    dead port 2/2 on $mux $procmux$2841.
    dead port 1/2 on $mux $procmux$2839.
    dead port 2/2 on $mux $procmux$2839.
    dead port 1/2 on $mux $procmux$2834.
    dead port 2/2 on $mux $procmux$2834.
    dead port 1/2 on $mux $procmux$2832.
    dead port 2/2 on $mux $procmux$2832.
    dead port 1/2 on $mux $procmux$2830.
    dead port 2/2 on $mux $procmux$2830.
    dead port 1/2 on $mux $procmux$2825.
    dead port 2/2 on $mux $procmux$2825.
    dead port 1/2 on $mux $procmux$2823.
    dead port 2/2 on $mux $procmux$2823.
    dead port 1/2 on $mux $procmux$2821.
    dead port 2/2 on $mux $procmux$2821.
    dead port 1/2 on $mux $procmux$2816.
    dead port 2/2 on $mux $procmux$2816.
    dead port 1/2 on $mux $procmux$2814.
    dead port 2/2 on $mux $procmux$2814.
    dead port 1/2 on $mux $procmux$2812.
    dead port 2/2 on $mux $procmux$2812.
    dead port 1/2 on $mux $procmux$2807.
    dead port 2/2 on $mux $procmux$2807.
    dead port 1/2 on $mux $procmux$2805.
    dead port 2/2 on $mux $procmux$2805.
    dead port 1/2 on $mux $procmux$2803.
    dead port 2/2 on $mux $procmux$2803.
    dead port 1/2 on $mux $procmux$2801.
    dead port 2/2 on $mux $procmux$2801.
    dead port 1/2 on $mux $procmux$2795.
    dead port 2/2 on $mux $procmux$2795.
    dead port 1/2 on $mux $procmux$2793.
    dead port 2/2 on $mux $procmux$2793.
    dead port 1/2 on $mux $procmux$2791.
    dead port 2/2 on $mux $procmux$2791.
    dead port 1/2 on $mux $procmux$2789.
    dead port 2/2 on $mux $procmux$2789.
    dead port 1/2 on $mux $procmux$2783.
    dead port 2/2 on $mux $procmux$2783.
    dead port 1/2 on $mux $procmux$2781.
    dead port 2/2 on $mux $procmux$2781.
    dead port 1/2 on $mux $procmux$2779.
    dead port 2/2 on $mux $procmux$2779.
    dead port 1/2 on $mux $procmux$2777.
    dead port 2/2 on $mux $procmux$2777.
    dead port 1/2 on $mux $procmux$2771.
    dead port 2/2 on $mux $procmux$2771.
    dead port 1/2 on $mux $procmux$2769.
    dead port 2/2 on $mux $procmux$2769.
    dead port 1/2 on $mux $procmux$2767.
    dead port 2/2 on $mux $procmux$2767.
    dead port 1/2 on $mux $procmux$2765.
    dead port 2/2 on $mux $procmux$2765.
    dead port 2/2 on $mux $procmux$2759.
    dead port 2/2 on $mux $procmux$2757.
    dead port 2/2 on $mux $procmux$2755.
    dead port 1/2 on $mux $procmux$2753.
    dead port 1/2 on $mux $procmux$38165.
    dead port 2/2 on $mux $procmux$38165.
    dead port 1/2 on $mux $procmux$38163.
    dead port 2/2 on $mux $procmux$38163.
Running muxtree optimizer on module \rv128i_anoc_node..
  Creating internal representation of mux trees.
  Evaluating internal representation of mux trees.
      Replacing known input bits on port A of cell $procmux$39297: \response_tail_pending -> 1'0
  Analyzing evaluation results.
Running muxtree optimizer on module \rv128i_noc_packetizer..
  Creating internal representation of mux trees.
  Evaluating internal representation of mux trees.
  Analyzing evaluation results.
Running muxtree optimizer on module \rv128i_cpu..
  Creating internal representation of mux trees.
  Evaluating internal representation of mux trees.
  Analyzing evaluation results.
    dead port 2/2 on $mux $procmux$39449.
    dead port 2/2 on $mux $procmux$39436.
    dead port 1/2 on $mux $procmux$39500.
    dead port 1/2 on $mux $procmux$39494.
    dead port 1/2 on $mux $procmux$39491.
Running muxtree optimizer on module $paramod$1379ebc503884398bf7573fe163f469993175ed7\anoc_rv_mesh..
  Creating internal representation of mux trees.
  No muxes found in this module.
Running muxtree optimizer on module \rv128i_pc..
  Creating internal representation of mux trees.
  Evaluating internal representation of mux trees.
  Analyzing evaluation results.
Removed 194 multiplexer ports.
<suppressed ~2162 debug messages>

24.4. Executing OPT_REDUCE pass (consolidate $*mux and $reduce_* inputs).
  Optimizing cells in module \rv128i_decoder.
    New ctrl vector for $pmux cell $procmux$874: $auto$opt_reduce.cc:135:opt_pmux$40634
    New ctrl vector for $pmux cell $procmux$902: $auto$opt_reduce.cc:135:opt_pmux$40636
    New ctrl vector for $pmux cell $procmux$882: { $auto$opt_reduce.cc:135:opt_pmux$40638 $procmux$897_CMP $procmux$898_CMP }
    New ctrl vector for $pmux cell $procmux$840: $auto$opt_reduce.cc:135:opt_pmux$40640
  Optimizing cells in module \rv128i_decoder.
  Optimizing cells in module \rv128i_regfile.
  Optimizing cells in module \rv128i_alu.
  Optimizing cells in module $paramod$1df03c04492ea0925f5048f523097fc91a65437a\anoc_rv_router_buffered.
    New ctrl vector for $pmux cell $procmux$1779: $auto$opt_reduce.cc:135:opt_pmux$40642
    New ctrl vector for $pmux cell $procmux$1751: $auto$opt_reduce.cc:135:opt_pmux$40644
    New ctrl vector for $pmux cell $procmux$1723: $auto$opt_reduce.cc:135:opt_pmux$40646
    New ctrl vector for $pmux cell $procmux$1695: $auto$opt_reduce.cc:135:opt_pmux$40648
    New ctrl vector for $pmux cell $procmux$1667: $auto$opt_reduce.cc:135:opt_pmux$40650
  Optimizing cells in module $paramod$1df03c04492ea0925f5048f523097fc91a65437a\anoc_rv_router_buffered.
  Optimizing cells in module \rv128i_anoc_soc_top.
  Optimizing cells in module \rv128i_anoc_mesh_top.
  Optimizing cells in module \rv128i_anoc_memory.
    New ctrl vector for $pmux cell $procmux$39277: $auto$opt_reduce.cc:135:opt_pmux$40652
    New ctrl vector for $pmux cell $procmux$39264: $auto$opt_reduce.cc:135:opt_pmux$40654
    New ctrl vector for $pmux cell $procmux$39260: $auto$opt_reduce.cc:135:opt_pmux$40656
  Optimizing cells in module \rv128i_anoc_memory.
  Optimizing cells in module \rv128i_anoc_node.
  Optimizing cells in module \rv128i_noc_packetizer.
    New ctrl vector for $pmux cell $procmux$39411: $auto$opt_reduce.cc:135:opt_pmux$40658
    New ctrl vector for $pmux cell $procmux$39406: $auto$opt_reduce.cc:135:opt_pmux$40660
    New ctrl vector for $pmux cell $procmux$39426: $auto$opt_reduce.cc:135:opt_pmux$40662
    New ctrl vector for $pmux cell $procmux$39401: $auto$opt_reduce.cc:135:opt_pmux$40664
    New ctrl vector for $pmux cell $procmux$39416: $auto$opt_reduce.cc:135:opt_pmux$40666
  Optimizing cells in module \rv128i_noc_packetizer.
  Optimizing cells in module \rv128i_cpu.
  Optimizing cells in module $paramod$1379ebc503884398bf7573fe163f469993175ed7\anoc_rv_mesh.
  Optimizing cells in module \rv128i_pc.
Performed a total of 17 changes.

24.5. Executing OPT_MERGE pass (detect identical cells).
Finding identical cells in module `\rv128i_decoder'.
Computing hashes of 32 cells of `\rv128i_decoder'.
Finding duplicate cells in `\rv128i_decoder'.
Finding identical cells in module `\rv128i_regfile'.
Computing hashes of 201 cells of `\rv128i_regfile'.
Finding duplicate cells in `\rv128i_regfile'.
Finding identical cells in module `\rv128i_alu'.
Computing hashes of 16 cells of `\rv128i_alu'.
Finding duplicate cells in `\rv128i_alu'.
Finding identical cells in module `$paramod$1df03c04492ea0925f5048f523097fc91a65437a\anoc_rv_router_buffered'.
Computing hashes of 315 cells of `$paramod$1df03c04492ea0925f5048f523097fc91a65437a\anoc_rv_router_buffered'.
Finding duplicate cells in `$paramod$1df03c04492ea0925f5048f523097fc91a65437a\anoc_rv_router_buffered'.
Finding identical cells in module `\rv128i_anoc_soc_top'.
Computing hashes of 7 cells of `\rv128i_anoc_soc_top'.
Finding duplicate cells in `\rv128i_anoc_soc_top'.
Finding identical cells in module `\rv128i_anoc_mesh_top'.
Computing hashes of 4 cells of `\rv128i_anoc_mesh_top'.
Finding duplicate cells in `\rv128i_anoc_mesh_top'.
Finding identical cells in module `\rv128i_anoc_memory'.
Computing hashes of 1872 cells of `\rv128i_anoc_memory'.
Finding duplicate cells in `\rv128i_anoc_memory'.
Computing hashes of 1869 cells of `\rv128i_anoc_memory'.
Finding duplicate cells in `\rv128i_anoc_memory'.
Computing hashes of 1867 cells of `\rv128i_anoc_memory'.
Finding duplicate cells in `\rv128i_anoc_memory'.
Computing hashes of 1866 cells of `\rv128i_anoc_memory'.
Finding duplicate cells in `\rv128i_anoc_memory'.
Computing hashes of 1865 cells of `\rv128i_anoc_memory'.
Finding duplicate cells in `\rv128i_anoc_memory'.
Computing hashes of 1864 cells of `\rv128i_anoc_memory'.
Finding duplicate cells in `\rv128i_anoc_memory'.
<suppressed ~24 debug messages>
Finding identical cells in module `\rv128i_anoc_node'.
Computing hashes of 31 cells of `\rv128i_anoc_node'.
Finding duplicate cells in `\rv128i_anoc_node'.
Finding identical cells in module `\rv128i_noc_packetizer'.
Computing hashes of 46 cells of `\rv128i_noc_packetizer'.
Finding duplicate cells in `\rv128i_noc_packetizer'.
Computing hashes of 42 cells of `\rv128i_noc_packetizer'.
Finding duplicate cells in `\rv128i_noc_packetizer'.
<suppressed ~12 debug messages>
Finding identical cells in module `\rv128i_cpu'.
Computing hashes of 47 cells of `\rv128i_cpu'.
Finding duplicate cells in `\rv128i_cpu'.
Finding identical cells in module `$paramod$1379ebc503884398bf7573fe163f469993175ed7\anoc_rv_mesh'.
Computing hashes of 16 cells of `$paramod$1379ebc503884398bf7573fe163f469993175ed7\anoc_rv_mesh'.
Finding duplicate cells in `$paramod$1379ebc503884398bf7573fe163f469993175ed7\anoc_rv_mesh'.
Finding identical cells in module `\rv128i_pc'.
Computing hashes of 4 cells of `\rv128i_pc'.
Finding duplicate cells in `\rv128i_pc'.
Removed a total of 12 cells.

24.6. Executing OPT_DFF pass (perform DFF optimizations).
Adding EN signal on $procdff$39560 ($adff) from module rv128i_regfile (D = \rd_data, Q = \regs[15]).
Adding EN signal on $procdff$39602 ($adff) from module rv128i_regfile (D = \rd_data, Q = \regs[29]).
Adding EN signal on $procdff$39557 ($adff) from module rv128i_regfile (D = \rd_data, Q = \regs[14]).
Adding EN signal on $procdff$39587 ($adff) from module rv128i_regfile (D = \rd_data, Q = \regs[24]).
Adding EN signal on $procdff$39563 ($adff) from module rv128i_regfile (D = \rd_data, Q = \regs[16]).
Handling D = Q on $procdff$39512 ($adff) from module rv128i_regfile (removing D path).
Adding EN signal on $procdff$39590 ($adff) from module rv128i_regfile (D = \rd_data, Q = \regs[25]).
Adding EN signal on $procdff$39566 ($adff) from module rv128i_regfile (D = \rd_data, Q = \regs[17]).
Adding EN signal on $procdff$39518 ($adff) from module rv128i_regfile (D = \rd_data, Q = \regs[1]).
Adding EN signal on $procdff$39521 ($adff) from module rv128i_regfile (D = \rd_data, Q = \regs[2]).
Adding EN signal on $procdff$39569 ($adff) from module rv128i_regfile (D = \rd_data, Q = \regs[18]).
Adding EN signal on $procdff$39524 ($adff) from module rv128i_regfile (D = \rd_data, Q = \regs[3]).
Adding EN signal on $procdff$39593 ($adff) from module rv128i_regfile (D = \rd_data, Q = \regs[26]).
Adding EN signal on $procdff$39527 ($adff) from module rv128i_regfile (D = \rd_data, Q = \regs[4]).
Adding EN signal on $procdff$39572 ($adff) from module rv128i_regfile (D = \rd_data, Q = \regs[19]).
Adding EN signal on $procdff$39530 ($adff) from module rv128i_regfile (D = \rd_data, Q = \regs[5]).
Adding EN signal on $procdff$39605 ($adff) from module rv128i_regfile (D = \rd_data, Q = \regs[30]).
Adding EN signal on $procdff$39533 ($adff) from module rv128i_regfile (D = \rd_data, Q = \regs[6]).
Adding EN signal on $procdff$39575 ($adff) from module rv128i_regfile (D = \rd_data, Q = \regs[20]).
Adding EN signal on $procdff$39536 ($adff) from module rv128i_regfile (D = \rd_data, Q = \regs[7]).
Adding EN signal on $procdff$39596 ($adff) from module rv128i_regfile (D = \rd_data, Q = \regs[27]).
Adding EN signal on $procdff$39539 ($adff) from module rv128i_regfile (D = \rd_data, Q = \regs[8]).
Adding EN signal on $procdff$39578 ($adff) from module rv128i_regfile (D = \rd_data, Q = \regs[21]).
Adding EN signal on $procdff$39542 ($adff) from module rv128i_regfile (D = \rd_data, Q = \regs[9]).
Adding EN signal on $procdff$39545 ($adff) from module rv128i_regfile (D = \rd_data, Q = \regs[10]).
Adding EN signal on $procdff$39581 ($adff) from module rv128i_regfile (D = \rd_data, Q = \regs[22]).
Adding EN signal on $procdff$39548 ($adff) from module rv128i_regfile (D = \rd_data, Q = \regs[11]).
Adding EN signal on $procdff$39599 ($adff) from module rv128i_regfile (D = \rd_data, Q = \regs[28]).
Adding EN signal on $procdff$39551 ($adff) from module rv128i_regfile (D = \rd_data, Q = \regs[12]).
Adding EN signal on $procdff$39584 ($adff) from module rv128i_regfile (D = \rd_data, Q = \regs[23]).
Adding EN signal on $procdff$39554 ($adff) from module rv128i_regfile (D = \rd_data, Q = \regs[13]).
Adding EN signal on $procdff$39608 ($adff) from module rv128i_regfile (D = \rd_data, Q = \regs[31]).
Setting constant 0-bit at position 0 on $procdff$39512 ($dlatch) from module rv128i_regfile.
Setting constant 0-bit at position 1 on $procdff$39512 ($dlatch) from module rv128i_regfile.
Setting constant 0-bit at position 2 on $procdff$39512 ($dlatch) from module rv128i_regfile.
Setting constant 0-bit at position 3 on $procdff$39512 ($dlatch) from module rv128i_regfile.
Setting constant 0-bit at position 4 on $procdff$39512 ($dlatch) from module rv128i_regfile.
Setting constant 1-bit at position 5 on $procdff$39512 ($dlatch) from module rv128i_regfile.
Setting constant 0-bit at position 6 on $procdff$39512 ($dlatch) from module rv128i_regfile.
Setting constant 0-bit at position 7 on $procdff$39512 ($dlatch) from module rv128i_regfile.
Setting constant 0-bit at position 8 on $procdff$39512 ($dlatch) from module rv128i_regfile.
Setting constant 0-bit at position 9 on $procdff$39512 ($dlatch) from module rv128i_regfile.
Setting constant 0-bit at position 10 on $procdff$39512 ($dlatch) from module rv128i_regfile.
Setting constant 0-bit at position 11 on $procdff$39512 ($dlatch) from module rv128i_regfile.
Setting constant 0-bit at position 12 on $procdff$39512 ($dlatch) from module rv128i_regfile.
Setting constant 0-bit at position 13 on $procdff$39512 ($dlatch) from module rv128i_regfile.
Setting constant 0-bit at position 14 on $procdff$39512 ($dlatch) from module rv128i_regfile.
Setting constant 0-bit at position 15 on $procdff$39512 ($dlatch) from module rv128i_regfile.
Setting constant 0-bit at position 16 on $procdff$39512 ($dlatch) from module rv128i_regfile.
Setting constant 0-bit at position 17 on $procdff$39512 ($dlatch) from module rv128i_regfile.
Setting constant 0-bit at position 18 on $procdff$39512 ($dlatch) from module rv128i_regfile.
Setting constant 0-bit at position 19 on $procdff$39512 ($dlatch) from module rv128i_regfile.
Setting constant 0-bit at position 20 on $procdff$39512 ($dlatch) from module rv128i_regfile.
Setting constant 0-bit at position 21 on $procdff$39512 ($dlatch) from module rv128i_regfile.
Setting constant 0-bit at position 22 on $procdff$39512 ($dlatch) from module rv128i_regfile.
Setting constant 0-bit at position 23 on $procdff$39512 ($dlatch) from module rv128i_regfile.
Setting constant 0-bit at position 24 on $procdff$39512 ($dlatch) from module rv128i_regfile.
Setting constant 0-bit at position 25 on $procdff$39512 ($dlatch) from module rv128i_regfile.
Setting constant 0-bit at position 26 on $procdff$39512 ($dlatch) from module rv128i_regfile.
Setting constant 0-bit at position 27 on $procdff$39512 ($dlatch) from module rv128i_regfile.
Setting constant 0-bit at position 28 on $procdff$39512 ($dlatch) from module rv128i_regfile.
Setting constant 0-bit at position 29 on $procdff$39512 ($dlatch) from module rv128i_regfile.
Setting constant 0-bit at position 30 on $procdff$39512 ($dlatch) from module rv128i_regfile.
Setting constant 0-bit at position 31 on $procdff$39512 ($dlatch) from module rv128i_regfile.
Setting constant 1-bit at position 0 on $procdff$39611 ($adff) from module rv128i_regfile.
Setting constant 1-bit at position 1 on $procdff$39611 ($adff) from module rv128i_regfile.
Setting constant 1-bit at position 2 on $procdff$39611 ($adff) from module rv128i_regfile.
Setting constant 1-bit at position 3 on $procdff$39611 ($adff) from module rv128i_regfile.
Setting constant 1-bit at position 4 on $procdff$39611 ($adff) from module rv128i_regfile.
Setting constant 1-bit at position 0 on $procdff$39614 ($adff) from module rv128i_regfile.
Setting constant 1-bit at position 1 on $procdff$39614 ($adff) from module rv128i_regfile.
Setting constant 1-bit at position 2 on $procdff$39614 ($adff) from module rv128i_regfile.
Setting constant 1-bit at position 3 on $procdff$39614 ($adff) from module rv128i_regfile.
Setting constant 1-bit at position 4 on $procdff$39614 ($adff) from module rv128i_regfile.
Setting constant 1-bit at position 5 on $procdff$39614 ($adff) from module rv128i_regfile.
Setting constant 1-bit at position 6 on $procdff$39614 ($adff) from module rv128i_regfile.
Setting constant 1-bit at position 7 on $procdff$39614 ($adff) from module rv128i_regfile.
Setting constant 1-bit at position 8 on $procdff$39614 ($adff) from module rv128i_regfile.
Setting constant 1-bit at position 9 on $procdff$39614 ($adff) from module rv128i_regfile.
Setting constant 1-bit at position 10 on $procdff$39614 ($adff) from module rv128i_regfile.
Setting constant 1-bit at position 11 on $procdff$39614 ($adff) from module rv128i_regfile.
Setting constant 1-bit at position 12 on $procdff$39614 ($adff) from module rv128i_regfile.
Setting constant 1-bit at position 13 on $procdff$39614 ($adff) from module rv128i_regfile.
Setting constant 1-bit at position 14 on $procdff$39614 ($adff) from module rv128i_regfile.
Setting constant 1-bit at position 15 on $procdff$39614 ($adff) from module rv128i_regfile.
Setting constant 1-bit at position 16 on $procdff$39614 ($adff) from module rv128i_regfile.
Setting constant 1-bit at position 17 on $procdff$39614 ($adff) from module rv128i_regfile.
Setting constant 1-bit at position 18 on $procdff$39614 ($adff) from module rv128i_regfile.
Setting constant 1-bit at position 19 on $procdff$39614 ($adff) from module rv128i_regfile.
Setting constant 1-bit at position 20 on $procdff$39614 ($adff) from module rv128i_regfile.
Setting constant 1-bit at position 21 on $procdff$39614 ($adff) from module rv128i_regfile.
Setting constant 1-bit at position 22 on $procdff$39614 ($adff) from module rv128i_regfile.
Setting constant 1-bit at position 23 on $procdff$39614 ($adff) from module rv128i_regfile.
Setting constant 1-bit at position 24 on $procdff$39614 ($adff) from module rv128i_regfile.
Setting constant 1-bit at position 25 on $procdff$39614 ($adff) from module rv128i_regfile.
Setting constant 1-bit at position 26 on $procdff$39614 ($adff) from module rv128i_regfile.
Setting constant 1-bit at position 27 on $procdff$39614 ($adff) from module rv128i_regfile.
Setting constant 1-bit at position 28 on $procdff$39614 ($adff) from module rv128i_regfile.
Setting constant 1-bit at position 29 on $procdff$39614 ($adff) from module rv128i_regfile.
Setting constant 1-bit at position 30 on $procdff$39614 ($adff) from module rv128i_regfile.
Setting constant 1-bit at position 31 on $procdff$39614 ($adff) from module rv128i_regfile.
Setting constant 1-bit at position 32 on $procdff$39614 ($adff) from module rv128i_regfile.
Setting constant 1-bit at position 33 on $procdff$39614 ($adff) from module rv128i_regfile.
Setting constant 1-bit at position 34 on $procdff$39614 ($adff) from module rv128i_regfile.
Setting constant 1-bit at position 35 on $procdff$39614 ($adff) from module rv128i_regfile.
Setting constant 1-bit at position 36 on $procdff$39614 ($adff) from module rv128i_regfile.
Setting constant 1-bit at position 37 on $procdff$39614 ($adff) from module rv128i_regfile.
Setting constant 1-bit at position 38 on $procdff$39614 ($adff) from module rv128i_regfile.
Setting constant 1-bit at position 39 on $procdff$39614 ($adff) from module rv128i_regfile.
Setting constant 1-bit at position 40 on $procdff$39614 ($adff) from module rv128i_regfile.
Setting constant 1-bit at position 41 on $procdff$39614 ($adff) from module rv128i_regfile.
Setting constant 1-bit at position 42 on $procdff$39614 ($adff) from module rv128i_regfile.
Setting constant 1-bit at position 43 on $procdff$39614 ($adff) from module rv128i_regfile.
Setting constant 1-bit at position 44 on $procdff$39614 ($adff) from module rv128i_regfile.
Setting constant 1-bit at position 45 on $procdff$39614 ($adff) from module rv128i_regfile.
Setting constant 1-bit at position 46 on $procdff$39614 ($adff) from module rv128i_regfile.
Setting constant 1-bit at position 47 on $procdff$39614 ($adff) from module rv128i_regfile.
Setting constant 1-bit at position 48 on $procdff$39614 ($adff) from module rv128i_regfile.
Setting constant 1-bit at position 49 on $procdff$39614 ($adff) from module rv128i_regfile.
Setting constant 1-bit at position 50 on $procdff$39614 ($adff) from module rv128i_regfile.
Setting constant 1-bit at position 51 on $procdff$39614 ($adff) from module rv128i_regfile.
Setting constant 1-bit at position 52 on $procdff$39614 ($adff) from module rv128i_regfile.
Setting constant 1-bit at position 53 on $procdff$39614 ($adff) from module rv128i_regfile.
Setting constant 1-bit at position 54 on $procdff$39614 ($adff) from module rv128i_regfile.
Setting constant 1-bit at position 55 on $procdff$39614 ($adff) from module rv128i_regfile.
Setting constant 1-bit at position 56 on $procdff$39614 ($adff) from module rv128i_regfile.
Setting constant 1-bit at position 57 on $procdff$39614 ($adff) from module rv128i_regfile.
Setting constant 1-bit at position 58 on $procdff$39614 ($adff) from module rv128i_regfile.
Setting constant 1-bit at position 59 on $procdff$39614 ($adff) from module rv128i_regfile.
Setting constant 1-bit at position 60 on $procdff$39614 ($adff) from module rv128i_regfile.
Setting constant 1-bit at position 61 on $procdff$39614 ($adff) from module rv128i_regfile.
Setting constant 1-bit at position 62 on $procdff$39614 ($adff) from module rv128i_regfile.
Setting constant 1-bit at position 63 on $procdff$39614 ($adff) from module rv128i_regfile.
Setting constant 1-bit at position 64 on $procdff$39614 ($adff) from module rv128i_regfile.
Setting constant 1-bit at position 65 on $procdff$39614 ($adff) from module rv128i_regfile.
Setting constant 1-bit at position 66 on $procdff$39614 ($adff) from module rv128i_regfile.
Setting constant 1-bit at position 67 on $procdff$39614 ($adff) from module rv128i_regfile.
Setting constant 1-bit at position 68 on $procdff$39614 ($adff) from module rv128i_regfile.
Setting constant 1-bit at position 69 on $procdff$39614 ($adff) from module rv128i_regfile.
Setting constant 1-bit at position 70 on $procdff$39614 ($adff) from module rv128i_regfile.
Setting constant 1-bit at position 71 on $procdff$39614 ($adff) from module rv128i_regfile.
Setting constant 1-bit at position 72 on $procdff$39614 ($adff) from module rv128i_regfile.
Setting constant 1-bit at position 73 on $procdff$39614 ($adff) from module rv128i_regfile.
Setting constant 1-bit at position 74 on $procdff$39614 ($adff) from module rv128i_regfile.
Setting constant 1-bit at position 75 on $procdff$39614 ($adff) from module rv128i_regfile.
Setting constant 1-bit at position 76 on $procdff$39614 ($adff) from module rv128i_regfile.
Setting constant 1-bit at position 77 on $procdff$39614 ($adff) from module rv128i_regfile.
Setting constant 1-bit at position 78 on $procdff$39614 ($adff) from module rv128i_regfile.
Setting constant 1-bit at position 79 on $procdff$39614 ($adff) from module rv128i_regfile.
Setting constant 1-bit at position 80 on $procdff$39614 ($adff) from module rv128i_regfile.
Setting constant 1-bit at position 81 on $procdff$39614 ($adff) from module rv128i_regfile.
Setting constant 1-bit at position 82 on $procdff$39614 ($adff) from module rv128i_regfile.
Setting constant 1-bit at position 83 on $procdff$39614 ($adff) from module rv128i_regfile.
Setting constant 1-bit at position 84 on $procdff$39614 ($adff) from module rv128i_regfile.
Setting constant 1-bit at position 85 on $procdff$39614 ($adff) from module rv128i_regfile.
Setting constant 1-bit at position 86 on $procdff$39614 ($adff) from module rv128i_regfile.
Setting constant 1-bit at position 87 on $procdff$39614 ($adff) from module rv128i_regfile.
Setting constant 1-bit at position 88 on $procdff$39614 ($adff) from module rv128i_regfile.
Setting constant 1-bit at position 89 on $procdff$39614 ($adff) from module rv128i_regfile.
Setting constant 1-bit at position 90 on $procdff$39614 ($adff) from module rv128i_regfile.
Setting constant 1-bit at position 91 on $procdff$39614 ($adff) from module rv128i_regfile.
Setting constant 1-bit at position 92 on $procdff$39614 ($adff) from module rv128i_regfile.
Setting constant 1-bit at position 93 on $procdff$39614 ($adff) from module rv128i_regfile.
Setting constant 1-bit at position 94 on $procdff$39614 ($adff) from module rv128i_regfile.
Setting constant 1-bit at position 95 on $procdff$39614 ($adff) from module rv128i_regfile.
Setting constant 1-bit at position 96 on $procdff$39614 ($adff) from module rv128i_regfile.
Setting constant 1-bit at position 97 on $procdff$39614 ($adff) from module rv128i_regfile.
Setting constant 1-bit at position 98 on $procdff$39614 ($adff) from module rv128i_regfile.
Setting constant 1-bit at position 99 on $procdff$39614 ($adff) from module rv128i_regfile.
Setting constant 1-bit at position 100 on $procdff$39614 ($adff) from module rv128i_regfile.
Setting constant 1-bit at position 101 on $procdff$39614 ($adff) from module rv128i_regfile.
Setting constant 1-bit at position 102 on $procdff$39614 ($adff) from module rv128i_regfile.
Setting constant 1-bit at position 103 on $procdff$39614 ($adff) from module rv128i_regfile.
Setting constant 1-bit at position 104 on $procdff$39614 ($adff) from module rv128i_regfile.
Setting constant 1-bit at position 105 on $procdff$39614 ($adff) from module rv128i_regfile.
Setting constant 1-bit at position 106 on $procdff$39614 ($adff) from module rv128i_regfile.
Setting constant 1-bit at position 107 on $procdff$39614 ($adff) from module rv128i_regfile.
Setting constant 1-bit at position 108 on $procdff$39614 ($adff) from module rv128i_regfile.
Setting constant 1-bit at position 109 on $procdff$39614 ($adff) from module rv128i_regfile.
Setting constant 1-bit at position 110 on $procdff$39614 ($adff) from module rv128i_regfile.
Setting constant 1-bit at position 111 on $procdff$39614 ($adff) from module rv128i_regfile.
Setting constant 1-bit at position 112 on $procdff$39614 ($adff) from module rv128i_regfile.
Setting constant 1-bit at position 113 on $procdff$39614 ($adff) from module rv128i_regfile.
Setting constant 1-bit at position 114 on $procdff$39614 ($adff) from module rv128i_regfile.
Setting constant 1-bit at position 115 on $procdff$39614 ($adff) from module rv128i_regfile.
Setting constant 1-bit at position 116 on $procdff$39614 ($adff) from module rv128i_regfile.
Setting constant 1-bit at position 117 on $procdff$39614 ($adff) from module rv128i_regfile.
Setting constant 1-bit at position 118 on $procdff$39614 ($adff) from module rv128i_regfile.
Setting constant 1-bit at position 119 on $procdff$39614 ($adff) from module rv128i_regfile.
Setting constant 1-bit at position 120 on $procdff$39614 ($adff) from module rv128i_regfile.
Setting constant 1-bit at position 121 on $procdff$39614 ($adff) from module rv128i_regfile.
Setting constant 1-bit at position 122 on $procdff$39614 ($adff) from module rv128i_regfile.
Setting constant 1-bit at position 123 on $procdff$39614 ($adff) from module rv128i_regfile.
Setting constant 1-bit at position 124 on $procdff$39614 ($adff) from module rv128i_regfile.
Setting constant 1-bit at position 125 on $procdff$39614 ($adff) from module rv128i_regfile.
Setting constant 1-bit at position 126 on $procdff$39614 ($adff) from module rv128i_regfile.
Setting constant 1-bit at position 127 on $procdff$39614 ($adff) from module rv128i_regfile.
Adding EN signal on $procdff$39706 ($adff) from module $paramod$1df03c04492ea0925f5048f523097fc91a65437a\anoc_rv_router_buffered (D = \dest_y_vec[1], Q = \buf_dest_y[1]).
Adding EN signal on $procdff$39636 ($adff) from module $paramod$1df03c04492ea0925f5048f523097fc91a65437a\anoc_rv_router_buffered (D = $procmux$2474_Y, Q = \buf_valid[2]).
Adding EN signal on $procdff$39711 ($adff) from module $paramod$1df03c04492ea0925f5048f523097fc91a65437a\anoc_rv_router_buffered (D = \dest_y_vec[2], Q = \buf_dest_y[2]).
Adding EN signal on $procdff$39716 ($adff) from module $paramod$1df03c04492ea0925f5048f523097fc91a65437a\anoc_rv_router_buffered (D = \dest_y_vec[3], Q = \buf_dest_y[3]).
Adding EN signal on $procdff$39666 ($adff) from module $paramod$1df03c04492ea0925f5048f523097fc91a65437a\anoc_rv_router_buffered (D = \data_in_vec[3], Q = \buf_data[3]).
Adding EN signal on $procdff$39641 ($adff) from module $paramod$1df03c04492ea0925f5048f523097fc91a65437a\anoc_rv_router_buffered (D = $procmux$2469_Y, Q = \buf_valid[3]).
Adding EN signal on $procdff$39686 ($adff) from module $paramod$1df03c04492ea0925f5048f523097fc91a65437a\anoc_rv_router_buffered (D = \dest_x_vec[2], Q = \buf_dest_x[2]).
Adding EN signal on $procdff$39651 ($adff) from module $paramod$1df03c04492ea0925f5048f523097fc91a65437a\anoc_rv_router_buffered (D = \data_in_vec[0], Q = \buf_data[0]).
Adding EN signal on $procdff$39646 ($adff) from module $paramod$1df03c04492ea0925f5048f523097fc91a65437a\anoc_rv_router_buffered (D = $procmux$2464_Y, Q = \buf_valid[4]).
Adding EN signal on $procdff$39721 ($adff) from module $paramod$1df03c04492ea0925f5048f523097fc91a65437a\anoc_rv_router_buffered (D = \dest_y_vec[4], Q = \buf_dest_y[4]).
Adding EN signal on $procdff$39701 ($adff) from module $paramod$1df03c04492ea0925f5048f523097fc91a65437a\anoc_rv_router_buffered (D = \dest_y_vec[0], Q = \buf_dest_y[0]).
Handling D = Q on $procdff$39621 ($dff) from module $paramod$1df03c04492ea0925f5048f523097fc91a65437a\anoc_rv_router_buffered (removing D path).
Adding EN signal on $procdff$39671 ($adff) from module $paramod$1df03c04492ea0925f5048f523097fc91a65437a\anoc_rv_router_buffered (D = \data_in_vec[4], Q = \buf_data[4]).
Adding EN signal on $procdff$39676 ($adff) from module $paramod$1df03c04492ea0925f5048f523097fc91a65437a\anoc_rv_router_buffered (D = \dest_x_vec[0], Q = \buf_dest_x[0]).
Adding EN signal on $procdff$39656 ($adff) from module $paramod$1df03c04492ea0925f5048f523097fc91a65437a\anoc_rv_router_buffered (D = \data_in_vec[1], Q = \buf_data[1]).
Adding EN signal on $procdff$39696 ($adff) from module $paramod$1df03c04492ea0925f5048f523097fc91a65437a\anoc_rv_router_buffered (D = \dest_x_vec[4], Q = \buf_dest_x[4]).
Adding EN signal on $procdff$39626 ($adff) from module $paramod$1df03c04492ea0925f5048f523097fc91a65437a\anoc_rv_router_buffered (D = $procmux$2484_Y, Q = \buf_valid[0]).
Adding EN signal on $procdff$39691 ($adff) from module $paramod$1df03c04492ea0925f5048f523097fc91a65437a\anoc_rv_router_buffered (D = \dest_x_vec[3], Q = \buf_dest_x[3]).
Adding EN signal on $procdff$39631 ($adff) from module $paramod$1df03c04492ea0925f5048f523097fc91a65437a\anoc_rv_router_buffered (D = $procmux$2479_Y, Q = \buf_valid[1]).
Adding EN signal on $procdff$39661 ($adff) from module $paramod$1df03c04492ea0925f5048f523097fc91a65437a\anoc_rv_router_buffered (D = \data_in_vec[2], Q = \buf_data[2]).
Adding EN signal on $procdff$39681 ($adff) from module $paramod$1df03c04492ea0925f5048f523097fc91a65437a\anoc_rv_router_buffered (D = \dest_x_vec[1], Q = \buf_dest_x[1]).
Setting constant 1-bit at position 0 on $procdff$39741 ($adff) from module $paramod$1df03c04492ea0925f5048f523097fc91a65437a\anoc_rv_router_buffered.
Setting constant 1-bit at position 1 on $procdff$39741 ($adff) from module $paramod$1df03c04492ea0925f5048f523097fc91a65437a\anoc_rv_router_buffered.
Setting constant 1-bit at position 2 on $procdff$39741 ($adff) from module $paramod$1df03c04492ea0925f5048f523097fc91a65437a\anoc_rv_router_buffered.
Setting constant 1-bit at position 3 on $procdff$39741 ($adff) from module $paramod$1df03c04492ea0925f5048f523097fc91a65437a\anoc_rv_router_buffered.
Setting constant 1-bit at position 4 on $procdff$39741 ($adff) from module $paramod$1df03c04492ea0925f5048f523097fc91a65437a\anoc_rv_router_buffered.
Setting constant 1-bit at position 0 on $procdff$39746 ($adff) from module $paramod$1df03c04492ea0925f5048f523097fc91a65437a\anoc_rv_router_buffered.
Setting constant 1-bit at position 1 on $procdff$39746 ($adff) from module $paramod$1df03c04492ea0925f5048f523097fc91a65437a\anoc_rv_router_buffered.
Setting constant 1-bit at position 2 on $procdff$39746 ($adff) from module $paramod$1df03c04492ea0925f5048f523097fc91a65437a\anoc_rv_router_buffered.
Adding EN signal on $procdff$40104 ($adff) from module rv128i_anoc_memory (D = { \flit_in [43:0] \data_q [83:0] }, Q = \mem[99]).
Adding EN signal on $procdff$40107 ($adff) from module rv128i_anoc_memory (D = { \flit_in [43:0] \data_q [83:0] }, Q = \mem[100]).
Adding EN signal on $procdff$40347 ($adff) from module rv128i_anoc_memory (D = { \flit_in [43:0] \data_q [83:0] }, Q = \mem[180]).
Adding EN signal on $procdff$40110 ($adff) from module rv128i_anoc_memory (D = { \flit_in [43:0] \data_q [83:0] }, Q = \mem[101]).
Adding EN signal on $procdff$40467 ($adff) from module rv128i_anoc_memory (D = { \flit_in [43:0] \data_q [83:0] }, Q = \mem[220]).
Adding EN signal on $procdff$40113 ($adff) from module rv128i_anoc_memory (D = { \flit_in [43:0] \data_q [83:0] }, Q = \mem[102]).
Adding EN signal on $procdff$40350 ($adff) from module rv128i_anoc_memory (D = { \flit_in [43:0] \data_q [83:0] }, Q = \mem[181]).
Adding EN signal on $procdff$40116 ($adff) from module rv128i_anoc_memory (D = { \flit_in [43:0] \data_q [83:0] }, Q = \mem[103]).
Adding EN signal on $procdff$40527 ($adff) from module rv128i_anoc_memory (D = { \flit_in [43:0] \data_q [83:0] }, Q = \mem[240]).
Adding EN signal on $procdff$40119 ($adff) from module rv128i_anoc_memory (D = { \flit_in [43:0] \data_q [83:0] }, Q = \mem[104]).
Adding EN signal on $procdff$40353 ($adff) from module rv128i_anoc_memory (D = { \flit_in [43:0] \data_q [83:0] }, Q = \mem[182]).
Adding EN signal on $procdff$40122 ($adff) from module rv128i_anoc_memory (D = { \flit_in [43:0] \data_q [83:0] }, Q = \mem[105]).
Adding EN signal on $procdff$40470 ($adff) from module rv128i_anoc_memory (D = { \flit_in [43:0] \data_q [83:0] }, Q = \mem[221]).
Adding EN signal on $procdff$40125 ($adff) from module rv128i_anoc_memory (D = { \flit_in [43:0] \data_q [83:0] }, Q = \mem[106]).
Adding EN signal on $procdff$40356 ($adff) from module rv128i_anoc_memory (D = { \flit_in [43:0] \data_q [83:0] }, Q = \mem[183]).
Adding EN signal on $procdff$40128 ($adff) from module rv128i_anoc_memory (D = { \flit_in [43:0] \data_q [83:0] }, Q = \mem[107]).
Adding EN signal on $procdff$40557 ($adff) from module rv128i_anoc_memory (D = { \flit_in [43:0] \data_q [83:0] }, Q = \mem[250]).
Adding EN signal on $procdff$40131 ($adff) from module rv128i_anoc_memory (D = { \flit_in [43:0] \data_q [83:0] }, Q = \mem[108]).
Adding EN signal on $procdff$40359 ($adff) from module rv128i_anoc_memory (D = { \flit_in [43:0] \data_q [83:0] }, Q = \mem[184]).
Adding EN signal on $procdff$40134 ($adff) from module rv128i_anoc_memory (D = { \flit_in [43:0] \data_q [83:0] }, Q = \mem[109]).
Adding EN signal on $procdff$40473 ($adff) from module rv128i_anoc_memory (D = { \flit_in [43:0] \data_q [83:0] }, Q = \mem[222]).
Adding EN signal on $procdff$40137 ($adff) from module rv128i_anoc_memory (D = { \flit_in [43:0] \data_q [83:0] }, Q = \mem[110]).
Adding EN signal on $procdff$40362 ($adff) from module rv128i_anoc_memory (D = { \flit_in [43:0] \data_q [83:0] }, Q = \mem[185]).
Adding EN signal on $procdff$40140 ($adff) from module rv128i_anoc_memory (D = { \flit_in [43:0] \data_q [83:0] }, Q = \mem[111]).
Adding EN signal on $procdff$40530 ($adff) from module rv128i_anoc_memory (D = { \flit_in [43:0] \data_q [83:0] }, Q = \mem[241]).
Adding EN signal on $procdff$40143 ($adff) from module rv128i_anoc_memory (D = { \flit_in [43:0] \data_q [83:0] }, Q = \mem[112]).
Adding EN signal on $procdff$40365 ($adff) from module rv128i_anoc_memory (D = { \flit_in [43:0] \data_q [83:0] }, Q = \mem[186]).
Adding EN signal on $procdff$40146 ($adff) from module rv128i_anoc_memory (D = { \flit_in [43:0] \data_q [83:0] }, Q = \mem[113]).
Adding EN signal on $procdff$40476 ($adff) from module rv128i_anoc_memory (D = { \flit_in [43:0] \data_q [83:0] }, Q = \mem[223]).
Adding EN signal on $procdff$40149 ($adff) from module rv128i_anoc_memory (D = { \flit_in [43:0] \data_q [83:0] }, Q = \mem[114]).
Adding EN signal on $procdff$40368 ($adff) from module rv128i_anoc_memory (D = { \flit_in [43:0] \data_q [83:0] }, Q = \mem[187]).
Adding EN signal on $procdff$40152 ($adff) from module rv128i_anoc_memory (D = { \flit_in [43:0] \data_q [83:0] }, Q = \mem[115]).
Adding EN signal on $procdff$40572 ($adff) from module rv128i_anoc_memory (D = { \flit_in [43:0] \data_q [83:0] }, Q = \mem[255]).
Adding EN signal on $procdff$40155 ($adff) from module rv128i_anoc_memory (D = { \flit_in [43:0] \data_q [83:0] }, Q = \mem[116]).
Adding EN signal on $procdff$40371 ($adff) from module rv128i_anoc_memory (D = { \flit_in [43:0] \data_q [83:0] }, Q = \mem[188]).
Adding EN signal on $procdff$40524 ($adff) from module rv128i_anoc_memory (D = { \flit_in [43:0] \data_q [83:0] }, Q = \mem[239]).
Adding EN signal on $procdff$40158 ($adff) from module rv128i_anoc_memory (D = { \flit_in [43:0] \data_q [83:0] }, Q = \mem[117]).
Adding EN signal on $procdff$40479 ($adff) from module rv128i_anoc_memory (D = { \flit_in [43:0] \data_q [83:0] }, Q = \mem[224]).
Adding EN signal on $procdff$40161 ($adff) from module rv128i_anoc_memory (D = { \flit_in [43:0] \data_q [83:0] }, Q = \mem[118]).
Adding EN signal on $procdff$40095 ($adff) from module rv128i_anoc_memory (D = { \flit_in [43:0] \data_q [83:0] }, Q = \mem[96]).
Adding EN signal on $procdff$40341 ($adff) from module rv128i_anoc_memory (D = { \flit_in [43:0] \data_q [83:0] }, Q = \mem[178]).
Adding EN signal on $procdff$40374 ($adff) from module rv128i_anoc_memory (D = { \flit_in [43:0] \data_q [83:0] }, Q = \mem[189]).
Adding EN signal on $procdff$40098 ($adff) from module rv128i_anoc_memory (D = { \flit_in [43:0] \data_q [83:0] }, Q = \mem[97]).
Adding EN signal on $procdff$40164 ($adff) from module rv128i_anoc_memory (D = { \flit_in [43:0] \data_q [83:0] }, Q = \mem[119]).
Adding EN signal on $procdff$40533 ($adff) from module rv128i_anoc_memory (D = { \flit_in [43:0] \data_q [83:0] }, Q = \mem[242]).
Adding EN signal on $procdff$40464 ($adff) from module rv128i_anoc_memory (D = { \flit_in [43:0] \data_q [83:0] }, Q = \mem[219]).
Adding EN signal on $procdff$40167 ($adff) from module rv128i_anoc_memory (D = { \flit_in [43:0] \data_q [83:0] }, Q = \mem[120]).
Adding EN signal on $procdff$40377 ($adff) from module rv128i_anoc_memory (D = { \flit_in [43:0] \data_q [83:0] }, Q = \mem[190]).
Adding EN signal on $procdff$40170 ($adff) from module rv128i_anoc_memory (D = { \flit_in [43:0] \data_q [83:0] }, Q = \mem[121]).
Adding EN signal on $procdff$40101 ($adff) from module rv128i_anoc_memory (D = { \flit_in [43:0] \data_q [83:0] }, Q = \mem[98]).
Adding EN signal on $procdff$40482 ($adff) from module rv128i_anoc_memory (D = { \flit_in [43:0] \data_q [83:0] }, Q = \mem[225]).
Adding EN signal on $procdff$40344 ($adff) from module rv128i_anoc_memory (D = { \flit_in [43:0] \data_q [83:0] }, Q = \mem[179]).
Adding EN signal on $procdff$40173 ($adff) from module rv128i_anoc_memory (D = { \flit_in [43:0] \data_q [83:0] }, Q = \mem[122]).
Adding EN signal on $procdff$40380 ($adff) from module rv128i_anoc_memory (D = { \flit_in [43:0] \data_q [83:0] }, Q = \mem[191]).
Adding EN signal on $procdff$40179 ($adff) from module rv128i_anoc_memory (D = { \flit_in [43:0] \data_q [83:0] }, Q = \mem[124]).
Handling D = Q on $procdff$39774 ($adff) from module rv128i_anoc_memory (removing D path).
Adding EN signal on $procdff$40383 ($adff) from module rv128i_anoc_memory (D = { \flit_in [43:0] \data_q [83:0] }, Q = \mem[192]).
Adding EN signal on $procdff$39777 ($adff) from module rv128i_anoc_memory (D = { \flit_in [43:0] \data_q [83:0] }, Q = \mem[0]).
Adding EN signal on $procdff$40182 ($adff) from module rv128i_anoc_memory (D = { \flit_in [43:0] \data_q [83:0] }, Q = \mem[125]).
Adding EN signal on $procdff$39780 ($adff) from module rv128i_anoc_memory (D = { \flit_in [43:0] \data_q [83:0] }, Q = \mem[1]).
Adding EN signal on $procdff$40485 ($adff) from module rv128i_anoc_memory (D = { \flit_in [43:0] \data_q [83:0] }, Q = \mem[226]).
Adding EN signal on $procdff$39783 ($adff) from module rv128i_anoc_memory (D = { \flit_in [43:0] \data_q [83:0] }, Q = \mem[2]).
Adding EN signal on $procdff$40185 ($adff) from module rv128i_anoc_memory (D = { \flit_in [43:0] \data_q [83:0] }, Q = \mem[126]).
Adding EN signal on $procdff$39786 ($adff) from module rv128i_anoc_memory (D = { \flit_in [43:0] \data_q [83:0] }, Q = \mem[3]).
Adding EN signal on $procdff$40386 ($adff) from module rv128i_anoc_memory (D = { \flit_in [43:0] \data_q [83:0] }, Q = \mem[193]).
Adding EN signal on $procdff$39789 ($adff) from module rv128i_anoc_memory (D = \flit_in [122], Q = \write_q).
Adding EN signal on $procdff$40188 ($adff) from module rv128i_anoc_memory (D = { \flit_in [43:0] \data_q [83:0] }, Q = \mem[127]).
Adding EN signal on $procdff$39792 ($adff) from module rv128i_anoc_memory (D = \flit_in [105:0], Q = \addr_q [105:0]).
Adding EN signal on $procdff$39792 ($adff) from module rv128i_anoc_memory (D = $procmux$38154_Y, Q = \addr_q [127:106]).
Adding EN signal on $procdff$40536 ($adff) from module rv128i_anoc_memory (D = { \flit_in [43:0] \data_q [83:0] }, Q = \mem[243]).
Adding EN signal on $procdff$39795 ($adff) from module rv128i_anoc_memory (D = \flit_in [43:0], Q = \data_q [127:84]).
Adding EN signal on $procdff$39795 ($adff) from module rv128i_anoc_memory (D = \flit_in [105:22], Q = \data_q [83:0]).
Adding EN signal on $procdff$40191 ($adff) from module rv128i_anoc_memory (D = { \flit_in [43:0] \data_q [83:0] }, Q = \mem[128]).
Adding EN signal on $procdff$40389 ($adff) from module rv128i_anoc_memory (D = { \flit_in [43:0] \data_q [83:0] }, Q = \mem[194]).
Adding EN signal on $procdff$39801 ($adff) from module rv128i_anoc_memory (D = \addr_q, Q = \write_addr).
Adding EN signal on $procdff$40194 ($adff) from module rv128i_anoc_memory (D = { \flit_in [43:0] \data_q [83:0] }, Q = \mem[129]).
Adding EN signal on $procdff$39804 ($adff) from module rv128i_anoc_memory (D = { \flit_in [43:0] \data_q [83:0] }, Q = \write_data).
Adding EN signal on $procdff$40488 ($adff) from module rv128i_anoc_memory (D = { \flit_in [43:0] \data_q [83:0] }, Q = \mem[227]).
Adding EN signal on $procdff$40197 ($adff) from module rv128i_anoc_memory (D = { \flit_in [43:0] \data_q [83:0] }, Q = \mem[130]).
Adding EN signal on $procdff$39810 ($adff) from module rv128i_anoc_memory (D = $procmux$38115_Y, Q = \rx_state).
Adding EN signal on $procdff$40392 ($adff) from module rv128i_anoc_memory (D = { \flit_in [43:0] \data_q [83:0] }, Q = \mem[195]).
Adding EN signal on $procdff$39813 ($adff) from module rv128i_anoc_memory (D = $procmux$38108_Y, Q = \tx_state).
Adding EN signal on $procdff$40200 ($adff) from module rv128i_anoc_memory (D = { \flit_in [43:0] \data_q [83:0] }, Q = \mem[131]).
Adding EN signal on $procdff$39816 ($adff) from module rv128i_anoc_memory (D = $6$mem2reg_rd$\mem$rtl/riscv/rv128i_anoc_memory.sv:160$592_DATA[127:0]$622, Q = \response_data_q).
Adding EN signal on $procdff$40176 ($adff) from module rv128i_anoc_memory (D = { \flit_in [43:0] \data_q [83:0] }, Q = \mem[123]).
Adding EN signal on $procdff$39819 ($adff) from module rv128i_anoc_memory (D = { \flit_in [43:0] \data_q [83:0] }, Q = \mem[4]).
Adding EN signal on $procdff$40203 ($adff) from module rv128i_anoc_memory (D = { \flit_in [43:0] \data_q [83:0] }, Q = \mem[132]).
Adding EN signal on $procdff$39822 ($adff) from module rv128i_anoc_memory (D = { \flit_in [43:0] \data_q [83:0] }, Q = \mem[5]).
Adding EN signal on $procdff$40395 ($adff) from module rv128i_anoc_memory (D = { \flit_in [43:0] \data_q [83:0] }, Q = \mem[196]).
Adding EN signal on $procdff$39825 ($adff) from module rv128i_anoc_memory (D = { \flit_in [43:0] \data_q [83:0] }, Q = \mem[6]).
Adding EN signal on $procdff$40206 ($adff) from module rv128i_anoc_memory (D = { \flit_in [43:0] \data_q [83:0] }, Q = \mem[133]).
Adding EN signal on $procdff$39828 ($adff) from module rv128i_anoc_memory (D = { \flit_in [43:0] \data_q [83:0] }, Q = \mem[7]).
Adding EN signal on $procdff$40491 ($adff) from module rv128i_anoc_memory (D = { \flit_in [43:0] \data_q [83:0] }, Q = \mem[228]).
Adding EN signal on $procdff$39831 ($adff) from module rv128i_anoc_memory (D = { \flit_in [43:0] \data_q [83:0] }, Q = \mem[8]).
Adding EN signal on $procdff$40209 ($adff) from module rv128i_anoc_memory (D = { \flit_in [43:0] \data_q [83:0] }, Q = \mem[134]).
Adding EN signal on $procdff$39834 ($adff) from module rv128i_anoc_memory (D = { \flit_in [43:0] \data_q [83:0] }, Q = \mem[9]).
Adding EN signal on $procdff$40398 ($adff) from module rv128i_anoc_memory (D = { \flit_in [43:0] \data_q [83:0] }, Q = \mem[197]).
Adding EN signal on $procdff$39837 ($adff) from module rv128i_anoc_memory (D = { \flit_in [43:0] \data_q [83:0] }, Q = \mem[10]).
Adding EN signal on $procdff$40212 ($adff) from module rv128i_anoc_memory (D = { \flit_in [43:0] \data_q [83:0] }, Q = \mem[135]).
Adding EN signal on $procdff$39840 ($adff) from module rv128i_anoc_memory (D = { \flit_in [43:0] \data_q [83:0] }, Q = \mem[11]).
Adding EN signal on $procdff$40539 ($adff) from module rv128i_anoc_memory (D = { \flit_in [43:0] \data_q [83:0] }, Q = \mem[244]).
Adding EN signal on $procdff$39843 ($adff) from module rv128i_anoc_memory (D = { \flit_in [43:0] \data_q [83:0] }, Q = \mem[12]).
Adding EN signal on $procdff$40215 ($adff) from module rv128i_anoc_memory (D = { \flit_in [43:0] \data_q [83:0] }, Q = \mem[136]).
Adding EN signal on $procdff$39846 ($adff) from module rv128i_anoc_memory (D = { \flit_in [43:0] \data_q [83:0] }, Q = \mem[13]).
Adding EN signal on $procdff$40401 ($adff) from module rv128i_anoc_memory (D = { \flit_in [43:0] \data_q [83:0] }, Q = \mem[198]).
Adding EN signal on $procdff$39849 ($adff) from module rv128i_anoc_memory (D = { \flit_in [43:0] \data_q [83:0] }, Q = \mem[14]).
Adding EN signal on $procdff$40218 ($adff) from module rv128i_anoc_memory (D = { \flit_in [43:0] \data_q [83:0] }, Q = \mem[137]).
Adding EN signal on $procdff$39852 ($adff) from module rv128i_anoc_memory (D = { \flit_in [43:0] \data_q [83:0] }, Q = \mem[15]).
Adding EN signal on $procdff$40494 ($adff) from module rv128i_anoc_memory (D = { \flit_in [43:0] \data_q [83:0] }, Q = \mem[229]).
Adding EN signal on $procdff$39855 ($adff) from module rv128i_anoc_memory (D = { \flit_in [43:0] \data_q [83:0] }, Q = \mem[16]).
Adding EN signal on $procdff$40221 ($adff) from module rv128i_anoc_memory (D = { \flit_in [43:0] \data_q [83:0] }, Q = \mem[138]).
Adding EN signal on $procdff$39858 ($adff) from module rv128i_anoc_memory (D = { \flit_in [43:0] \data_q [83:0] }, Q = \mem[17]).
Adding EN signal on $procdff$40404 ($adff) from module rv128i_anoc_memory (D = { \flit_in [43:0] \data_q [83:0] }, Q = \mem[199]).
Adding EN signal on $procdff$39861 ($adff) from module rv128i_anoc_memory (D = { \flit_in [43:0] \data_q [83:0] }, Q = \mem[18]).
Adding EN signal on $procdff$40224 ($adff) from module rv128i_anoc_memory (D = { \flit_in [43:0] \data_q [83:0] }, Q = \mem[139]).
Adding EN signal on $procdff$39864 ($adff) from module rv128i_anoc_memory (D = { \flit_in [43:0] \data_q [83:0] }, Q = \mem[19]).
Adding EN signal on $procdff$40563 ($adff) from module rv128i_anoc_memory (D = { \flit_in [43:0] \data_q [83:0] }, Q = \mem[252]).
Adding EN signal on $procdff$39867 ($adff) from module rv128i_anoc_memory (D = { \flit_in [43:0] \data_q [83:0] }, Q = \mem[20]).
Adding EN signal on $procdff$40227 ($adff) from module rv128i_anoc_memory (D = { \flit_in [43:0] \data_q [83:0] }, Q = \mem[140]).
Adding EN signal on $procdff$39870 ($adff) from module rv128i_anoc_memory (D = { \flit_in [43:0] \data_q [83:0] }, Q = \mem[21]).
Adding EN signal on $procdff$40407 ($adff) from module rv128i_anoc_memory (D = { \flit_in [43:0] \data_q [83:0] }, Q = \mem[200]).
Adding EN signal on $procdff$39873 ($adff) from module rv128i_anoc_memory (D = { \flit_in [43:0] \data_q [83:0] }, Q = \mem[22]).
Adding EN signal on $procdff$40230 ($adff) from module rv128i_anoc_memory (D = { \flit_in [43:0] \data_q [83:0] }, Q = \mem[141]).
Adding EN signal on $procdff$39876 ($adff) from module rv128i_anoc_memory (D = { \flit_in [43:0] \data_q [83:0] }, Q = \mem[23]).
Adding EN signal on $procdff$40497 ($adff) from module rv128i_anoc_memory (D = { \flit_in [43:0] \data_q [83:0] }, Q = \mem[230]).
Adding EN signal on $procdff$39879 ($adff) from module rv128i_anoc_memory (D = { \flit_in [43:0] \data_q [83:0] }, Q = \mem[24]).
Adding EN signal on $procdff$40233 ($adff) from module rv128i_anoc_memory (D = { \flit_in [43:0] \data_q [83:0] }, Q = \mem[142]).
Adding EN signal on $procdff$39882 ($adff) from module rv128i_anoc_memory (D = { \flit_in [43:0] \data_q [83:0] }, Q = \mem[25]).
Adding EN signal on $procdff$40410 ($adff) from module rv128i_anoc_memory (D = { \flit_in [43:0] \data_q [83:0] }, Q = \mem[201]).
Adding EN signal on $procdff$39885 ($adff) from module rv128i_anoc_memory (D = { \flit_in [43:0] \data_q [83:0] }, Q = \mem[26]).
Adding EN signal on $procdff$40236 ($adff) from module rv128i_anoc_memory (D = { \flit_in [43:0] \data_q [83:0] }, Q = \mem[143]).
Adding EN signal on $procdff$39888 ($adff) from module rv128i_anoc_memory (D = { \flit_in [43:0] \data_q [83:0] }, Q = \mem[27]).
Adding EN signal on $procdff$40542 ($adff) from module rv128i_anoc_memory (D = { \flit_in [43:0] \data_q [83:0] }, Q = \mem[245]).
Adding EN signal on $procdff$39891 ($adff) from module rv128i_anoc_memory (D = { \flit_in [43:0] \data_q [83:0] }, Q = \mem[28]).
Adding EN signal on $procdff$40239 ($adff) from module rv128i_anoc_memory (D = { \flit_in [43:0] \data_q [83:0] }, Q = \mem[144]).
Adding EN signal on $procdff$39894 ($adff) from module rv128i_anoc_memory (D = { \flit_in [43:0] \data_q [83:0] }, Q = \mem[29]).
Adding EN signal on $procdff$40413 ($adff) from module rv128i_anoc_memory (D = { \flit_in [43:0] \data_q [83:0] }, Q = \mem[202]).
Adding EN signal on $procdff$39897 ($adff) from module rv128i_anoc_memory (D = { \flit_in [43:0] \data_q [83:0] }, Q = \mem[30]).
Adding EN signal on $procdff$40242 ($adff) from module rv128i_anoc_memory (D = { \flit_in [43:0] \data_q [83:0] }, Q = \mem[145]).
Adding EN signal on $procdff$39900 ($adff) from module rv128i_anoc_memory (D = { \flit_in [43:0] \data_q [83:0] }, Q = \mem[31]).
Adding EN signal on $procdff$40500 ($adff) from module rv128i_anoc_memory (D = { \flit_in [43:0] \data_q [83:0] }, Q = \mem[231]).
Adding EN signal on $procdff$39903 ($adff) from module rv128i_anoc_memory (D = { \flit_in [43:0] \data_q [83:0] }, Q = \mem[32]).
Adding EN signal on $procdff$40245 ($adff) from module rv128i_anoc_memory (D = { \flit_in [43:0] \data_q [83:0] }, Q = \mem[146]).
Adding EN signal on $procdff$39906 ($adff) from module rv128i_anoc_memory (D = { \flit_in [43:0] \data_q [83:0] }, Q = \mem[33]).
Adding EN signal on $procdff$40416 ($adff) from module rv128i_anoc_memory (D = { \flit_in [43:0] \data_q [83:0] }, Q = \mem[203]).
Adding EN signal on $procdff$39909 ($adff) from module rv128i_anoc_memory (D = { \flit_in [43:0] \data_q [83:0] }, Q = \mem[34]).
Adding EN signal on $procdff$40248 ($adff) from module rv128i_anoc_memory (D = { \flit_in [43:0] \data_q [83:0] }, Q = \mem[147]).
Adding EN signal on $procdff$39912 ($adff) from module rv128i_anoc_memory (D = { \flit_in [43:0] \data_q [83:0] }, Q = \mem[35]).
Adding EN signal on $procdff$40560 ($adff) from module rv128i_anoc_memory (D = { \flit_in [43:0] \data_q [83:0] }, Q = \mem[251]).
Adding EN signal on $procdff$39915 ($adff) from module rv128i_anoc_memory (D = { \flit_in [43:0] \data_q [83:0] }, Q = \mem[36]).
Adding EN signal on $procdff$40251 ($adff) from module rv128i_anoc_memory (D = { \flit_in [43:0] \data_q [83:0] }, Q = \mem[148]).
Adding EN signal on $procdff$39918 ($adff) from module rv128i_anoc_memory (D = { \flit_in [43:0] \data_q [83:0] }, Q = \mem[37]).
Adding EN signal on $procdff$40419 ($adff) from module rv128i_anoc_memory (D = { \flit_in [43:0] \data_q [83:0] }, Q = \mem[204]).
Adding EN signal on $procdff$39921 ($adff) from module rv128i_anoc_memory (D = { \flit_in [43:0] \data_q [83:0] }, Q = \mem[38]).
Adding EN signal on $procdff$40254 ($adff) from module rv128i_anoc_memory (D = { \flit_in [43:0] \data_q [83:0] }, Q = \mem[149]).
Adding EN signal on $procdff$39924 ($adff) from module rv128i_anoc_memory (D = { \flit_in [43:0] \data_q [83:0] }, Q = \mem[39]).
Adding EN signal on $procdff$40503 ($adff) from module rv128i_anoc_memory (D = { \flit_in [43:0] \data_q [83:0] }, Q = \mem[232]).
Adding EN signal on $procdff$39927 ($adff) from module rv128i_anoc_memory (D = { \flit_in [43:0] \data_q [83:0] }, Q = \mem[40]).
Adding EN signal on $procdff$40257 ($adff) from module rv128i_anoc_memory (D = { \flit_in [43:0] \data_q [83:0] }, Q = \mem[150]).
Adding EN signal on $procdff$39930 ($adff) from module rv128i_anoc_memory (D = { \flit_in [43:0] \data_q [83:0] }, Q = \mem[41]).
Adding EN signal on $procdff$40422 ($adff) from module rv128i_anoc_memory (D = { \flit_in [43:0] \data_q [83:0] }, Q = \mem[205]).
Adding EN signal on $procdff$39933 ($adff) from module rv128i_anoc_memory (D = { \flit_in [43:0] \data_q [83:0] }, Q = \mem[42]).
Adding EN signal on $procdff$40260 ($adff) from module rv128i_anoc_memory (D = { \flit_in [43:0] \data_q [83:0] }, Q = \mem[151]).
Adding EN signal on $procdff$39936 ($adff) from module rv128i_anoc_memory (D = { \flit_in [43:0] \data_q [83:0] }, Q = \mem[43]).
Adding EN signal on $procdff$40545 ($adff) from module rv128i_anoc_memory (D = { \flit_in [43:0] \data_q [83:0] }, Q = \mem[246]).
Adding EN signal on $procdff$39939 ($adff) from module rv128i_anoc_memory (D = { \flit_in [43:0] \data_q [83:0] }, Q = \mem[44]).
Adding EN signal on $procdff$40263 ($adff) from module rv128i_anoc_memory (D = { \flit_in [43:0] \data_q [83:0] }, Q = \mem[152]).
Adding EN signal on $procdff$39942 ($adff) from module rv128i_anoc_memory (D = { \flit_in [43:0] \data_q [83:0] }, Q = \mem[45]).
Adding EN signal on $procdff$40425 ($adff) from module rv128i_anoc_memory (D = { \flit_in [43:0] \data_q [83:0] }, Q = \mem[206]).
Adding EN signal on $procdff$39945 ($adff) from module rv128i_anoc_memory (D = { \flit_in [43:0] \data_q [83:0] }, Q = \mem[46]).
Adding EN signal on $procdff$40266 ($adff) from module rv128i_anoc_memory (D = { \flit_in [43:0] \data_q [83:0] }, Q = \mem[153]).
Adding EN signal on $procdff$39948 ($adff) from module rv128i_anoc_memory (D = { \flit_in [43:0] \data_q [83:0] }, Q = \mem[47]).
Adding EN signal on $procdff$40506 ($adff) from module rv128i_anoc_memory (D = { \flit_in [43:0] \data_q [83:0] }, Q = \mem[233]).
Adding EN signal on $procdff$39951 ($adff) from module rv128i_anoc_memory (D = { \flit_in [43:0] \data_q [83:0] }, Q = \mem[48]).
Adding EN signal on $procdff$40269 ($adff) from module rv128i_anoc_memory (D = { \flit_in [43:0] \data_q [83:0] }, Q = \mem[154]).
Adding EN signal on $procdff$39954 ($adff) from module rv128i_anoc_memory (D = { \flit_in [43:0] \data_q [83:0] }, Q = \mem[49]).
Adding EN signal on $procdff$40428 ($adff) from module rv128i_anoc_memory (D = { \flit_in [43:0] \data_q [83:0] }, Q = \mem[207]).
Adding EN signal on $procdff$39957 ($adff) from module rv128i_anoc_memory (D = { \flit_in [43:0] \data_q [83:0] }, Q = \mem[50]).
Adding EN signal on $procdff$40272 ($adff) from module rv128i_anoc_memory (D = { \flit_in [43:0] \data_q [83:0] }, Q = \mem[155]).
Adding EN signal on $procdff$39960 ($adff) from module rv128i_anoc_memory (D = { \flit_in [43:0] \data_q [83:0] }, Q = \mem[51]).
Adding EN signal on $procdff$40566 ($adff) from module rv128i_anoc_memory (D = { \flit_in [43:0] \data_q [83:0] }, Q = \mem[253]).
Adding EN signal on $procdff$39963 ($adff) from module rv128i_anoc_memory (D = { \flit_in [43:0] \data_q [83:0] }, Q = \mem[52]).
Adding EN signal on $procdff$40275 ($adff) from module rv128i_anoc_memory (D = { \flit_in [43:0] \data_q [83:0] }, Q = \mem[156]).
Adding EN signal on $procdff$39966 ($adff) from module rv128i_anoc_memory (D = { \flit_in [43:0] \data_q [83:0] }, Q = \mem[53]).
Adding EN signal on $procdff$40431 ($adff) from module rv128i_anoc_memory (D = { \flit_in [43:0] \data_q [83:0] }, Q = \mem[208]).
Adding EN signal on $procdff$39969 ($adff) from module rv128i_anoc_memory (D = { \flit_in [43:0] \data_q [83:0] }, Q = \mem[54]).
Adding EN signal on $procdff$40278 ($adff) from module rv128i_anoc_memory (D = { \flit_in [43:0] \data_q [83:0] }, Q = \mem[157]).
Adding EN signal on $procdff$39972 ($adff) from module rv128i_anoc_memory (D = { \flit_in [43:0] \data_q [83:0] }, Q = \mem[55]).
Adding EN signal on $procdff$40509 ($adff) from module rv128i_anoc_memory (D = { \flit_in [43:0] \data_q [83:0] }, Q = \mem[234]).
Adding EN signal on $procdff$39975 ($adff) from module rv128i_anoc_memory (D = { \flit_in [43:0] \data_q [83:0] }, Q = \mem[56]).
Adding EN signal on $procdff$40281 ($adff) from module rv128i_anoc_memory (D = { \flit_in [43:0] \data_q [83:0] }, Q = \mem[158]).
Adding EN signal on $procdff$39978 ($adff) from module rv128i_anoc_memory (D = { \flit_in [43:0] \data_q [83:0] }, Q = \mem[57]).
Adding EN signal on $procdff$40434 ($adff) from module rv128i_anoc_memory (D = { \flit_in [43:0] \data_q [83:0] }, Q = \mem[209]).
Adding EN signal on $procdff$39981 ($adff) from module rv128i_anoc_memory (D = { \flit_in [43:0] \data_q [83:0] }, Q = \mem[58]).
Adding EN signal on $procdff$40284 ($adff) from module rv128i_anoc_memory (D = { \flit_in [43:0] \data_q [83:0] }, Q = \mem[159]).
Adding EN signal on $procdff$39984 ($adff) from module rv128i_anoc_memory (D = { \flit_in [43:0] \data_q [83:0] }, Q = \mem[59]).
Adding EN signal on $procdff$40548 ($adff) from module rv128i_anoc_memory (D = { \flit_in [43:0] \data_q [83:0] }, Q = \mem[247]).
Adding EN signal on $procdff$39987 ($adff) from module rv128i_anoc_memory (D = { \flit_in [43:0] \data_q [83:0] }, Q = \mem[60]).
Adding EN signal on $procdff$40287 ($adff) from module rv128i_anoc_memory (D = { \flit_in [43:0] \data_q [83:0] }, Q = \mem[160]).
Adding EN signal on $procdff$39990 ($adff) from module rv128i_anoc_memory (D = { \flit_in [43:0] \data_q [83:0] }, Q = \mem[61]).
Adding EN signal on $procdff$40437 ($adff) from module rv128i_anoc_memory (D = { \flit_in [43:0] \data_q [83:0] }, Q = \mem[210]).
Adding EN signal on $procdff$39993 ($adff) from module rv128i_anoc_memory (D = { \flit_in [43:0] \data_q [83:0] }, Q = \mem[62]).
Adding EN signal on $procdff$40290 ($adff) from module rv128i_anoc_memory (D = { \flit_in [43:0] \data_q [83:0] }, Q = \mem[161]).
Adding EN signal on $procdff$39996 ($adff) from module rv128i_anoc_memory (D = { \flit_in [43:0] \data_q [83:0] }, Q = \mem[63]).
Adding EN signal on $procdff$40512 ($adff) from module rv128i_anoc_memory (D = { \flit_in [43:0] \data_q [83:0] }, Q = \mem[235]).
Adding EN signal on $procdff$39999 ($adff) from module rv128i_anoc_memory (D = { \flit_in [43:0] \data_q [83:0] }, Q = \mem[64]).
Adding EN signal on $procdff$40293 ($adff) from module rv128i_anoc_memory (D = { \flit_in [43:0] \data_q [83:0] }, Q = \mem[162]).
Adding EN signal on $procdff$40002 ($adff) from module rv128i_anoc_memory (D = { \flit_in [43:0] \data_q [83:0] }, Q = \mem[65]).
Adding EN signal on $procdff$40440 ($adff) from module rv128i_anoc_memory (D = { \flit_in [43:0] \data_q [83:0] }, Q = \mem[211]).
Adding EN signal on $procdff$40005 ($adff) from module rv128i_anoc_memory (D = { \flit_in [43:0] \data_q [83:0] }, Q = \mem[66]).
Adding EN signal on $procdff$40296 ($adff) from module rv128i_anoc_memory (D = { \flit_in [43:0] \data_q [83:0] }, Q = \mem[163]).
Adding EN signal on $procdff$40008 ($adff) from module rv128i_anoc_memory (D = { \flit_in [43:0] \data_q [83:0] }, Q = \mem[67]).
Adding EN signal on $procdff$40011 ($adff) from module rv128i_anoc_memory (D = { \flit_in [43:0] \data_q [83:0] }, Q = \mem[68]).
Adding EN signal on $procdff$40299 ($adff) from module rv128i_anoc_memory (D = { \flit_in [43:0] \data_q [83:0] }, Q = \mem[164]).
Adding EN signal on $procdff$40014 ($adff) from module rv128i_anoc_memory (D = { \flit_in [43:0] \data_q [83:0] }, Q = \mem[69]).
Adding EN signal on $procdff$40443 ($adff) from module rv128i_anoc_memory (D = { \flit_in [43:0] \data_q [83:0] }, Q = \mem[212]).
Adding EN signal on $procdff$40017 ($adff) from module rv128i_anoc_memory (D = { \flit_in [43:0] \data_q [83:0] }, Q = \mem[70]).
Adding EN signal on $procdff$40302 ($adff) from module rv128i_anoc_memory (D = { \flit_in [43:0] \data_q [83:0] }, Q = \mem[165]).
Adding EN signal on $procdff$40020 ($adff) from module rv128i_anoc_memory (D = { \flit_in [43:0] \data_q [83:0] }, Q = \mem[71]).
Adding EN signal on $procdff$40515 ($adff) from module rv128i_anoc_memory (D = { \flit_in [43:0] \data_q [83:0] }, Q = \mem[236]).
Adding EN signal on $procdff$40023 ($adff) from module rv128i_anoc_memory (D = { \flit_in [43:0] \data_q [83:0] }, Q = \mem[72]).
Adding EN signal on $procdff$40305 ($adff) from module rv128i_anoc_memory (D = { \flit_in [43:0] \data_q [83:0] }, Q = \mem[166]).
Adding EN signal on $procdff$40026 ($adff) from module rv128i_anoc_memory (D = { \flit_in [43:0] \data_q [83:0] }, Q = \mem[73]).
Adding EN signal on $procdff$40446 ($adff) from module rv128i_anoc_memory (D = { \flit_in [43:0] \data_q [83:0] }, Q = \mem[213]).
Adding EN signal on $procdff$40029 ($adff) from module rv128i_anoc_memory (D = { \flit_in [43:0] \data_q [83:0] }, Q = \mem[74]).
Adding EN signal on $procdff$40308 ($adff) from module rv128i_anoc_memory (D = { \flit_in [43:0] \data_q [83:0] }, Q = \mem[167]).
Adding EN signal on $procdff$40032 ($adff) from module rv128i_anoc_memory (D = { \flit_in [43:0] \data_q [83:0] }, Q = \mem[75]).
Adding EN signal on $procdff$40551 ($adff) from module rv128i_anoc_memory (D = { \flit_in [43:0] \data_q [83:0] }, Q = \mem[248]).
Adding EN signal on $procdff$40035 ($adff) from module rv128i_anoc_memory (D = { \flit_in [43:0] \data_q [83:0] }, Q = \mem[76]).
Adding EN signal on $procdff$40311 ($adff) from module rv128i_anoc_memory (D = { \flit_in [43:0] \data_q [83:0] }, Q = \mem[168]).
Adding EN signal on $procdff$40038 ($adff) from module rv128i_anoc_memory (D = { \flit_in [43:0] \data_q [83:0] }, Q = \mem[77]).
Adding EN signal on $procdff$40449 ($adff) from module rv128i_anoc_memory (D = { \flit_in [43:0] \data_q [83:0] }, Q = \mem[214]).
Adding EN signal on $procdff$40041 ($adff) from module rv128i_anoc_memory (D = { \flit_in [43:0] \data_q [83:0] }, Q = \mem[78]).
Adding EN signal on $procdff$40314 ($adff) from module rv128i_anoc_memory (D = { \flit_in [43:0] \data_q [83:0] }, Q = \mem[169]).
Adding EN signal on $procdff$40044 ($adff) from module rv128i_anoc_memory (D = { \flit_in [43:0] \data_q [83:0] }, Q = \mem[79]).
Adding EN signal on $procdff$40518 ($adff) from module rv128i_anoc_memory (D = { \flit_in [43:0] \data_q [83:0] }, Q = \mem[237]).
Adding EN signal on $procdff$40047 ($adff) from module rv128i_anoc_memory (D = { \flit_in [43:0] \data_q [83:0] }, Q = \mem[80]).
Adding EN signal on $procdff$40317 ($adff) from module rv128i_anoc_memory (D = { \flit_in [43:0] \data_q [83:0] }, Q = \mem[170]).
Adding EN signal on $procdff$40050 ($adff) from module rv128i_anoc_memory (D = { \flit_in [43:0] \data_q [83:0] }, Q = \mem[81]).
Adding EN signal on $procdff$40452 ($adff) from module rv128i_anoc_memory (D = { \flit_in [43:0] \data_q [83:0] }, Q = \mem[215]).
Adding EN signal on $procdff$40053 ($adff) from module rv128i_anoc_memory (D = { \flit_in [43:0] \data_q [83:0] }, Q = \mem[82]).
Adding EN signal on $procdff$40320 ($adff) from module rv128i_anoc_memory (D = { \flit_in [43:0] \data_q [83:0] }, Q = \mem[171]).
Adding EN signal on $procdff$40056 ($adff) from module rv128i_anoc_memory (D = { \flit_in [43:0] \data_q [83:0] }, Q = \mem[83]).
Adding EN signal on $procdff$40569 ($adff) from module rv128i_anoc_memory (D = { \flit_in [43:0] \data_q [83:0] }, Q = \mem[254]).
Adding EN signal on $procdff$40059 ($adff) from module rv128i_anoc_memory (D = { \flit_in [43:0] \data_q [83:0] }, Q = \mem[84]).
Adding EN signal on $procdff$40323 ($adff) from module rv128i_anoc_memory (D = { \flit_in [43:0] \data_q [83:0] }, Q = \mem[172]).
Adding EN signal on $procdff$40062 ($adff) from module rv128i_anoc_memory (D = { \flit_in [43:0] \data_q [83:0] }, Q = \mem[85]).
Adding EN signal on $procdff$40455 ($adff) from module rv128i_anoc_memory (D = { \flit_in [43:0] \data_q [83:0] }, Q = \mem[216]).
Adding EN signal on $procdff$40065 ($adff) from module rv128i_anoc_memory (D = { \flit_in [43:0] \data_q [83:0] }, Q = \mem[86]).
Adding EN signal on $procdff$40326 ($adff) from module rv128i_anoc_memory (D = { \flit_in [43:0] \data_q [83:0] }, Q = \mem[173]).
Adding EN signal on $procdff$40068 ($adff) from module rv128i_anoc_memory (D = { \flit_in [43:0] \data_q [83:0] }, Q = \mem[87]).
Adding EN signal on $procdff$40521 ($adff) from module rv128i_anoc_memory (D = { \flit_in [43:0] \data_q [83:0] }, Q = \mem[238]).
Adding EN signal on $procdff$40071 ($adff) from module rv128i_anoc_memory (D = { \flit_in [43:0] \data_q [83:0] }, Q = \mem[88]).
Adding EN signal on $procdff$40329 ($adff) from module rv128i_anoc_memory (D = { \flit_in [43:0] \data_q [83:0] }, Q = \mem[174]).
Adding EN signal on $procdff$40074 ($adff) from module rv128i_anoc_memory (D = { \flit_in [43:0] \data_q [83:0] }, Q = \mem[89]).
Adding EN signal on $procdff$40458 ($adff) from module rv128i_anoc_memory (D = { \flit_in [43:0] \data_q [83:0] }, Q = \mem[217]).
Adding EN signal on $procdff$40077 ($adff) from module rv128i_anoc_memory (D = { \flit_in [43:0] \data_q [83:0] }, Q = \mem[90]).
Adding EN signal on $procdff$40332 ($adff) from module rv128i_anoc_memory (D = { \flit_in [43:0] \data_q [83:0] }, Q = \mem[175]).
Adding EN signal on $procdff$40080 ($adff) from module rv128i_anoc_memory (D = { \flit_in [43:0] \data_q [83:0] }, Q = \mem[91]).
Adding EN signal on $procdff$40554 ($adff) from module rv128i_anoc_memory (D = { \flit_in [43:0] \data_q [83:0] }, Q = \mem[249]).
Adding EN signal on $procdff$40083 ($adff) from module rv128i_anoc_memory (D = { \flit_in [43:0] \data_q [83:0] }, Q = \mem[92]).
Adding EN signal on $procdff$40335 ($adff) from module rv128i_anoc_memory (D = { \flit_in [43:0] \data_q [83:0] }, Q = \mem[176]).
Adding EN signal on $procdff$40086 ($adff) from module rv128i_anoc_memory (D = { \flit_in [43:0] \data_q [83:0] }, Q = \mem[93]).
Adding EN signal on $procdff$40461 ($adff) from module rv128i_anoc_memory (D = { \flit_in [43:0] \data_q [83:0] }, Q = \mem[218]).
Adding EN signal on $procdff$40089 ($adff) from module rv128i_anoc_memory (D = { \flit_in [43:0] \data_q [83:0] }, Q = \mem[94]).
Adding EN signal on $procdff$40338 ($adff) from module rv128i_anoc_memory (D = { \flit_in [43:0] \data_q [83:0] }, Q = \mem[177]).
Adding EN signal on $procdff$40092 ($adff) from module rv128i_anoc_memory (D = { \flit_in [43:0] \data_q [83:0] }, Q = \mem[95]).
Setting constant 0-bit at position 0 on $procdff$39774 ($dlatch) from module rv128i_anoc_memory.
Setting constant 0-bit at position 1 on $procdff$39774 ($dlatch) from module rv128i_anoc_memory.
Setting constant 0-bit at position 2 on $procdff$39774 ($dlatch) from module rv128i_anoc_memory.
Setting constant 0-bit at position 3 on $procdff$39774 ($dlatch) from module rv128i_anoc_memory.
Setting constant 0-bit at position 4 on $procdff$39774 ($dlatch) from module rv128i_anoc_memory.
Setting constant 0-bit at position 5 on $procdff$39774 ($dlatch) from module rv128i_anoc_memory.
Setting constant 0-bit at position 6 on $procdff$39774 ($dlatch) from module rv128i_anoc_memory.
Setting constant 0-bit at position 7 on $procdff$39774 ($dlatch) from module rv128i_anoc_memory.
Setting constant 1-bit at position 8 on $procdff$39774 ($dlatch) from module rv128i_anoc_memory.
Setting constant 0-bit at position 9 on $procdff$39774 ($dlatch) from module rv128i_anoc_memory.
Setting constant 0-bit at position 10 on $procdff$39774 ($dlatch) from module rv128i_anoc_memory.
Setting constant 0-bit at position 11 on $procdff$39774 ($dlatch) from module rv128i_anoc_memory.
Setting constant 0-bit at position 12 on $procdff$39774 ($dlatch) from module rv128i_anoc_memory.
Setting constant 0-bit at position 13 on $procdff$39774 ($dlatch) from module rv128i_anoc_memory.
Setting constant 0-bit at position 14 on $procdff$39774 ($dlatch) from module rv128i_anoc_memory.
Setting constant 0-bit at position 15 on $procdff$39774 ($dlatch) from module rv128i_anoc_memory.
Setting constant 0-bit at position 16 on $procdff$39774 ($dlatch) from module rv128i_anoc_memory.
Setting constant 0-bit at position 17 on $procdff$39774 ($dlatch) from module rv128i_anoc_memory.
Setting constant 0-bit at position 18 on $procdff$39774 ($dlatch) from module rv128i_anoc_memory.
Setting constant 0-bit at position 19 on $procdff$39774 ($dlatch) from module rv128i_anoc_memory.
Setting constant 0-bit at position 20 on $procdff$39774 ($dlatch) from module rv128i_anoc_memory.
Setting constant 0-bit at position 21 on $procdff$39774 ($dlatch) from module rv128i_anoc_memory.
Setting constant 0-bit at position 22 on $procdff$39774 ($dlatch) from module rv128i_anoc_memory.
Setting constant 0-bit at position 23 on $procdff$39774 ($dlatch) from module rv128i_anoc_memory.
Setting constant 0-bit at position 24 on $procdff$39774 ($dlatch) from module rv128i_anoc_memory.
Setting constant 0-bit at position 25 on $procdff$39774 ($dlatch) from module rv128i_anoc_memory.
Setting constant 0-bit at position 26 on $procdff$39774 ($dlatch) from module rv128i_anoc_memory.
Setting constant 0-bit at position 27 on $procdff$39774 ($dlatch) from module rv128i_anoc_memory.
Setting constant 0-bit at position 28 on $procdff$39774 ($dlatch) from module rv128i_anoc_memory.
Setting constant 0-bit at position 29 on $procdff$39774 ($dlatch) from module rv128i_anoc_memory.
Setting constant 0-bit at position 30 on $procdff$39774 ($dlatch) from module rv128i_anoc_memory.
Setting constant 0-bit at position 31 on $procdff$39774 ($dlatch) from module rv128i_anoc_memory.
Setting constant 1-bit at position 0 on $procdff$40581 ($adff) from module rv128i_anoc_memory.
Setting constant 1-bit at position 1 on $procdff$40581 ($adff) from module rv128i_anoc_memory.
Setting constant 1-bit at position 2 on $procdff$40581 ($adff) from module rv128i_anoc_memory.
Setting constant 1-bit at position 3 on $procdff$40581 ($adff) from module rv128i_anoc_memory.
Setting constant 1-bit at position 4 on $procdff$40581 ($adff) from module rv128i_anoc_memory.
Setting constant 1-bit at position 5 on $procdff$40581 ($adff) from module rv128i_anoc_memory.
Setting constant 1-bit at position 6 on $procdff$40581 ($adff) from module rv128i_anoc_memory.
Setting constant 1-bit at position 7 on $procdff$40581 ($adff) from module rv128i_anoc_memory.
Setting constant 1-bit at position 0 on $procdff$40578 ($adff) from module rv128i_anoc_memory.
Setting constant 1-bit at position 1 on $procdff$40578 ($adff) from module rv128i_anoc_memory.
Setting constant 1-bit at position 2 on $procdff$40578 ($adff) from module rv128i_anoc_memory.
Setting constant 1-bit at position 3 on $procdff$40578 ($adff) from module rv128i_anoc_memory.
Setting constant 1-bit at position 4 on $procdff$40578 ($adff) from module rv128i_anoc_memory.
Setting constant 1-bit at position 5 on $procdff$40578 ($adff) from module rv128i_anoc_memory.
Setting constant 1-bit at position 6 on $procdff$40578 ($adff) from module rv128i_anoc_memory.
Setting constant 1-bit at position 7 on $procdff$40578 ($adff) from module rv128i_anoc_memory.
Setting constant 1-bit at position 8 on $procdff$40578 ($adff) from module rv128i_anoc_memory.
Setting constant 1-bit at position 9 on $procdff$40578 ($adff) from module rv128i_anoc_memory.
Setting constant 1-bit at position 10 on $procdff$40578 ($adff) from module rv128i_anoc_memory.
Setting constant 1-bit at position 11 on $procdff$40578 ($adff) from module rv128i_anoc_memory.
Setting constant 1-bit at position 12 on $procdff$40578 ($adff) from module rv128i_anoc_memory.
Setting constant 1-bit at position 13 on $procdff$40578 ($adff) from module rv128i_anoc_memory.
Setting constant 1-bit at position 14 on $procdff$40578 ($adff) from module rv128i_anoc_memory.
Setting constant 1-bit at position 15 on $procdff$40578 ($adff) from module rv128i_anoc_memory.
Setting constant 1-bit at position 16 on $procdff$40578 ($adff) from module rv128i_anoc_memory.
Setting constant 1-bit at position 17 on $procdff$40578 ($adff) from module rv128i_anoc_memory.
Setting constant 1-bit at position 18 on $procdff$40578 ($adff) from module rv128i_anoc_memory.
Setting constant 1-bit at position 19 on $procdff$40578 ($adff) from module rv128i_anoc_memory.
Setting constant 1-bit at position 20 on $procdff$40578 ($adff) from module rv128i_anoc_memory.
Setting constant 1-bit at position 21 on $procdff$40578 ($adff) from module rv128i_anoc_memory.
Setting constant 1-bit at position 22 on $procdff$40578 ($adff) from module rv128i_anoc_memory.
Setting constant 1-bit at position 23 on $procdff$40578 ($adff) from module rv128i_anoc_memory.
Setting constant 1-bit at position 24 on $procdff$40578 ($adff) from module rv128i_anoc_memory.
Setting constant 1-bit at position 25 on $procdff$40578 ($adff) from module rv128i_anoc_memory.
Setting constant 1-bit at position 26 on $procdff$40578 ($adff) from module rv128i_anoc_memory.
Setting constant 1-bit at position 27 on $procdff$40578 ($adff) from module rv128i_anoc_memory.
Setting constant 1-bit at position 28 on $procdff$40578 ($adff) from module rv128i_anoc_memory.
Setting constant 1-bit at position 29 on $procdff$40578 ($adff) from module rv128i_anoc_memory.
Setting constant 1-bit at position 30 on $procdff$40578 ($adff) from module rv128i_anoc_memory.
Setting constant 1-bit at position 31 on $procdff$40578 ($adff) from module rv128i_anoc_memory.
Setting constant 1-bit at position 32 on $procdff$40578 ($adff) from module rv128i_anoc_memory.
Setting constant 1-bit at position 33 on $procdff$40578 ($adff) from module rv128i_anoc_memory.
Setting constant 1-bit at position 34 on $procdff$40578 ($adff) from module rv128i_anoc_memory.
Setting constant 1-bit at position 35 on $procdff$40578 ($adff) from module rv128i_anoc_memory.
Setting constant 1-bit at position 36 on $procdff$40578 ($adff) from module rv128i_anoc_memory.
Setting constant 1-bit at position 37 on $procdff$40578 ($adff) from module rv128i_anoc_memory.
Setting constant 1-bit at position 38 on $procdff$40578 ($adff) from module rv128i_anoc_memory.
Setting constant 1-bit at position 39 on $procdff$40578 ($adff) from module rv128i_anoc_memory.
Setting constant 1-bit at position 40 on $procdff$40578 ($adff) from module rv128i_anoc_memory.
Setting constant 1-bit at position 41 on $procdff$40578 ($adff) from module rv128i_anoc_memory.
Setting constant 1-bit at position 42 on $procdff$40578 ($adff) from module rv128i_anoc_memory.
Setting constant 1-bit at position 43 on $procdff$40578 ($adff) from module rv128i_anoc_memory.
Setting constant 1-bit at position 44 on $procdff$40578 ($adff) from module rv128i_anoc_memory.
Setting constant 1-bit at position 45 on $procdff$40578 ($adff) from module rv128i_anoc_memory.
Setting constant 1-bit at position 46 on $procdff$40578 ($adff) from module rv128i_anoc_memory.
Setting constant 1-bit at position 47 on $procdff$40578 ($adff) from module rv128i_anoc_memory.
Setting constant 1-bit at position 48 on $procdff$40578 ($adff) from module rv128i_anoc_memory.
Setting constant 1-bit at position 49 on $procdff$40578 ($adff) from module rv128i_anoc_memory.
Setting constant 1-bit at position 50 on $procdff$40578 ($adff) from module rv128i_anoc_memory.
Setting constant 1-bit at position 51 on $procdff$40578 ($adff) from module rv128i_anoc_memory.
Setting constant 1-bit at position 52 on $procdff$40578 ($adff) from module rv128i_anoc_memory.
Setting constant 1-bit at position 53 on $procdff$40578 ($adff) from module rv128i_anoc_memory.
Setting constant 1-bit at position 54 on $procdff$40578 ($adff) from module rv128i_anoc_memory.
Setting constant 1-bit at position 55 on $procdff$40578 ($adff) from module rv128i_anoc_memory.
Setting constant 1-bit at position 56 on $procdff$40578 ($adff) from module rv128i_anoc_memory.
Setting constant 1-bit at position 57 on $procdff$40578 ($adff) from module rv128i_anoc_memory.
Setting constant 1-bit at position 58 on $procdff$40578 ($adff) from module rv128i_anoc_memory.
Setting constant 1-bit at position 59 on $procdff$40578 ($adff) from module rv128i_anoc_memory.
Setting constant 1-bit at position 60 on $procdff$40578 ($adff) from module rv128i_anoc_memory.
Setting constant 1-bit at position 61 on $procdff$40578 ($adff) from module rv128i_anoc_memory.
Setting constant 1-bit at position 62 on $procdff$40578 ($adff) from module rv128i_anoc_memory.
Setting constant 1-bit at position 63 on $procdff$40578 ($adff) from module rv128i_anoc_memory.
Setting constant 1-bit at position 64 on $procdff$40578 ($adff) from module rv128i_anoc_memory.
Setting constant 1-bit at position 65 on $procdff$40578 ($adff) from module rv128i_anoc_memory.
Setting constant 1-bit at position 66 on $procdff$40578 ($adff) from module rv128i_anoc_memory.
Setting constant 1-bit at position 67 on $procdff$40578 ($adff) from module rv128i_anoc_memory.
Setting constant 1-bit at position 68 on $procdff$40578 ($adff) from module rv128i_anoc_memory.
Setting constant 1-bit at position 69 on $procdff$40578 ($adff) from module rv128i_anoc_memory.
Setting constant 1-bit at position 70 on $procdff$40578 ($adff) from module rv128i_anoc_memory.
Setting constant 1-bit at position 71 on $procdff$40578 ($adff) from module rv128i_anoc_memory.
Setting constant 1-bit at position 72 on $procdff$40578 ($adff) from module rv128i_anoc_memory.
Setting constant 1-bit at position 73 on $procdff$40578 ($adff) from module rv128i_anoc_memory.
Setting constant 1-bit at position 74 on $procdff$40578 ($adff) from module rv128i_anoc_memory.
Setting constant 1-bit at position 75 on $procdff$40578 ($adff) from module rv128i_anoc_memory.
Setting constant 1-bit at position 76 on $procdff$40578 ($adff) from module rv128i_anoc_memory.
Setting constant 1-bit at position 77 on $procdff$40578 ($adff) from module rv128i_anoc_memory.
Setting constant 1-bit at position 78 on $procdff$40578 ($adff) from module rv128i_anoc_memory.
Setting constant 1-bit at position 79 on $procdff$40578 ($adff) from module rv128i_anoc_memory.
Setting constant 1-bit at position 80 on $procdff$40578 ($adff) from module rv128i_anoc_memory.
Setting constant 1-bit at position 81 on $procdff$40578 ($adff) from module rv128i_anoc_memory.
Setting constant 1-bit at position 82 on $procdff$40578 ($adff) from module rv128i_anoc_memory.
Setting constant 1-bit at position 83 on $procdff$40578 ($adff) from module rv128i_anoc_memory.
Setting constant 1-bit at position 84 on $procdff$40578 ($adff) from module rv128i_anoc_memory.
Setting constant 1-bit at position 85 on $procdff$40578 ($adff) from module rv128i_anoc_memory.
Setting constant 1-bit at position 86 on $procdff$40578 ($adff) from module rv128i_anoc_memory.
Setting constant 1-bit at position 87 on $procdff$40578 ($adff) from module rv128i_anoc_memory.
Setting constant 1-bit at position 88 on $procdff$40578 ($adff) from module rv128i_anoc_memory.
Setting constant 1-bit at position 89 on $procdff$40578 ($adff) from module rv128i_anoc_memory.
Setting constant 1-bit at position 90 on $procdff$40578 ($adff) from module rv128i_anoc_memory.
Setting constant 1-bit at position 91 on $procdff$40578 ($adff) from module rv128i_anoc_memory.
Setting constant 1-bit at position 92 on $procdff$40578 ($adff) from module rv128i_anoc_memory.
Setting constant 1-bit at position 93 on $procdff$40578 ($adff) from module rv128i_anoc_memory.
Setting constant 1-bit at position 94 on $procdff$40578 ($adff) from module rv128i_anoc_memory.
Setting constant 1-bit at position 95 on $procdff$40578 ($adff) from module rv128i_anoc_memory.
Setting constant 1-bit at position 96 on $procdff$40578 ($adff) from module rv128i_anoc_memory.
Setting constant 1-bit at position 97 on $procdff$40578 ($adff) from module rv128i_anoc_memory.
Setting constant 1-bit at position 98 on $procdff$40578 ($adff) from module rv128i_anoc_memory.
Setting constant 1-bit at position 99 on $procdff$40578 ($adff) from module rv128i_anoc_memory.
Setting constant 1-bit at position 100 on $procdff$40578 ($adff) from module rv128i_anoc_memory.
Setting constant 1-bit at position 101 on $procdff$40578 ($adff) from module rv128i_anoc_memory.
Setting constant 1-bit at position 102 on $procdff$40578 ($adff) from module rv128i_anoc_memory.
Setting constant 1-bit at position 103 on $procdff$40578 ($adff) from module rv128i_anoc_memory.
Setting constant 1-bit at position 104 on $procdff$40578 ($adff) from module rv128i_anoc_memory.
Setting constant 1-bit at position 105 on $procdff$40578 ($adff) from module rv128i_anoc_memory.
Setting constant 1-bit at position 106 on $procdff$40578 ($adff) from module rv128i_anoc_memory.
Setting constant 1-bit at position 107 on $procdff$40578 ($adff) from module rv128i_anoc_memory.
Setting constant 1-bit at position 108 on $procdff$40578 ($adff) from module rv128i_anoc_memory.
Setting constant 1-bit at position 109 on $procdff$40578 ($adff) from module rv128i_anoc_memory.
Setting constant 1-bit at position 110 on $procdff$40578 ($adff) from module rv128i_anoc_memory.
Setting constant 1-bit at position 111 on $procdff$40578 ($adff) from module rv128i_anoc_memory.
Setting constant 1-bit at position 112 on $procdff$40578 ($adff) from module rv128i_anoc_memory.
Setting constant 1-bit at position 113 on $procdff$40578 ($adff) from module rv128i_anoc_memory.
Setting constant 1-bit at position 114 on $procdff$40578 ($adff) from module rv128i_anoc_memory.
Setting constant 1-bit at position 115 on $procdff$40578 ($adff) from module rv128i_anoc_memory.
Setting constant 1-bit at position 116 on $procdff$40578 ($adff) from module rv128i_anoc_memory.
Setting constant 1-bit at position 117 on $procdff$40578 ($adff) from module rv128i_anoc_memory.
Setting constant 1-bit at position 118 on $procdff$40578 ($adff) from module rv128i_anoc_memory.
Setting constant 1-bit at position 119 on $procdff$40578 ($adff) from module rv128i_anoc_memory.
Setting constant 1-bit at position 120 on $procdff$40578 ($adff) from module rv128i_anoc_memory.
Setting constant 1-bit at position 121 on $procdff$40578 ($adff) from module rv128i_anoc_memory.
Setting constant 1-bit at position 122 on $procdff$40578 ($adff) from module rv128i_anoc_memory.
Setting constant 1-bit at position 123 on $procdff$40578 ($adff) from module rv128i_anoc_memory.
Setting constant 1-bit at position 124 on $procdff$40578 ($adff) from module rv128i_anoc_memory.
Setting constant 1-bit at position 125 on $procdff$40578 ($adff) from module rv128i_anoc_memory.
Setting constant 1-bit at position 126 on $procdff$40578 ($adff) from module rv128i_anoc_memory.
Setting constant 1-bit at position 127 on $procdff$40578 ($adff) from module rv128i_anoc_memory.
Adding EN signal on $procdff$40587 ($adff) from module rv128i_anoc_node (D = { \noc_flit_in [21:0] \response_low }, Q = \resp_rdata).
Adding EN signal on $procdff$40596 ($adff) from module rv128i_anoc_node (D = $procmux$39299_Y, Q = \response_tail_pending).
Adding EN signal on $procdff$40602 ($adff) from module rv128i_anoc_node (D = \noc_flit_in [21:0], Q = \response_high).
Adding EN signal on $procdff$40599 ($adff) from module rv128i_anoc_node (D = \noc_flit_in [105:0], Q = \response_low).
Adding EN signal on $procdff$40611 ($adff) from module rv128i_noc_packetizer (D = \req_addr, Q = \addr_q).
Adding EN signal on $procdff$40620 ($adff) from module rv128i_noc_packetizer (D = \src_y, Q = \sy_q).
Adding EN signal on $procdff$40614 ($adff) from module rv128i_noc_packetizer (D = \req_wdata, Q = \data_q).
Adding EN signal on $procdff$40626 ($adff) from module rv128i_noc_packetizer (D = \dest_y, Q = \dy_q).
Adding EN signal on $procdff$40605 ($adff) from module rv128i_noc_packetizer (D = $procmux$39369_Y, Q = \state).
Adding EN signal on $procdff$40617 ($adff) from module rv128i_noc_packetizer (D = \src_x, Q = \sx_q).
Adding EN signal on $procdff$40608 ($adff) from module rv128i_noc_packetizer (D = \req_write, Q = \write_q).
Adding EN signal on $procdff$40623 ($adff) from module rv128i_noc_packetizer (D = \dest_x, Q = \dx_q).
Adding EN signal on $procdff$40629 ($adff) from module rv128i_cpu (D = 1'1, Q = \halt_reg).
Adding EN signal on $procdff$40632 ($adff) from module rv128i_pc (D = $procmux$39506_Y, Q = \pc).

24.7. Executing OPT_CLEAN pass (remove unused cells and wires).
Finding unused cells or wires in module \rv128i_decoder..
Finding unused cells or wires in module \rv128i_regfile..
Finding unused cells or wires in module \rv128i_alu..
Finding unused cells or wires in module $paramod$1df03c04492ea0925f5048f523097fc91a65437a\anoc_rv_router_buffered..
Finding unused cells or wires in module \rv128i_anoc_soc_top..
Finding unused cells or wires in module \rv128i_anoc_mesh_top..
Finding unused cells or wires in module \rv128i_anoc_memory..
Finding unused cells or wires in module \rv128i_anoc_node..
Finding unused cells or wires in module \rv128i_noc_packetizer..
Finding unused cells or wires in module \rv128i_cpu..
Finding unused cells or wires in module $paramod$1379ebc503884398bf7573fe163f469993175ed7\anoc_rv_mesh..
Finding unused cells or wires in module \rv128i_pc..
Removed 1418 unused cells and 4968 unused wires.
<suppressed ~1450 debug messages>

24.8. Executing OPT_EXPR pass (perform const folding).
Optimizing module rv128i_decoder.
Optimizing module rv128i_regfile.
Optimizing module rv128i_alu.
Optimizing module $paramod$1df03c04492ea0925f5048f523097fc91a65437a\anoc_rv_router_buffered.
<suppressed ~5 debug messages>
Optimizing module rv128i_anoc_soc_top.
Optimizing module rv128i_anoc_mesh_top.
Optimizing module rv128i_anoc_memory.
<suppressed ~4 debug messages>
Optimizing module rv128i_anoc_node.
<suppressed ~2 debug messages>
Optimizing module rv128i_noc_packetizer.
<suppressed ~1 debug messages>
Optimizing module rv128i_cpu.
Optimizing module $paramod$1379ebc503884398bf7573fe163f469993175ed7\anoc_rv_mesh.
Optimizing module rv128i_pc.

24.9. Rerunning OPT passes. (Maybe there is more to do..)

24.10. Executing OPT_MUXTREE pass (detect dead branches in mux trees).
Running muxtree optimizer on module \rv128i_decoder..
  Creating internal representation of mux trees.
  Evaluating internal representation of mux trees.
  Analyzing evaluation results.
Running muxtree optimizer on module \rv128i_regfile..
  Creating internal representation of mux trees.
  Evaluating internal representation of mux trees.
  Analyzing evaluation results.
Running muxtree optimizer on module \rv128i_alu..
  Creating internal representation of mux trees.
  Evaluating internal representation of mux trees.
  Analyzing evaluation results.
Running muxtree optimizer on module $paramod$1df03c04492ea0925f5048f523097fc91a65437a\anoc_rv_router_buffered..
  Creating internal representation of mux trees.
  Evaluating internal representation of mux trees.
  Analyzing evaluation results.
Running muxtree optimizer on module \rv128i_anoc_soc_top..
  Creating internal representation of mux trees.
  Evaluating internal representation of mux trees.
  Analyzing evaluation results.
Running muxtree optimizer on module \rv128i_anoc_mesh_top..
  Creating internal representation of mux trees.
  No muxes found in this module.
Running muxtree optimizer on module \rv128i_anoc_memory..
  Creating internal representation of mux trees.
  Evaluating internal representation of mux trees.
  Analyzing evaluation results.
Running muxtree optimizer on module \rv128i_anoc_node..
  Creating internal representation of mux trees.
  Evaluating internal representation of mux trees.
  Analyzing evaluation results.
Running muxtree optimizer on module \rv128i_noc_packetizer..
  Creating internal representation of mux trees.
  Evaluating internal representation of mux trees.
  Analyzing evaluation results.
Running muxtree optimizer on module \rv128i_cpu..
  Creating internal representation of mux trees.
  Evaluating internal representation of mux trees.
  Analyzing evaluation results.
Running muxtree optimizer on module $paramod$1379ebc503884398bf7573fe163f469993175ed7\anoc_rv_mesh..
  Creating internal representation of mux trees.
  No muxes found in this module.
Running muxtree optimizer on module \rv128i_pc..
  Creating internal representation of mux trees.
  Evaluating internal representation of mux trees.
  Analyzing evaluation results.
Removed 0 multiplexer ports.
<suppressed ~350 debug messages>

24.11. Executing OPT_REDUCE pass (consolidate $*mux and $reduce_* inputs).
  Optimizing cells in module \rv128i_decoder.
  Optimizing cells in module \rv128i_regfile.
  Optimizing cells in module \rv128i_alu.
  Optimizing cells in module $paramod$1df03c04492ea0925f5048f523097fc91a65437a\anoc_rv_router_buffered.
  Optimizing cells in module \rv128i_anoc_soc_top.
  Optimizing cells in module \rv128i_anoc_mesh_top.
  Optimizing cells in module \rv128i_anoc_memory.
  Optimizing cells in module \rv128i_anoc_node.
  Optimizing cells in module \rv128i_noc_packetizer.
  Optimizing cells in module \rv128i_cpu.
  Optimizing cells in module $paramod$1379ebc503884398bf7573fe163f469993175ed7\anoc_rv_mesh.
  Optimizing cells in module \rv128i_pc.
Performed a total of 0 changes.

24.12. Executing OPT_MERGE pass (detect identical cells).
Finding identical cells in module `\rv128i_decoder'.
Computing hashes of 32 cells of `\rv128i_decoder'.
Finding duplicate cells in `\rv128i_decoder'.
Finding identical cells in module `\rv128i_regfile'.
Computing hashes of 163 cells of `\rv128i_regfile'.
Finding duplicate cells in `\rv128i_regfile'.
Finding identical cells in module `\rv128i_alu'.
Computing hashes of 16 cells of `\rv128i_alu'.
Finding duplicate cells in `\rv128i_alu'.
Finding identical cells in module `$paramod$1df03c04492ea0925f5048f523097fc91a65437a\anoc_rv_router_buffered'.
Computing hashes of 300 cells of `$paramod$1df03c04492ea0925f5048f523097fc91a65437a\anoc_rv_router_buffered'.
Finding duplicate cells in `$paramod$1df03c04492ea0925f5048f523097fc91a65437a\anoc_rv_router_buffered'.
Finding identical cells in module `\rv128i_anoc_soc_top'.
Computing hashes of 7 cells of `\rv128i_anoc_soc_top'.
Finding duplicate cells in `\rv128i_anoc_soc_top'.
Finding identical cells in module `\rv128i_anoc_mesh_top'.
Computing hashes of 4 cells of `\rv128i_anoc_mesh_top'.
Finding duplicate cells in `\rv128i_anoc_mesh_top'.
Finding identical cells in module `\rv128i_anoc_memory'.
Computing hashes of 832 cells of `\rv128i_anoc_memory'.
Finding duplicate cells in `\rv128i_anoc_memory'.
Computing hashes of 828 cells of `\rv128i_anoc_memory'.
Finding duplicate cells in `\rv128i_anoc_memory'.
<suppressed ~12 debug messages>
Finding identical cells in module `\rv128i_anoc_node'.
Computing hashes of 24 cells of `\rv128i_anoc_node'.
Finding duplicate cells in `\rv128i_anoc_node'.
Finding identical cells in module `\rv128i_noc_packetizer'.
Computing hashes of 41 cells of `\rv128i_noc_packetizer'.
Finding duplicate cells in `\rv128i_noc_packetizer'.
Computing hashes of 35 cells of `\rv128i_noc_packetizer'.
Finding duplicate cells in `\rv128i_noc_packetizer'.
<suppressed ~18 debug messages>
Finding identical cells in module `\rv128i_cpu'.
Computing hashes of 46 cells of `\rv128i_cpu'.
Finding duplicate cells in `\rv128i_cpu'.
Finding identical cells in module `$paramod$1379ebc503884398bf7573fe163f469993175ed7\anoc_rv_mesh'.
Computing hashes of 16 cells of `$paramod$1379ebc503884398bf7573fe163f469993175ed7\anoc_rv_mesh'.
Finding duplicate cells in `$paramod$1379ebc503884398bf7573fe163f469993175ed7\anoc_rv_mesh'.
Finding identical cells in module `\rv128i_pc'.
Computing hashes of 3 cells of `\rv128i_pc'.
Finding duplicate cells in `\rv128i_pc'.
Removed a total of 10 cells.

24.13. Executing OPT_DFF pass (perform DFF optimizations).

24.14. Executing OPT_CLEAN pass (remove unused cells and wires).
Finding unused cells or wires in module \rv128i_decoder..
Finding unused cells or wires in module \rv128i_regfile..
Finding unused cells or wires in module \rv128i_alu..
Finding unused cells or wires in module $paramod$1df03c04492ea0925f5048f523097fc91a65437a\anoc_rv_router_buffered..
Finding unused cells or wires in module \rv128i_anoc_soc_top..
Finding unused cells or wires in module \rv128i_anoc_mesh_top..
Finding unused cells or wires in module \rv128i_anoc_memory..
Finding unused cells or wires in module \rv128i_anoc_node..
Finding unused cells or wires in module \rv128i_noc_packetizer..
Finding unused cells or wires in module \rv128i_cpu..
Finding unused cells or wires in module $paramod$1379ebc503884398bf7573fe163f469993175ed7\anoc_rv_mesh..
Finding unused cells or wires in module \rv128i_pc..
Removed 0 unused cells and 11 unused wires.
<suppressed ~3 debug messages>

24.15. Executing OPT_EXPR pass (perform const folding).
Optimizing module rv128i_decoder.
Optimizing module rv128i_regfile.
Optimizing module rv128i_alu.
Optimizing module $paramod$1df03c04492ea0925f5048f523097fc91a65437a\anoc_rv_router_buffered.
Optimizing module rv128i_anoc_soc_top.
Optimizing module rv128i_anoc_mesh_top.
Optimizing module rv128i_anoc_memory.
Optimizing module rv128i_anoc_node.
Optimizing module rv128i_noc_packetizer.
Optimizing module rv128i_cpu.
Optimizing module $paramod$1379ebc503884398bf7573fe163f469993175ed7\anoc_rv_mesh.
Optimizing module rv128i_pc.

24.16. Rerunning OPT passes. (Maybe there is more to do..)

24.17. Executing OPT_MUXTREE pass (detect dead branches in mux trees).
Running muxtree optimizer on module \rv128i_decoder..
  Creating internal representation of mux trees.
  Evaluating internal representation of mux trees.
  Analyzing evaluation results.
Running muxtree optimizer on module \rv128i_regfile..
  Creating internal representation of mux trees.
  Evaluating internal representation of mux trees.
  Analyzing evaluation results.
Running muxtree optimizer on module \rv128i_alu..
  Creating internal representation of mux trees.
  Evaluating internal representation of mux trees.
  Analyzing evaluation results.
Running muxtree optimizer on module $paramod$1df03c04492ea0925f5048f523097fc91a65437a\anoc_rv_router_buffered..
  Creating internal representation of mux trees.
  Evaluating internal representation of mux trees.
  Analyzing evaluation results.
Running muxtree optimizer on module \rv128i_anoc_soc_top..
  Creating internal representation of mux trees.
  Evaluating internal representation of mux trees.
  Analyzing evaluation results.
Running muxtree optimizer on module \rv128i_anoc_mesh_top..
  Creating internal representation of mux trees.
  No muxes found in this module.
Running muxtree optimizer on module \rv128i_anoc_memory..
  Creating internal representation of mux trees.
  Evaluating internal representation of mux trees.
  Analyzing evaluation results.
Running muxtree optimizer on module \rv128i_anoc_node..
  Creating internal representation of mux trees.
  Evaluating internal representation of mux trees.
  Analyzing evaluation results.
Running muxtree optimizer on module \rv128i_noc_packetizer..
  Creating internal representation of mux trees.
  Evaluating internal representation of mux trees.
  Analyzing evaluation results.
Running muxtree optimizer on module \rv128i_cpu..
  Creating internal representation of mux trees.
  Evaluating internal representation of mux trees.
  Analyzing evaluation results.
Running muxtree optimizer on module $paramod$1379ebc503884398bf7573fe163f469993175ed7\anoc_rv_mesh..
  Creating internal representation of mux trees.
  No muxes found in this module.
Running muxtree optimizer on module \rv128i_pc..
  Creating internal representation of mux trees.
  Evaluating internal representation of mux trees.
  Analyzing evaluation results.
Removed 0 multiplexer ports.
<suppressed ~350 debug messages>

24.18. Executing OPT_REDUCE pass (consolidate $*mux and $reduce_* inputs).
  Optimizing cells in module \rv128i_decoder.
  Optimizing cells in module \rv128i_regfile.
  Optimizing cells in module \rv128i_alu.
  Optimizing cells in module $paramod$1df03c04492ea0925f5048f523097fc91a65437a\anoc_rv_router_buffered.
  Optimizing cells in module \rv128i_anoc_soc_top.
  Optimizing cells in module \rv128i_anoc_mesh_top.
  Optimizing cells in module \rv128i_anoc_memory.
  Optimizing cells in module \rv128i_anoc_node.
  Optimizing cells in module \rv128i_noc_packetizer.
  Optimizing cells in module \rv128i_cpu.
  Optimizing cells in module $paramod$1379ebc503884398bf7573fe163f469993175ed7\anoc_rv_mesh.
  Optimizing cells in module \rv128i_pc.
Performed a total of 0 changes.

24.19. Executing OPT_MERGE pass (detect identical cells).
Finding identical cells in module `\rv128i_decoder'.
Computing hashes of 32 cells of `\rv128i_decoder'.
Finding duplicate cells in `\rv128i_decoder'.
Finding identical cells in module `\rv128i_regfile'.
Computing hashes of 163 cells of `\rv128i_regfile'.
Finding duplicate cells in `\rv128i_regfile'.
Finding identical cells in module `\rv128i_alu'.
Computing hashes of 16 cells of `\rv128i_alu'.
Finding duplicate cells in `\rv128i_alu'.
Finding identical cells in module `$paramod$1df03c04492ea0925f5048f523097fc91a65437a\anoc_rv_router_buffered'.
Computing hashes of 300 cells of `$paramod$1df03c04492ea0925f5048f523097fc91a65437a\anoc_rv_router_buffered'.
Finding duplicate cells in `$paramod$1df03c04492ea0925f5048f523097fc91a65437a\anoc_rv_router_buffered'.
Finding identical cells in module `\rv128i_anoc_soc_top'.
Computing hashes of 7 cells of `\rv128i_anoc_soc_top'.
Finding duplicate cells in `\rv128i_anoc_soc_top'.
Finding identical cells in module `\rv128i_anoc_mesh_top'.
Computing hashes of 4 cells of `\rv128i_anoc_mesh_top'.
Finding duplicate cells in `\rv128i_anoc_mesh_top'.
Finding identical cells in module `\rv128i_anoc_memory'.
Computing hashes of 828 cells of `\rv128i_anoc_memory'.
Finding duplicate cells in `\rv128i_anoc_memory'.
Finding identical cells in module `\rv128i_anoc_node'.
Computing hashes of 24 cells of `\rv128i_anoc_node'.
Finding duplicate cells in `\rv128i_anoc_node'.
Finding identical cells in module `\rv128i_noc_packetizer'.
Computing hashes of 35 cells of `\rv128i_noc_packetizer'.
Finding duplicate cells in `\rv128i_noc_packetizer'.
Finding identical cells in module `\rv128i_cpu'.
Computing hashes of 46 cells of `\rv128i_cpu'.
Finding duplicate cells in `\rv128i_cpu'.
Finding identical cells in module `$paramod$1379ebc503884398bf7573fe163f469993175ed7\anoc_rv_mesh'.
Computing hashes of 16 cells of `$paramod$1379ebc503884398bf7573fe163f469993175ed7\anoc_rv_mesh'.
Finding duplicate cells in `$paramod$1379ebc503884398bf7573fe163f469993175ed7\anoc_rv_mesh'.
Finding identical cells in module `\rv128i_pc'.
Computing hashes of 3 cells of `\rv128i_pc'.
Finding duplicate cells in `\rv128i_pc'.
Removed a total of 0 cells.

24.20. Executing OPT_DFF pass (perform DFF optimizations).

24.21. Executing OPT_CLEAN pass (remove unused cells and wires).
Finding unused cells or wires in module \rv128i_decoder..
Finding unused cells or wires in module \rv128i_regfile..
Finding unused cells or wires in module \rv128i_alu..
Finding unused cells or wires in module $paramod$1df03c04492ea0925f5048f523097fc91a65437a\anoc_rv_router_buffered..
Finding unused cells or wires in module \rv128i_anoc_soc_top..
Finding unused cells or wires in module \rv128i_anoc_mesh_top..
Finding unused cells or wires in module \rv128i_anoc_memory..
Finding unused cells or wires in module \rv128i_anoc_node..
Finding unused cells or wires in module \rv128i_noc_packetizer..
Finding unused cells or wires in module \rv128i_cpu..
Finding unused cells or wires in module $paramod$1379ebc503884398bf7573fe163f469993175ed7\anoc_rv_mesh..
Finding unused cells or wires in module \rv128i_pc..

24.22. Executing OPT_EXPR pass (perform const folding).
Optimizing module rv128i_decoder.
Optimizing module rv128i_regfile.
Optimizing module rv128i_alu.
Optimizing module $paramod$1df03c04492ea0925f5048f523097fc91a65437a\anoc_rv_router_buffered.
Optimizing module rv128i_anoc_soc_top.
Optimizing module rv128i_anoc_mesh_top.
Optimizing module rv128i_anoc_memory.
Optimizing module rv128i_anoc_node.
Optimizing module rv128i_noc_packetizer.
Optimizing module rv128i_cpu.
Optimizing module $paramod$1379ebc503884398bf7573fe163f469993175ed7\anoc_rv_mesh.
Optimizing module rv128i_pc.

24.23. Finished fast OPT passes. (There is nothing left to do.)

25. Executing FLATTEN pass (flatten design).
Deleting now unused module rv128i_decoder.
Deleting now unused module rv128i_regfile.
Deleting now unused module rv128i_alu.
Deleting now unused module $paramod$1df03c04492ea0925f5048f523097fc91a65437a\anoc_rv_router_buffered.
Deleting now unused module rv128i_anoc_mesh_top.
Deleting now unused module rv128i_anoc_memory.
Deleting now unused module rv128i_anoc_node.
Deleting now unused module rv128i_noc_packetizer.
Deleting now unused module rv128i_cpu.
Deleting now unused module $paramod$1379ebc503884398bf7573fe163f469993175ed7\anoc_rv_mesh.
Deleting now unused module rv128i_pc.
<suppressed ~26 debug messages>

26. Executing OPT pass (performing simple optimizations).

26.1. Executing OPT_EXPR pass (perform const folding).
Optimizing module rv128i_anoc_soc_top.
<suppressed ~444 debug messages>

26.2. Executing OPT_MERGE pass (detect identical cells).
Finding identical cells in module `\rv128i_anoc_soc_top'.
Computing hashes of 5854 cells of `\rv128i_anoc_soc_top'.
Finding duplicate cells in `\rv128i_anoc_soc_top'.
Computing hashes of 5755 cells of `\rv128i_anoc_soc_top'.
Finding duplicate cells in `\rv128i_anoc_soc_top'.
Computing hashes of 5639 cells of `\rv128i_anoc_soc_top'.
Finding duplicate cells in `\rv128i_anoc_soc_top'.
<suppressed ~645 debug messages>
Removed a total of 215 cells.

26.3. Executing OPT_MUXTREE pass (detect dead branches in mux trees).
Running muxtree optimizer on module \rv128i_anoc_soc_top..
  Creating internal representation of mux trees.
  Evaluating internal representation of mux trees.
  Analyzing evaluation results.
    dead port 1/2 on $mux $flatten\u_anoc.\u_anoc_mesh.\ROW[3].COL[3].router.$procmux$2217.
    dead port 1/2 on $mux $flatten\u_anoc.\u_anoc_mesh.\ROW[3].COL[2].router.$procmux$1751.
    dead port 2/2 on $mux $flatten\u_anoc.\u_anoc_mesh.\ROW[3].COL[2].router.$procmux$1751.
    dead port 1/6 on $pmux $flatten\u_anoc.\u_anoc_mesh.\ROW[3].COL[2].router.$procmux$1758.
    dead port 2/6 on $pmux $flatten\u_anoc.\u_anoc_mesh.\ROW[3].COL[2].router.$procmux$1758.
    dead port 3/6 on $pmux $flatten\u_anoc.\u_anoc_mesh.\ROW[3].COL[2].router.$procmux$1758.
    dead port 4/6 on $pmux $flatten\u_anoc.\u_anoc_mesh.\ROW[3].COL[2].router.$procmux$1758.
    dead port 5/6 on $pmux $flatten\u_anoc.\u_anoc_mesh.\ROW[3].COL[2].router.$procmux$1758.
    dead port 6/6 on $pmux $flatten\u_anoc.\u_anoc_mesh.\ROW[3].COL[2].router.$procmux$1758.
    dead port 1/6 on $pmux $flatten\u_anoc.\u_anoc_mesh.\ROW[3].COL[2].router.$procmux$1765.
    dead port 2/6 on $pmux $flatten\u_anoc.\u_anoc_mesh.\ROW[3].COL[2].router.$procmux$1765.
    dead port 3/6 on $pmux $flatten\u_anoc.\u_anoc_mesh.\ROW[3].COL[2].router.$procmux$1765.
    dead port 4/6 on $pmux $flatten\u_anoc.\u_anoc_mesh.\ROW[3].COL[2].router.$procmux$1765.
    dead port 5/6 on $pmux $flatten\u_anoc.\u_anoc_mesh.\ROW[3].COL[2].router.$procmux$1765.
    dead port 6/6 on $pmux $flatten\u_anoc.\u_anoc_mesh.\ROW[3].COL[2].router.$procmux$1765.
    dead port 1/6 on $pmux $flatten\u_anoc.\u_anoc_mesh.\ROW[3].COL[2].router.$procmux$1772.
    dead port 2/6 on $pmux $flatten\u_anoc.\u_anoc_mesh.\ROW[3].COL[2].router.$procmux$1772.
    dead port 3/6 on $pmux $flatten\u_anoc.\u_anoc_mesh.\ROW[3].COL[2].router.$procmux$1772.
    dead port 4/6 on $pmux $flatten\u_anoc.\u_anoc_mesh.\ROW[3].COL[2].router.$procmux$1772.
    dead port 5/6 on $pmux $flatten\u_anoc.\u_anoc_mesh.\ROW[3].COL[2].router.$procmux$1772.
    dead port 6/6 on $pmux $flatten\u_anoc.\u_anoc_mesh.\ROW[3].COL[2].router.$procmux$1772.
    dead port 1/2 on $mux $flatten\u_anoc.\u_anoc_mesh.\ROW[3].COL[2].router.$procmux$1779.
    dead port 2/2 on $mux $flatten\u_anoc.\u_anoc_mesh.\ROW[3].COL[2].router.$procmux$1779.
    dead port 1/6 on $pmux $flatten\u_anoc.\u_anoc_mesh.\ROW[3].COL[2].router.$procmux$1786.
    dead port 2/6 on $pmux $flatten\u_anoc.\u_anoc_mesh.\ROW[3].COL[2].router.$procmux$1786.
    dead port 3/6 on $pmux $flatten\u_anoc.\u_anoc_mesh.\ROW[3].COL[2].router.$procmux$1786.
    dead port 4/6 on $pmux $flatten\u_anoc.\u_anoc_mesh.\ROW[3].COL[2].router.$procmux$1786.
    dead port 5/6 on $pmux $flatten\u_anoc.\u_anoc_mesh.\ROW[3].COL[2].router.$procmux$1786.
    dead port 6/6 on $pmux $flatten\u_anoc.\u_anoc_mesh.\ROW[3].COL[2].router.$procmux$1786.
    dead port 1/6 on $pmux $flatten\u_anoc.\u_anoc_mesh.\ROW[3].COL[2].router.$procmux$1793.
    dead port 2/6 on $pmux $flatten\u_anoc.\u_anoc_mesh.\ROW[3].COL[2].router.$procmux$1793.
    dead port 3/6 on $pmux $flatten\u_anoc.\u_anoc_mesh.\ROW[3].COL[2].router.$procmux$1793.
    dead port 4/6 on $pmux $flatten\u_anoc.\u_anoc_mesh.\ROW[3].COL[2].router.$procmux$1793.
    dead port 5/6 on $pmux $flatten\u_anoc.\u_anoc_mesh.\ROW[3].COL[2].router.$procmux$1793.
    dead port 6/6 on $pmux $flatten\u_anoc.\u_anoc_mesh.\ROW[3].COL[2].router.$procmux$1793.
    dead port 1/6 on $pmux $flatten\u_anoc.\u_anoc_mesh.\ROW[3].COL[2].router.$procmux$1800.
    dead port 2/6 on $pmux $flatten\u_anoc.\u_anoc_mesh.\ROW[3].COL[2].router.$procmux$1800.
    dead port 3/6 on $pmux $flatten\u_anoc.\u_anoc_mesh.\ROW[3].COL[2].router.$procmux$1800.
    dead port 4/6 on $pmux $flatten\u_anoc.\u_anoc_mesh.\ROW[3].COL[2].router.$procmux$1800.
    dead port 5/6 on $pmux $flatten\u_anoc.\u_anoc_mesh.\ROW[3].COL[2].router.$procmux$1800.
    dead port 6/6 on $pmux $flatten\u_anoc.\u_anoc_mesh.\ROW[3].COL[2].router.$procmux$1800.
    dead port 1/2 on $mux $flatten\u_anoc.\u_anoc_mesh.\ROW[3].COL[3].router.$procmux$2289.
    dead port 1/2 on $mux $flatten\u_anoc.\u_anoc_mesh.\ROW[3].COL[1].router.$procmux$1751.
    dead port 2/2 on $mux $flatten\u_anoc.\u_anoc_mesh.\ROW[3].COL[1].router.$procmux$1751.
    dead port 1/6 on $pmux $flatten\u_anoc.\u_anoc_mesh.\ROW[3].COL[1].router.$procmux$1758.
    dead port 2/6 on $pmux $flatten\u_anoc.\u_anoc_mesh.\ROW[3].COL[1].router.$procmux$1758.
    dead port 3/6 on $pmux $flatten\u_anoc.\u_anoc_mesh.\ROW[3].COL[1].router.$procmux$1758.
    dead port 4/6 on $pmux $flatten\u_anoc.\u_anoc_mesh.\ROW[3].COL[1].router.$procmux$1758.
    dead port 5/6 on $pmux $flatten\u_anoc.\u_anoc_mesh.\ROW[3].COL[1].router.$procmux$1758.
    dead port 6/6 on $pmux $flatten\u_anoc.\u_anoc_mesh.\ROW[3].COL[1].router.$procmux$1758.
    dead port 1/6 on $pmux $flatten\u_anoc.\u_anoc_mesh.\ROW[3].COL[1].router.$procmux$1765.
    dead port 2/6 on $pmux $flatten\u_anoc.\u_anoc_mesh.\ROW[3].COL[1].router.$procmux$1765.
    dead port 3/6 on $pmux $flatten\u_anoc.\u_anoc_mesh.\ROW[3].COL[1].router.$procmux$1765.
    dead port 4/6 on $pmux $flatten\u_anoc.\u_anoc_mesh.\ROW[3].COL[1].router.$procmux$1765.
    dead port 5/6 on $pmux $flatten\u_anoc.\u_anoc_mesh.\ROW[3].COL[1].router.$procmux$1765.
    dead port 6/6 on $pmux $flatten\u_anoc.\u_anoc_mesh.\ROW[3].COL[1].router.$procmux$1765.
    dead port 1/6 on $pmux $flatten\u_anoc.\u_anoc_mesh.\ROW[3].COL[1].router.$procmux$1772.
    dead port 2/6 on $pmux $flatten\u_anoc.\u_anoc_mesh.\ROW[3].COL[1].router.$procmux$1772.
    dead port 3/6 on $pmux $flatten\u_anoc.\u_anoc_mesh.\ROW[3].COL[1].router.$procmux$1772.
    dead port 4/6 on $pmux $flatten\u_anoc.\u_anoc_mesh.\ROW[3].COL[1].router.$procmux$1772.
    dead port 5/6 on $pmux $flatten\u_anoc.\u_anoc_mesh.\ROW[3].COL[1].router.$procmux$1772.
    dead port 6/6 on $pmux $flatten\u_anoc.\u_anoc_mesh.\ROW[3].COL[1].router.$procmux$1772.
    dead port 1/2 on $mux $flatten\u_anoc.\u_anoc_mesh.\ROW[3].COL[1].router.$procmux$1779.
    dead port 2/2 on $mux $flatten\u_anoc.\u_anoc_mesh.\ROW[3].COL[1].router.$procmux$1779.
    dead port 1/6 on $pmux $flatten\u_anoc.\u_anoc_mesh.\ROW[3].COL[1].router.$procmux$1786.
    dead port 2/6 on $pmux $flatten\u_anoc.\u_anoc_mesh.\ROW[3].COL[1].router.$procmux$1786.
    dead port 3/6 on $pmux $flatten\u_anoc.\u_anoc_mesh.\ROW[3].COL[1].router.$procmux$1786.
    dead port 4/6 on $pmux $flatten\u_anoc.\u_anoc_mesh.\ROW[3].COL[1].router.$procmux$1786.
    dead port 5/6 on $pmux $flatten\u_anoc.\u_anoc_mesh.\ROW[3].COL[1].router.$procmux$1786.
    dead port 6/6 on $pmux $flatten\u_anoc.\u_anoc_mesh.\ROW[3].COL[1].router.$procmux$1786.
    dead port 1/6 on $pmux $flatten\u_anoc.\u_anoc_mesh.\ROW[3].COL[1].router.$procmux$1793.
    dead port 2/6 on $pmux $flatten\u_anoc.\u_anoc_mesh.\ROW[3].COL[1].router.$procmux$1793.
    dead port 3/6 on $pmux $flatten\u_anoc.\u_anoc_mesh.\ROW[3].COL[1].router.$procmux$1793.
    dead port 4/6 on $pmux $flatten\u_anoc.\u_anoc_mesh.\ROW[3].COL[1].router.$procmux$1793.
    dead port 5/6 on $pmux $flatten\u_anoc.\u_anoc_mesh.\ROW[3].COL[1].router.$procmux$1793.
    dead port 6/6 on $pmux $flatten\u_anoc.\u_anoc_mesh.\ROW[3].COL[1].router.$procmux$1793.
    dead port 1/6 on $pmux $flatten\u_anoc.\u_anoc_mesh.\ROW[3].COL[1].router.$procmux$1800.
    dead port 2/6 on $pmux $flatten\u_anoc.\u_anoc_mesh.\ROW[3].COL[1].router.$procmux$1800.
    dead port 3/6 on $pmux $flatten\u_anoc.\u_anoc_mesh.\ROW[3].COL[1].router.$procmux$1800.
    dead port 4/6 on $pmux $flatten\u_anoc.\u_anoc_mesh.\ROW[3].COL[1].router.$procmux$1800.
    dead port 5/6 on $pmux $flatten\u_anoc.\u_anoc_mesh.\ROW[3].COL[1].router.$procmux$1800.
    dead port 6/6 on $pmux $flatten\u_anoc.\u_anoc_mesh.\ROW[3].COL[1].router.$procmux$1800.
    dead port 1/2 on $mux $flatten\u_anoc.\u_anoc_mesh.\ROW[3].COL[3].router.$procmux$1751.
    dead port 2/2 on $mux $flatten\u_anoc.\u_anoc_mesh.\ROW[3].COL[3].router.$procmux$1751.
    dead port 1/6 on $pmux $flatten\u_anoc.\u_anoc_mesh.\ROW[3].COL[3].router.$procmux$1758.
    dead port 2/6 on $pmux $flatten\u_anoc.\u_anoc_mesh.\ROW[3].COL[3].router.$procmux$1758.
    dead port 3/6 on $pmux $flatten\u_anoc.\u_anoc_mesh.\ROW[3].COL[3].router.$procmux$1758.
    dead port 4/6 on $pmux $flatten\u_anoc.\u_anoc_mesh.\ROW[3].COL[3].router.$procmux$1758.
    dead port 5/6 on $pmux $flatten\u_anoc.\u_anoc_mesh.\ROW[3].COL[3].router.$procmux$1758.
    dead port 6/6 on $pmux $flatten\u_anoc.\u_anoc_mesh.\ROW[3].COL[3].router.$procmux$1758.
    dead port 1/2 on $mux $flatten\u_anoc.\u_anoc_mesh.\ROW[3].COL[0].router.$procmux$1667.
    dead port 2/2 on $mux $flatten\u_anoc.\u_anoc_mesh.\ROW[3].COL[0].router.$procmux$1667.
    dead port 1/6 on $pmux $flatten\u_anoc.\u_anoc_mesh.\ROW[3].COL[0].router.$procmux$1674.
    dead port 2/6 on $pmux $flatten\u_anoc.\u_anoc_mesh.\ROW[3].COL[0].router.$procmux$1674.
    dead port 3/6 on $pmux $flatten\u_anoc.\u_anoc_mesh.\ROW[3].COL[0].router.$procmux$1674.
    dead port 4/6 on $pmux $flatten\u_anoc.\u_anoc_mesh.\ROW[3].COL[0].router.$procmux$1674.
    dead port 5/6 on $pmux $flatten\u_anoc.\u_anoc_mesh.\ROW[3].COL[0].router.$procmux$1674.
    dead port 6/6 on $pmux $flatten\u_anoc.\u_anoc_mesh.\ROW[3].COL[0].router.$procmux$1674.
    dead port 1/6 on $pmux $flatten\u_anoc.\u_anoc_mesh.\ROW[3].COL[0].router.$procmux$1681.
    dead port 2/6 on $pmux $flatten\u_anoc.\u_anoc_mesh.\ROW[3].COL[0].router.$procmux$1681.
    dead port 3/6 on $pmux $flatten\u_anoc.\u_anoc_mesh.\ROW[3].COL[0].router.$procmux$1681.
    dead port 4/6 on $pmux $flatten\u_anoc.\u_anoc_mesh.\ROW[3].COL[0].router.$procmux$1681.
    dead port 5/6 on $pmux $flatten\u_anoc.\u_anoc_mesh.\ROW[3].COL[0].router.$procmux$1681.
    dead port 6/6 on $pmux $flatten\u_anoc.\u_anoc_mesh.\ROW[3].COL[0].router.$procmux$1681.
    dead port 1/6 on $pmux $flatten\u_anoc.\u_anoc_mesh.\ROW[3].COL[0].router.$procmux$1688.
    dead port 2/6 on $pmux $flatten\u_anoc.\u_anoc_mesh.\ROW[3].COL[0].router.$procmux$1688.
    dead port 3/6 on $pmux $flatten\u_anoc.\u_anoc_mesh.\ROW[3].COL[0].router.$procmux$1688.
    dead port 4/6 on $pmux $flatten\u_anoc.\u_anoc_mesh.\ROW[3].COL[0].router.$procmux$1688.
    dead port 5/6 on $pmux $flatten\u_anoc.\u_anoc_mesh.\ROW[3].COL[0].router.$procmux$1688.
    dead port 6/6 on $pmux $flatten\u_anoc.\u_anoc_mesh.\ROW[3].COL[0].router.$procmux$1688.
    dead port 1/2 on $mux $flatten\u_anoc.\u_anoc_mesh.\ROW[3].COL[0].router.$procmux$1751.
    dead port 2/2 on $mux $flatten\u_anoc.\u_anoc_mesh.\ROW[3].COL[0].router.$procmux$1751.
    dead port 1/6 on $pmux $flatten\u_anoc.\u_anoc_mesh.\ROW[3].COL[0].router.$procmux$1758.
    dead port 2/6 on $pmux $flatten\u_anoc.\u_anoc_mesh.\ROW[3].COL[0].router.$procmux$1758.
    dead port 3/6 on $pmux $flatten\u_anoc.\u_anoc_mesh.\ROW[3].COL[0].router.$procmux$1758.
    dead port 4/6 on $pmux $flatten\u_anoc.\u_anoc_mesh.\ROW[3].COL[0].router.$procmux$1758.
    dead port 5/6 on $pmux $flatten\u_anoc.\u_anoc_mesh.\ROW[3].COL[0].router.$procmux$1758.
    dead port 6/6 on $pmux $flatten\u_anoc.\u_anoc_mesh.\ROW[3].COL[0].router.$procmux$1758.
    dead port 1/6 on $pmux $flatten\u_anoc.\u_anoc_mesh.\ROW[3].COL[0].router.$procmux$1765.
    dead port 2/6 on $pmux $flatten\u_anoc.\u_anoc_mesh.\ROW[3].COL[0].router.$procmux$1765.
    dead port 3/6 on $pmux $flatten\u_anoc.\u_anoc_mesh.\ROW[3].COL[0].router.$procmux$1765.
    dead port 4/6 on $pmux $flatten\u_anoc.\u_anoc_mesh.\ROW[3].COL[0].router.$procmux$1765.
    dead port 5/6 on $pmux $flatten\u_anoc.\u_anoc_mesh.\ROW[3].COL[0].router.$procmux$1765.
    dead port 6/6 on $pmux $flatten\u_anoc.\u_anoc_mesh.\ROW[3].COL[0].router.$procmux$1765.
    dead port 1/6 on $pmux $flatten\u_anoc.\u_anoc_mesh.\ROW[3].COL[0].router.$procmux$1772.
    dead port 2/6 on $pmux $flatten\u_anoc.\u_anoc_mesh.\ROW[3].COL[0].router.$procmux$1772.
    dead port 3/6 on $pmux $flatten\u_anoc.\u_anoc_mesh.\ROW[3].COL[0].router.$procmux$1772.
    dead port 4/6 on $pmux $flatten\u_anoc.\u_anoc_mesh.\ROW[3].COL[0].router.$procmux$1772.
    dead port 5/6 on $pmux $flatten\u_anoc.\u_anoc_mesh.\ROW[3].COL[0].router.$procmux$1772.
    dead port 6/6 on $pmux $flatten\u_anoc.\u_anoc_mesh.\ROW[3].COL[0].router.$procmux$1772.
    dead port 1/2 on $mux $flatten\u_anoc.\u_anoc_mesh.\ROW[3].COL[0].router.$procmux$1779.
    dead port 2/2 on $mux $flatten\u_anoc.\u_anoc_mesh.\ROW[3].COL[0].router.$procmux$1779.
    dead port 1/6 on $pmux $flatten\u_anoc.\u_anoc_mesh.\ROW[3].COL[0].router.$procmux$1786.
    dead port 2/6 on $pmux $flatten\u_anoc.\u_anoc_mesh.\ROW[3].COL[0].router.$procmux$1786.
    dead port 3/6 on $pmux $flatten\u_anoc.\u_anoc_mesh.\ROW[3].COL[0].router.$procmux$1786.
    dead port 4/6 on $pmux $flatten\u_anoc.\u_anoc_mesh.\ROW[3].COL[0].router.$procmux$1786.
    dead port 5/6 on $pmux $flatten\u_anoc.\u_anoc_mesh.\ROW[3].COL[0].router.$procmux$1786.
    dead port 6/6 on $pmux $flatten\u_anoc.\u_anoc_mesh.\ROW[3].COL[0].router.$procmux$1786.
    dead port 1/6 on $pmux $flatten\u_anoc.\u_anoc_mesh.\ROW[3].COL[3].router.$procmux$1765.
    dead port 2/6 on $pmux $flatten\u_anoc.\u_anoc_mesh.\ROW[3].COL[3].router.$procmux$1765.
    dead port 3/6 on $pmux $flatten\u_anoc.\u_anoc_mesh.\ROW[3].COL[3].router.$procmux$1765.
    dead port 4/6 on $pmux $flatten\u_anoc.\u_anoc_mesh.\ROW[3].COL[3].router.$procmux$1765.
    dead port 5/6 on $pmux $flatten\u_anoc.\u_anoc_mesh.\ROW[3].COL[3].router.$procmux$1765.
    dead port 6/6 on $pmux $flatten\u_anoc.\u_anoc_mesh.\ROW[3].COL[3].router.$procmux$1765.
    dead port 1/6 on $pmux $flatten\u_anoc.\u_anoc_mesh.\ROW[3].COL[0].router.$procmux$1793.
    dead port 2/6 on $pmux $flatten\u_anoc.\u_anoc_mesh.\ROW[3].COL[0].router.$procmux$1793.
    dead port 3/6 on $pmux $flatten\u_anoc.\u_anoc_mesh.\ROW[3].COL[0].router.$procmux$1793.
    dead port 4/6 on $pmux $flatten\u_anoc.\u_anoc_mesh.\ROW[3].COL[0].router.$procmux$1793.
    dead port 5/6 on $pmux $flatten\u_anoc.\u_anoc_mesh.\ROW[3].COL[0].router.$procmux$1793.
    dead port 6/6 on $pmux $flatten\u_anoc.\u_anoc_mesh.\ROW[3].COL[0].router.$procmux$1793.
    dead port 1/6 on $pmux $flatten\u_anoc.\u_anoc_mesh.\ROW[3].COL[0].router.$procmux$1800.
    dead port 2/6 on $pmux $flatten\u_anoc.\u_anoc_mesh.\ROW[3].COL[0].router.$procmux$1800.
    dead port 3/6 on $pmux $flatten\u_anoc.\u_anoc_mesh.\ROW[3].COL[0].router.$procmux$1800.
    dead port 4/6 on $pmux $flatten\u_anoc.\u_anoc_mesh.\ROW[3].COL[0].router.$procmux$1800.
    dead port 5/6 on $pmux $flatten\u_anoc.\u_anoc_mesh.\ROW[3].COL[0].router.$procmux$1800.
    dead port 6/6 on $pmux $flatten\u_anoc.\u_anoc_mesh.\ROW[3].COL[0].router.$procmux$1800.
    dead port 1/6 on $pmux $flatten\u_anoc.\u_anoc_mesh.\ROW[3].COL[3].router.$procmux$1772.
    dead port 2/6 on $pmux $flatten\u_anoc.\u_anoc_mesh.\ROW[3].COL[3].router.$procmux$1772.
    dead port 3/6 on $pmux $flatten\u_anoc.\u_anoc_mesh.\ROW[3].COL[3].router.$procmux$1772.
    dead port 4/6 on $pmux $flatten\u_anoc.\u_anoc_mesh.\ROW[3].COL[3].router.$procmux$1772.
    dead port 5/6 on $pmux $flatten\u_anoc.\u_anoc_mesh.\ROW[3].COL[3].router.$procmux$1772.
    dead port 6/6 on $pmux $flatten\u_anoc.\u_anoc_mesh.\ROW[3].COL[3].router.$procmux$1772.
    dead port 1/2 on $mux $flatten\u_anoc.\u_anoc_mesh.\ROW[2].COL[3].router.$procmux$1695.
    dead port 2/2 on $mux $flatten\u_anoc.\u_anoc_mesh.\ROW[2].COL[3].router.$procmux$1695.
    dead port 1/6 on $pmux $flatten\u_anoc.\u_anoc_mesh.\ROW[2].COL[3].router.$procmux$1702.
    dead port 2/6 on $pmux $flatten\u_anoc.\u_anoc_mesh.\ROW[2].COL[3].router.$procmux$1702.
    dead port 3/6 on $pmux $flatten\u_anoc.\u_anoc_mesh.\ROW[2].COL[3].router.$procmux$1702.
    dead port 4/6 on $pmux $flatten\u_anoc.\u_anoc_mesh.\ROW[2].COL[3].router.$procmux$1702.
    dead port 5/6 on $pmux $flatten\u_anoc.\u_anoc_mesh.\ROW[2].COL[3].router.$procmux$1702.
    dead port 6/6 on $pmux $flatten\u_anoc.\u_anoc_mesh.\ROW[2].COL[3].router.$procmux$1702.
    dead port 1/6 on $pmux $flatten\u_anoc.\u_anoc_mesh.\ROW[2].COL[3].router.$procmux$1709.
    dead port 2/6 on $pmux $flatten\u_anoc.\u_anoc_mesh.\ROW[2].COL[3].router.$procmux$1709.
    dead port 3/6 on $pmux $flatten\u_anoc.\u_anoc_mesh.\ROW[2].COL[3].router.$procmux$1709.
    dead port 4/6 on $pmux $flatten\u_anoc.\u_anoc_mesh.\ROW[2].COL[3].router.$procmux$1709.
    dead port 5/6 on $pmux $flatten\u_anoc.\u_anoc_mesh.\ROW[2].COL[3].router.$procmux$1709.
    dead port 6/6 on $pmux $flatten\u_anoc.\u_anoc_mesh.\ROW[2].COL[3].router.$procmux$1709.
    dead port 1/6 on $pmux $flatten\u_anoc.\u_anoc_mesh.\ROW[2].COL[3].router.$procmux$1716.
    dead port 2/6 on $pmux $flatten\u_anoc.\u_anoc_mesh.\ROW[2].COL[3].router.$procmux$1716.
    dead port 3/6 on $pmux $flatten\u_anoc.\u_anoc_mesh.\ROW[2].COL[3].router.$procmux$1716.
    dead port 4/6 on $pmux $flatten\u_anoc.\u_anoc_mesh.\ROW[2].COL[3].router.$procmux$1716.
    dead port 5/6 on $pmux $flatten\u_anoc.\u_anoc_mesh.\ROW[2].COL[3].router.$procmux$1716.
    dead port 6/6 on $pmux $flatten\u_anoc.\u_anoc_mesh.\ROW[2].COL[3].router.$procmux$1716.
    dead port 1/2 on $mux $flatten\u_anoc.\u_anoc_mesh.\ROW[2].COL[3].router.$procmux$1779.
    dead port 2/2 on $mux $flatten\u_anoc.\u_anoc_mesh.\ROW[2].COL[3].router.$procmux$1779.
    dead port 1/6 on $pmux $flatten\u_anoc.\u_anoc_mesh.\ROW[2].COL[3].router.$procmux$1786.
    dead port 2/6 on $pmux $flatten\u_anoc.\u_anoc_mesh.\ROW[2].COL[3].router.$procmux$1786.
    dead port 3/6 on $pmux $flatten\u_anoc.\u_anoc_mesh.\ROW[2].COL[3].router.$procmux$1786.
    dead port 4/6 on $pmux $flatten\u_anoc.\u_anoc_mesh.\ROW[2].COL[3].router.$procmux$1786.
    dead port 5/6 on $pmux $flatten\u_anoc.\u_anoc_mesh.\ROW[2].COL[3].router.$procmux$1786.
    dead port 6/6 on $pmux $flatten\u_anoc.\u_anoc_mesh.\ROW[2].COL[3].router.$procmux$1786.
    dead port 1/6 on $pmux $flatten\u_anoc.\u_anoc_mesh.\ROW[2].COL[3].router.$procmux$1793.
    dead port 2/6 on $pmux $flatten\u_anoc.\u_anoc_mesh.\ROW[2].COL[3].router.$procmux$1793.
    dead port 3/6 on $pmux $flatten\u_anoc.\u_anoc_mesh.\ROW[2].COL[3].router.$procmux$1793.
    dead port 4/6 on $pmux $flatten\u_anoc.\u_anoc_mesh.\ROW[2].COL[3].router.$procmux$1793.
    dead port 5/6 on $pmux $flatten\u_anoc.\u_anoc_mesh.\ROW[2].COL[3].router.$procmux$1793.
    dead port 6/6 on $pmux $flatten\u_anoc.\u_anoc_mesh.\ROW[2].COL[3].router.$procmux$1793.
    dead port 1/6 on $pmux $flatten\u_anoc.\u_anoc_mesh.\ROW[2].COL[3].router.$procmux$1800.
    dead port 2/6 on $pmux $flatten\u_anoc.\u_anoc_mesh.\ROW[2].COL[3].router.$procmux$1800.
    dead port 3/6 on $pmux $flatten\u_anoc.\u_anoc_mesh.\ROW[2].COL[3].router.$procmux$1800.
    dead port 4/6 on $pmux $flatten\u_anoc.\u_anoc_mesh.\ROW[2].COL[3].router.$procmux$1800.
    dead port 5/6 on $pmux $flatten\u_anoc.\u_anoc_mesh.\ROW[2].COL[3].router.$procmux$1800.
    dead port 6/6 on $pmux $flatten\u_anoc.\u_anoc_mesh.\ROW[2].COL[3].router.$procmux$1800.
    dead port 1/2 on $mux $flatten\u_anoc.\u_anoc_mesh.\ROW[3].COL[3].router.$procmux$2307.
    dead port 1/2 on $mux $flatten\u_anoc.\u_anoc_mesh.\ROW[2].COL[2].router.$procmux$2307.
    dead port 1/2 on $mux $flatten\u_anoc.\u_anoc_mesh.\ROW[2].COL[2].router.$procmux$2319.
    dead port 1/2 on $mux $flatten\u_anoc.\u_anoc_mesh.\ROW[2].COL[2].router.$procmux$1779.
    dead port 2/2 on $mux $flatten\u_anoc.\u_anoc_mesh.\ROW[2].COL[2].router.$procmux$1779.
    dead port 1/6 on $pmux $flatten\u_anoc.\u_anoc_mesh.\ROW[2].COL[2].router.$procmux$1786.
    dead port 2/6 on $pmux $flatten\u_anoc.\u_anoc_mesh.\ROW[2].COL[2].router.$procmux$1786.
    dead port 3/6 on $pmux $flatten\u_anoc.\u_anoc_mesh.\ROW[2].COL[2].router.$procmux$1786.
    dead port 4/6 on $pmux $flatten\u_anoc.\u_anoc_mesh.\ROW[2].COL[2].router.$procmux$1786.
    dead port 5/6 on $pmux $flatten\u_anoc.\u_anoc_mesh.\ROW[2].COL[2].router.$procmux$1786.
    dead port 6/6 on $pmux $flatten\u_anoc.\u_anoc_mesh.\ROW[2].COL[2].router.$procmux$1786.
    dead port 1/6 on $pmux $flatten\u_anoc.\u_anoc_mesh.\ROW[2].COL[2].router.$procmux$1793.
    dead port 2/6 on $pmux $flatten\u_anoc.\u_anoc_mesh.\ROW[2].COL[2].router.$procmux$1793.
    dead port 3/6 on $pmux $flatten\u_anoc.\u_anoc_mesh.\ROW[2].COL[2].router.$procmux$1793.
    dead port 4/6 on $pmux $flatten\u_anoc.\u_anoc_mesh.\ROW[2].COL[2].router.$procmux$1793.
    dead port 5/6 on $pmux $flatten\u_anoc.\u_anoc_mesh.\ROW[2].COL[2].router.$procmux$1793.
    dead port 6/6 on $pmux $flatten\u_anoc.\u_anoc_mesh.\ROW[2].COL[2].router.$procmux$1793.
    dead port 1/6 on $pmux $flatten\u_anoc.\u_anoc_mesh.\ROW[2].COL[2].router.$procmux$1800.
    dead port 2/6 on $pmux $flatten\u_anoc.\u_anoc_mesh.\ROW[2].COL[2].router.$procmux$1800.
    dead port 3/6 on $pmux $flatten\u_anoc.\u_anoc_mesh.\ROW[2].COL[2].router.$procmux$1800.
    dead port 4/6 on $pmux $flatten\u_anoc.\u_anoc_mesh.\ROW[2].COL[2].router.$procmux$1800.
    dead port 5/6 on $pmux $flatten\u_anoc.\u_anoc_mesh.\ROW[2].COL[2].router.$procmux$1800.
    dead port 6/6 on $pmux $flatten\u_anoc.\u_anoc_mesh.\ROW[2].COL[2].router.$procmux$1800.
    dead port 1/6 on $pmux $flatten\u_anoc.\u_anoc_mesh.\ROW[3].COL[3].router.$procmux$1786.
    dead port 2/6 on $pmux $flatten\u_anoc.\u_anoc_mesh.\ROW[3].COL[3].router.$procmux$1786.
    dead port 3/6 on $pmux $flatten\u_anoc.\u_anoc_mesh.\ROW[3].COL[3].router.$procmux$1786.
    dead port 4/6 on $pmux $flatten\u_anoc.\u_anoc_mesh.\ROW[3].COL[3].router.$procmux$1786.
    dead port 5/6 on $pmux $flatten\u_anoc.\u_anoc_mesh.\ROW[3].COL[3].router.$procmux$1786.
    dead port 6/6 on $pmux $flatten\u_anoc.\u_anoc_mesh.\ROW[3].COL[3].router.$procmux$1786.
    dead port 1/2 on $mux $flatten\u_anoc.\u_anoc_mesh.\ROW[2].COL[1].router.$procmux$1779.
    dead port 2/2 on $mux $flatten\u_anoc.\u_anoc_mesh.\ROW[2].COL[1].router.$procmux$1779.
    dead port 1/6 on $pmux $flatten\u_anoc.\u_anoc_mesh.\ROW[2].COL[1].router.$procmux$1786.
    dead port 2/6 on $pmux $flatten\u_anoc.\u_anoc_mesh.\ROW[2].COL[1].router.$procmux$1786.
    dead port 3/6 on $pmux $flatten\u_anoc.\u_anoc_mesh.\ROW[2].COL[1].router.$procmux$1786.
    dead port 4/6 on $pmux $flatten\u_anoc.\u_anoc_mesh.\ROW[2].COL[1].router.$procmux$1786.
    dead port 5/6 on $pmux $flatten\u_anoc.\u_anoc_mesh.\ROW[2].COL[1].router.$procmux$1786.
    dead port 6/6 on $pmux $flatten\u_anoc.\u_anoc_mesh.\ROW[2].COL[1].router.$procmux$1786.
    dead port 1/6 on $pmux $flatten\u_anoc.\u_anoc_mesh.\ROW[2].COL[1].router.$procmux$1793.
    dead port 2/6 on $pmux $flatten\u_anoc.\u_anoc_mesh.\ROW[2].COL[1].router.$procmux$1793.
    dead port 3/6 on $pmux $flatten\u_anoc.\u_anoc_mesh.\ROW[2].COL[1].router.$procmux$1793.
    dead port 4/6 on $pmux $flatten\u_anoc.\u_anoc_mesh.\ROW[2].COL[1].router.$procmux$1793.
    dead port 5/6 on $pmux $flatten\u_anoc.\u_anoc_mesh.\ROW[2].COL[1].router.$procmux$1793.
    dead port 6/6 on $pmux $flatten\u_anoc.\u_anoc_mesh.\ROW[2].COL[1].router.$procmux$1793.
    dead port 1/6 on $pmux $flatten\u_anoc.\u_anoc_mesh.\ROW[2].COL[1].router.$procmux$1800.
    dead port 2/6 on $pmux $flatten\u_anoc.\u_anoc_mesh.\ROW[2].COL[1].router.$procmux$1800.
    dead port 3/6 on $pmux $flatten\u_anoc.\u_anoc_mesh.\ROW[2].COL[1].router.$procmux$1800.
    dead port 4/6 on $pmux $flatten\u_anoc.\u_anoc_mesh.\ROW[2].COL[1].router.$procmux$1800.
    dead port 5/6 on $pmux $flatten\u_anoc.\u_anoc_mesh.\ROW[2].COL[1].router.$procmux$1800.
    dead port 6/6 on $pmux $flatten\u_anoc.\u_anoc_mesh.\ROW[2].COL[1].router.$procmux$1800.
    dead port 1/6 on $pmux $flatten\u_anoc.\u_anoc_mesh.\ROW[3].COL[3].router.$procmux$1793.
    dead port 2/6 on $pmux $flatten\u_anoc.\u_anoc_mesh.\ROW[3].COL[3].router.$procmux$1793.
    dead port 3/6 on $pmux $flatten\u_anoc.\u_anoc_mesh.\ROW[3].COL[3].router.$procmux$1793.
    dead port 4/6 on $pmux $flatten\u_anoc.\u_anoc_mesh.\ROW[3].COL[3].router.$procmux$1793.
    dead port 5/6 on $pmux $flatten\u_anoc.\u_anoc_mesh.\ROW[3].COL[3].router.$procmux$1793.
    dead port 6/6 on $pmux $flatten\u_anoc.\u_anoc_mesh.\ROW[3].COL[3].router.$procmux$1793.
    dead port 1/2 on $mux $flatten\u_anoc.\u_anoc_mesh.\ROW[2].COL[0].router.$procmux$1667.
    dead port 2/2 on $mux $flatten\u_anoc.\u_anoc_mesh.\ROW[2].COL[0].router.$procmux$1667.
    dead port 1/6 on $pmux $flatten\u_anoc.\u_anoc_mesh.\ROW[2].COL[0].router.$procmux$1674.
    dead port 2/6 on $pmux $flatten\u_anoc.\u_anoc_mesh.\ROW[2].COL[0].router.$procmux$1674.
    dead port 3/6 on $pmux $flatten\u_anoc.\u_anoc_mesh.\ROW[2].COL[0].router.$procmux$1674.
    dead port 4/6 on $pmux $flatten\u_anoc.\u_anoc_mesh.\ROW[2].COL[0].router.$procmux$1674.
    dead port 5/6 on $pmux $flatten\u_anoc.\u_anoc_mesh.\ROW[2].COL[0].router.$procmux$1674.
    dead port 6/6 on $pmux $flatten\u_anoc.\u_anoc_mesh.\ROW[2].COL[0].router.$procmux$1674.
    dead port 1/6 on $pmux $flatten\u_anoc.\u_anoc_mesh.\ROW[2].COL[0].router.$procmux$1681.
    dead port 2/6 on $pmux $flatten\u_anoc.\u_anoc_mesh.\ROW[2].COL[0].router.$procmux$1681.
    dead port 3/6 on $pmux $flatten\u_anoc.\u_anoc_mesh.\ROW[2].COL[0].router.$procmux$1681.
    dead port 4/6 on $pmux $flatten\u_anoc.\u_anoc_mesh.\ROW[2].COL[0].router.$procmux$1681.
    dead port 5/6 on $pmux $flatten\u_anoc.\u_anoc_mesh.\ROW[2].COL[0].router.$procmux$1681.
    dead port 6/6 on $pmux $flatten\u_anoc.\u_anoc_mesh.\ROW[2].COL[0].router.$procmux$1681.
    dead port 1/6 on $pmux $flatten\u_anoc.\u_anoc_mesh.\ROW[2].COL[0].router.$procmux$1688.
    dead port 2/6 on $pmux $flatten\u_anoc.\u_anoc_mesh.\ROW[2].COL[0].router.$procmux$1688.
    dead port 3/6 on $pmux $flatten\u_anoc.\u_anoc_mesh.\ROW[2].COL[0].router.$procmux$1688.
    dead port 4/6 on $pmux $flatten\u_anoc.\u_anoc_mesh.\ROW[2].COL[0].router.$procmux$1688.
    dead port 5/6 on $pmux $flatten\u_anoc.\u_anoc_mesh.\ROW[2].COL[0].router.$procmux$1688.
    dead port 6/6 on $pmux $flatten\u_anoc.\u_anoc_mesh.\ROW[2].COL[0].router.$procmux$1688.
    dead port 1/2 on $mux $flatten\u_anoc.\u_anoc_mesh.\ROW[2].COL[0].router.$procmux$1779.
    dead port 2/2 on $mux $flatten\u_anoc.\u_anoc_mesh.\ROW[2].COL[0].router.$procmux$1779.
    dead port 1/6 on $pmux $flatten\u_anoc.\u_anoc_mesh.\ROW[2].COL[0].router.$procmux$1786.
    dead port 2/6 on $pmux $flatten\u_anoc.\u_anoc_mesh.\ROW[2].COL[0].router.$procmux$1786.
    dead port 3/6 on $pmux $flatten\u_anoc.\u_anoc_mesh.\ROW[2].COL[0].router.$procmux$1786.
    dead port 4/6 on $pmux $flatten\u_anoc.\u_anoc_mesh.\ROW[2].COL[0].router.$procmux$1786.
    dead port 5/6 on $pmux $flatten\u_anoc.\u_anoc_mesh.\ROW[2].COL[0].router.$procmux$1786.
    dead port 6/6 on $pmux $flatten\u_anoc.\u_anoc_mesh.\ROW[2].COL[0].router.$procmux$1786.
    dead port 1/6 on $pmux $flatten\u_anoc.\u_anoc_mesh.\ROW[2].COL[0].router.$procmux$1793.
    dead port 2/6 on $pmux $flatten\u_anoc.\u_anoc_mesh.\ROW[2].COL[0].router.$procmux$1793.
    dead port 3/6 on $pmux $flatten\u_anoc.\u_anoc_mesh.\ROW[2].COL[0].router.$procmux$1793.
    dead port 4/6 on $pmux $flatten\u_anoc.\u_anoc_mesh.\ROW[2].COL[0].router.$procmux$1793.
    dead port 5/6 on $pmux $flatten\u_anoc.\u_anoc_mesh.\ROW[2].COL[0].router.$procmux$1793.
    dead port 6/6 on $pmux $flatten\u_anoc.\u_anoc_mesh.\ROW[2].COL[0].router.$procmux$1793.
    dead port 1/6 on $pmux $flatten\u_anoc.\u_anoc_mesh.\ROW[2].COL[0].router.$procmux$1800.
    dead port 2/6 on $pmux $flatten\u_anoc.\u_anoc_mesh.\ROW[2].COL[0].router.$procmux$1800.
    dead port 3/6 on $pmux $flatten\u_anoc.\u_anoc_mesh.\ROW[2].COL[0].router.$procmux$1800.
    dead port 4/6 on $pmux $flatten\u_anoc.\u_anoc_mesh.\ROW[2].COL[0].router.$procmux$1800.
    dead port 5/6 on $pmux $flatten\u_anoc.\u_anoc_mesh.\ROW[2].COL[0].router.$procmux$1800.
    dead port 6/6 on $pmux $flatten\u_anoc.\u_anoc_mesh.\ROW[2].COL[0].router.$procmux$1800.
    dead port 1/2 on $mux $flatten\u_anoc.\u_anoc_mesh.\ROW[3].COL[3].router.$procmux$2277.
    dead port 1/2 on $mux $flatten\u_anoc.\u_anoc_mesh.\ROW[3].COL[3].router.$procmux$2319.
    dead port 1/2 on $mux $flatten\u_anoc.\u_anoc_mesh.\ROW[1].COL[3].router.$procmux$1695.
    dead port 2/2 on $mux $flatten\u_anoc.\u_anoc_mesh.\ROW[1].COL[3].router.$procmux$1695.
    dead port 1/6 on $pmux $flatten\u_anoc.\u_anoc_mesh.\ROW[1].COL[3].router.$procmux$1702.
    dead port 2/6 on $pmux $flatten\u_anoc.\u_anoc_mesh.\ROW[1].COL[3].router.$procmux$1702.
    dead port 3/6 on $pmux $flatten\u_anoc.\u_anoc_mesh.\ROW[1].COL[3].router.$procmux$1702.
    dead port 4/6 on $pmux $flatten\u_anoc.\u_anoc_mesh.\ROW[1].COL[3].router.$procmux$1702.
    dead port 5/6 on $pmux $flatten\u_anoc.\u_anoc_mesh.\ROW[1].COL[3].router.$procmux$1702.
    dead port 6/6 on $pmux $flatten\u_anoc.\u_anoc_mesh.\ROW[1].COL[3].router.$procmux$1702.
    dead port 1/6 on $pmux $flatten\u_anoc.\u_anoc_mesh.\ROW[1].COL[3].router.$procmux$1709.
    dead port 2/6 on $pmux $flatten\u_anoc.\u_anoc_mesh.\ROW[1].COL[3].router.$procmux$1709.
    dead port 3/6 on $pmux $flatten\u_anoc.\u_anoc_mesh.\ROW[1].COL[3].router.$procmux$1709.
    dead port 4/6 on $pmux $flatten\u_anoc.\u_anoc_mesh.\ROW[1].COL[3].router.$procmux$1709.
    dead port 5/6 on $pmux $flatten\u_anoc.\u_anoc_mesh.\ROW[1].COL[3].router.$procmux$1709.
    dead port 6/6 on $pmux $flatten\u_anoc.\u_anoc_mesh.\ROW[1].COL[3].router.$procmux$1709.
    dead port 1/6 on $pmux $flatten\u_anoc.\u_anoc_mesh.\ROW[1].COL[3].router.$procmux$1716.
    dead port 2/6 on $pmux $flatten\u_anoc.\u_anoc_mesh.\ROW[1].COL[3].router.$procmux$1716.
    dead port 3/6 on $pmux $flatten\u_anoc.\u_anoc_mesh.\ROW[1].COL[3].router.$procmux$1716.
    dead port 4/6 on $pmux $flatten\u_anoc.\u_anoc_mesh.\ROW[1].COL[3].router.$procmux$1716.
    dead port 5/6 on $pmux $flatten\u_anoc.\u_anoc_mesh.\ROW[1].COL[3].router.$procmux$1716.
    dead port 6/6 on $pmux $flatten\u_anoc.\u_anoc_mesh.\ROW[1].COL[3].router.$procmux$1716.
    dead port 1/2 on $mux $flatten\u_anoc.\u_anoc_mesh.\ROW[1].COL[3].router.$procmux$1779.
    dead port 2/2 on $mux $flatten\u_anoc.\u_anoc_mesh.\ROW[1].COL[3].router.$procmux$1779.
    dead port 1/6 on $pmux $flatten\u_anoc.\u_anoc_mesh.\ROW[1].COL[3].router.$procmux$1786.
    dead port 2/6 on $pmux $flatten\u_anoc.\u_anoc_mesh.\ROW[1].COL[3].router.$procmux$1786.
    dead port 3/6 on $pmux $flatten\u_anoc.\u_anoc_mesh.\ROW[1].COL[3].router.$procmux$1786.
    dead port 4/6 on $pmux $flatten\u_anoc.\u_anoc_mesh.\ROW[1].COL[3].router.$procmux$1786.
    dead port 5/6 on $pmux $flatten\u_anoc.\u_anoc_mesh.\ROW[1].COL[3].router.$procmux$1786.
    dead port 6/6 on $pmux $flatten\u_anoc.\u_anoc_mesh.\ROW[1].COL[3].router.$procmux$1786.
    dead port 1/6 on $pmux $flatten\u_anoc.\u_anoc_mesh.\ROW[1].COL[3].router.$procmux$1793.
    dead port 2/6 on $pmux $flatten\u_anoc.\u_anoc_mesh.\ROW[1].COL[3].router.$procmux$1793.
    dead port 3/6 on $pmux $flatten\u_anoc.\u_anoc_mesh.\ROW[1].COL[3].router.$procmux$1793.
    dead port 4/6 on $pmux $flatten\u_anoc.\u_anoc_mesh.\ROW[1].COL[3].router.$procmux$1793.
    dead port 5/6 on $pmux $flatten\u_anoc.\u_anoc_mesh.\ROW[1].COL[3].router.$procmux$1793.
    dead port 6/6 on $pmux $flatten\u_anoc.\u_anoc_mesh.\ROW[1].COL[3].router.$procmux$1793.
    dead port 1/6 on $pmux $flatten\u_anoc.\u_anoc_mesh.\ROW[1].COL[3].router.$procmux$1800.
    dead port 2/6 on $pmux $flatten\u_anoc.\u_anoc_mesh.\ROW[1].COL[3].router.$procmux$1800.
    dead port 3/6 on $pmux $flatten\u_anoc.\u_anoc_mesh.\ROW[1].COL[3].router.$procmux$1800.
    dead port 4/6 on $pmux $flatten\u_anoc.\u_anoc_mesh.\ROW[1].COL[3].router.$procmux$1800.
    dead port 5/6 on $pmux $flatten\u_anoc.\u_anoc_mesh.\ROW[1].COL[3].router.$procmux$1800.
    dead port 6/6 on $pmux $flatten\u_anoc.\u_anoc_mesh.\ROW[1].COL[3].router.$procmux$1800.
    dead port 1/2 on $mux $flatten\u_anoc.\u_anoc_mesh.\ROW[3].COL[3].router.$procmux$2229.
    dead port 1/2 on $mux $flatten\u_anoc.\u_anoc_mesh.\ROW[1].COL[2].router.$procmux$1779.
    dead port 2/2 on $mux $flatten\u_anoc.\u_anoc_mesh.\ROW[1].COL[2].router.$procmux$1779.
    dead port 1/6 on $pmux $flatten\u_anoc.\u_anoc_mesh.\ROW[1].COL[2].router.$procmux$1786.
    dead port 2/6 on $pmux $flatten\u_anoc.\u_anoc_mesh.\ROW[1].COL[2].router.$procmux$1786.
    dead port 3/6 on $pmux $flatten\u_anoc.\u_anoc_mesh.\ROW[1].COL[2].router.$procmux$1786.
    dead port 4/6 on $pmux $flatten\u_anoc.\u_anoc_mesh.\ROW[1].COL[2].router.$procmux$1786.
    dead port 5/6 on $pmux $flatten\u_anoc.\u_anoc_mesh.\ROW[1].COL[2].router.$procmux$1786.
    dead port 6/6 on $pmux $flatten\u_anoc.\u_anoc_mesh.\ROW[1].COL[2].router.$procmux$1786.
    dead port 1/6 on $pmux $flatten\u_anoc.\u_anoc_mesh.\ROW[1].COL[2].router.$procmux$1793.
    dead port 2/6 on $pmux $flatten\u_anoc.\u_anoc_mesh.\ROW[1].COL[2].router.$procmux$1793.
    dead port 3/6 on $pmux $flatten\u_anoc.\u_anoc_mesh.\ROW[1].COL[2].router.$procmux$1793.
    dead port 4/6 on $pmux $flatten\u_anoc.\u_anoc_mesh.\ROW[1].COL[2].router.$procmux$1793.
    dead port 5/6 on $pmux $flatten\u_anoc.\u_anoc_mesh.\ROW[1].COL[2].router.$procmux$1793.
    dead port 6/6 on $pmux $flatten\u_anoc.\u_anoc_mesh.\ROW[1].COL[2].router.$procmux$1793.
    dead port 1/6 on $pmux $flatten\u_anoc.\u_anoc_mesh.\ROW[1].COL[2].router.$procmux$1800.
    dead port 2/6 on $pmux $flatten\u_anoc.\u_anoc_mesh.\ROW[1].COL[2].router.$procmux$1800.
    dead port 3/6 on $pmux $flatten\u_anoc.\u_anoc_mesh.\ROW[1].COL[2].router.$procmux$1800.
    dead port 4/6 on $pmux $flatten\u_anoc.\u_anoc_mesh.\ROW[1].COL[2].router.$procmux$1800.
    dead port 5/6 on $pmux $flatten\u_anoc.\u_anoc_mesh.\ROW[1].COL[2].router.$procmux$1800.
    dead port 6/6 on $pmux $flatten\u_anoc.\u_anoc_mesh.\ROW[1].COL[2].router.$procmux$1800.
    dead port 1/2 on $mux $flatten\u_anoc.\u_anoc_mesh.\ROW[1].COL[1].router.$procmux$2307.
    dead port 1/2 on $mux $flatten\u_anoc.\u_anoc_mesh.\ROW[1].COL[1].router.$procmux$2319.
    dead port 1/2 on $mux $flatten\u_anoc.\u_anoc_mesh.\ROW[1].COL[1].router.$procmux$1779.
    dead port 2/2 on $mux $flatten\u_anoc.\u_anoc_mesh.\ROW[1].COL[1].router.$procmux$1779.
    dead port 1/6 on $pmux $flatten\u_anoc.\u_anoc_mesh.\ROW[1].COL[1].router.$procmux$1786.
    dead port 2/6 on $pmux $flatten\u_anoc.\u_anoc_mesh.\ROW[1].COL[1].router.$procmux$1786.
    dead port 3/6 on $pmux $flatten\u_anoc.\u_anoc_mesh.\ROW[1].COL[1].router.$procmux$1786.
    dead port 4/6 on $pmux $flatten\u_anoc.\u_anoc_mesh.\ROW[1].COL[1].router.$procmux$1786.
    dead port 5/6 on $pmux $flatten\u_anoc.\u_anoc_mesh.\ROW[1].COL[1].router.$procmux$1786.
    dead port 6/6 on $pmux $flatten\u_anoc.\u_anoc_mesh.\ROW[1].COL[1].router.$procmux$1786.
    dead port 1/6 on $pmux $flatten\u_anoc.\u_anoc_mesh.\ROW[1].COL[1].router.$procmux$1793.
    dead port 2/6 on $pmux $flatten\u_anoc.\u_anoc_mesh.\ROW[1].COL[1].router.$procmux$1793.
    dead port 3/6 on $pmux $flatten\u_anoc.\u_anoc_mesh.\ROW[1].COL[1].router.$procmux$1793.
    dead port 4/6 on $pmux $flatten\u_anoc.\u_anoc_mesh.\ROW[1].COL[1].router.$procmux$1793.
    dead port 5/6 on $pmux $flatten\u_anoc.\u_anoc_mesh.\ROW[1].COL[1].router.$procmux$1793.
    dead port 6/6 on $pmux $flatten\u_anoc.\u_anoc_mesh.\ROW[1].COL[1].router.$procmux$1793.
    dead port 1/6 on $pmux $flatten\u_anoc.\u_anoc_mesh.\ROW[1].COL[1].router.$procmux$1800.
    dead port 2/6 on $pmux $flatten\u_anoc.\u_anoc_mesh.\ROW[1].COL[1].router.$procmux$1800.
    dead port 3/6 on $pmux $flatten\u_anoc.\u_anoc_mesh.\ROW[1].COL[1].router.$procmux$1800.
    dead port 4/6 on $pmux $flatten\u_anoc.\u_anoc_mesh.\ROW[1].COL[1].router.$procmux$1800.
    dead port 5/6 on $pmux $flatten\u_anoc.\u_anoc_mesh.\ROW[1].COL[1].router.$procmux$1800.
    dead port 6/6 on $pmux $flatten\u_anoc.\u_anoc_mesh.\ROW[1].COL[1].router.$procmux$1800.
    dead port 1/2 on $mux $flatten\u_anoc.\u_anoc_mesh.\ROW[1].COL[0].router.$procmux$1667.
    dead port 2/2 on $mux $flatten\u_anoc.\u_anoc_mesh.\ROW[1].COL[0].router.$procmux$1667.
    dead port 1/6 on $pmux $flatten\u_anoc.\u_anoc_mesh.\ROW[1].COL[0].router.$procmux$1674.
    dead port 2/6 on $pmux $flatten\u_anoc.\u_anoc_mesh.\ROW[1].COL[0].router.$procmux$1674.
    dead port 3/6 on $pmux $flatten\u_anoc.\u_anoc_mesh.\ROW[1].COL[0].router.$procmux$1674.
    dead port 4/6 on $pmux $flatten\u_anoc.\u_anoc_mesh.\ROW[1].COL[0].router.$procmux$1674.
    dead port 5/6 on $pmux $flatten\u_anoc.\u_anoc_mesh.\ROW[1].COL[0].router.$procmux$1674.
    dead port 6/6 on $pmux $flatten\u_anoc.\u_anoc_mesh.\ROW[1].COL[0].router.$procmux$1674.
    dead port 1/6 on $pmux $flatten\u_anoc.\u_anoc_mesh.\ROW[1].COL[0].router.$procmux$1681.
    dead port 2/6 on $pmux $flatten\u_anoc.\u_anoc_mesh.\ROW[1].COL[0].router.$procmux$1681.
    dead port 3/6 on $pmux $flatten\u_anoc.\u_anoc_mesh.\ROW[1].COL[0].router.$procmux$1681.
    dead port 4/6 on $pmux $flatten\u_anoc.\u_anoc_mesh.\ROW[1].COL[0].router.$procmux$1681.
    dead port 5/6 on $pmux $flatten\u_anoc.\u_anoc_mesh.\ROW[1].COL[0].router.$procmux$1681.
    dead port 6/6 on $pmux $flatten\u_anoc.\u_anoc_mesh.\ROW[1].COL[0].router.$procmux$1681.
    dead port 1/6 on $pmux $flatten\u_anoc.\u_anoc_mesh.\ROW[1].COL[0].router.$procmux$1688.
    dead port 2/6 on $pmux $flatten\u_anoc.\u_anoc_mesh.\ROW[1].COL[0].router.$procmux$1688.
    dead port 3/6 on $pmux $flatten\u_anoc.\u_anoc_mesh.\ROW[1].COL[0].router.$procmux$1688.
    dead port 4/6 on $pmux $flatten\u_anoc.\u_anoc_mesh.\ROW[1].COL[0].router.$procmux$1688.
    dead port 5/6 on $pmux $flatten\u_anoc.\u_anoc_mesh.\ROW[1].COL[0].router.$procmux$1688.
    dead port 6/6 on $pmux $flatten\u_anoc.\u_anoc_mesh.\ROW[1].COL[0].router.$procmux$1688.
    dead port 1/2 on $mux $flatten\u_anoc.\u_anoc_mesh.\ROW[1].COL[0].router.$procmux$1779.
    dead port 2/2 on $mux $flatten\u_anoc.\u_anoc_mesh.\ROW[1].COL[0].router.$procmux$1779.
    dead port 1/6 on $pmux $flatten\u_anoc.\u_anoc_mesh.\ROW[1].COL[0].router.$procmux$1786.
    dead port 2/6 on $pmux $flatten\u_anoc.\u_anoc_mesh.\ROW[1].COL[0].router.$procmux$1786.
    dead port 3/6 on $pmux $flatten\u_anoc.\u_anoc_mesh.\ROW[1].COL[0].router.$procmux$1786.
    dead port 4/6 on $pmux $flatten\u_anoc.\u_anoc_mesh.\ROW[1].COL[0].router.$procmux$1786.
    dead port 5/6 on $pmux $flatten\u_anoc.\u_anoc_mesh.\ROW[1].COL[0].router.$procmux$1786.
    dead port 6/6 on $pmux $flatten\u_anoc.\u_anoc_mesh.\ROW[1].COL[0].router.$procmux$1786.
    dead port 1/6 on $pmux $flatten\u_anoc.\u_anoc_mesh.\ROW[1].COL[0].router.$procmux$1793.
    dead port 2/6 on $pmux $flatten\u_anoc.\u_anoc_mesh.\ROW[1].COL[0].router.$procmux$1793.
    dead port 3/6 on $pmux $flatten\u_anoc.\u_anoc_mesh.\ROW[1].COL[0].router.$procmux$1793.
    dead port 4/6 on $pmux $flatten\u_anoc.\u_anoc_mesh.\ROW[1].COL[0].router.$procmux$1793.
    dead port 5/6 on $pmux $flatten\u_anoc.\u_anoc_mesh.\ROW[1].COL[0].router.$procmux$1793.
    dead port 6/6 on $pmux $flatten\u_anoc.\u_anoc_mesh.\ROW[1].COL[0].router.$procmux$1793.
    dead port 1/6 on $pmux $flatten\u_anoc.\u_anoc_mesh.\ROW[1].COL[0].router.$procmux$1800.
    dead port 2/6 on $pmux $flatten\u_anoc.\u_anoc_mesh.\ROW[1].COL[0].router.$procmux$1800.
    dead port 3/6 on $pmux $flatten\u_anoc.\u_anoc_mesh.\ROW[1].COL[0].router.$procmux$1800.
    dead port 4/6 on $pmux $flatten\u_anoc.\u_anoc_mesh.\ROW[1].COL[0].router.$procmux$1800.
    dead port 5/6 on $pmux $flatten\u_anoc.\u_anoc_mesh.\ROW[1].COL[0].router.$procmux$1800.
    dead port 6/6 on $pmux $flatten\u_anoc.\u_anoc_mesh.\ROW[1].COL[0].router.$procmux$1800.
    dead port 1/2 on $mux $flatten\u_anoc.\u_anoc_mesh.\ROW[3].COL[3].router.$procmux$1695.
    dead port 2/2 on $mux $flatten\u_anoc.\u_anoc_mesh.\ROW[3].COL[3].router.$procmux$1695.
    dead port 1/2 on $mux $flatten\u_anoc.\u_anoc_mesh.\ROW[0].COL[3].router.$procmux$1695.
    dead port 2/2 on $mux $flatten\u_anoc.\u_anoc_mesh.\ROW[0].COL[3].router.$procmux$1695.
    dead port 1/6 on $pmux $flatten\u_anoc.\u_anoc_mesh.\ROW[0].COL[3].router.$procmux$1702.
    dead port 2/6 on $pmux $flatten\u_anoc.\u_anoc_mesh.\ROW[0].COL[3].router.$procmux$1702.
    dead port 3/6 on $pmux $flatten\u_anoc.\u_anoc_mesh.\ROW[0].COL[3].router.$procmux$1702.
    dead port 4/6 on $pmux $flatten\u_anoc.\u_anoc_mesh.\ROW[0].COL[3].router.$procmux$1702.
    dead port 5/6 on $pmux $flatten\u_anoc.\u_anoc_mesh.\ROW[0].COL[3].router.$procmux$1702.
    dead port 6/6 on $pmux $flatten\u_anoc.\u_anoc_mesh.\ROW[0].COL[3].router.$procmux$1702.
    dead port 1/6 on $pmux $flatten\u_anoc.\u_anoc_mesh.\ROW[0].COL[3].router.$procmux$1709.
    dead port 2/6 on $pmux $flatten\u_anoc.\u_anoc_mesh.\ROW[0].COL[3].router.$procmux$1709.
    dead port 3/6 on $pmux $flatten\u_anoc.\u_anoc_mesh.\ROW[0].COL[3].router.$procmux$1709.
    dead port 4/6 on $pmux $flatten\u_anoc.\u_anoc_mesh.\ROW[0].COL[3].router.$procmux$1709.
    dead port 5/6 on $pmux $flatten\u_anoc.\u_anoc_mesh.\ROW[0].COL[3].router.$procmux$1709.
    dead port 6/6 on $pmux $flatten\u_anoc.\u_anoc_mesh.\ROW[0].COL[3].router.$procmux$1709.
    dead port 1/6 on $pmux $flatten\u_anoc.\u_anoc_mesh.\ROW[0].COL[3].router.$procmux$1716.
    dead port 2/6 on $pmux $flatten\u_anoc.\u_anoc_mesh.\ROW[0].COL[3].router.$procmux$1716.
    dead port 3/6 on $pmux $flatten\u_anoc.\u_anoc_mesh.\ROW[0].COL[3].router.$procmux$1716.
    dead port 4/6 on $pmux $flatten\u_anoc.\u_anoc_mesh.\ROW[0].COL[3].router.$procmux$1716.
    dead port 5/6 on $pmux $flatten\u_anoc.\u_anoc_mesh.\ROW[0].COL[3].router.$procmux$1716.
    dead port 6/6 on $pmux $flatten\u_anoc.\u_anoc_mesh.\ROW[0].COL[3].router.$procmux$1716.
    dead port 1/2 on $mux $flatten\u_anoc.\u_anoc_mesh.\ROW[0].COL[3].router.$procmux$1723.
    dead port 2/2 on $mux $flatten\u_anoc.\u_anoc_mesh.\ROW[0].COL[3].router.$procmux$1723.
    dead port 1/6 on $pmux $flatten\u_anoc.\u_anoc_mesh.\ROW[0].COL[3].router.$procmux$1730.
    dead port 2/6 on $pmux $flatten\u_anoc.\u_anoc_mesh.\ROW[0].COL[3].router.$procmux$1730.
    dead port 3/6 on $pmux $flatten\u_anoc.\u_anoc_mesh.\ROW[0].COL[3].router.$procmux$1730.
    dead port 4/6 on $pmux $flatten\u_anoc.\u_anoc_mesh.\ROW[0].COL[3].router.$procmux$1730.
    dead port 5/6 on $pmux $flatten\u_anoc.\u_anoc_mesh.\ROW[0].COL[3].router.$procmux$1730.
    dead port 6/6 on $pmux $flatten\u_anoc.\u_anoc_mesh.\ROW[0].COL[3].router.$procmux$1730.
    dead port 1/6 on $pmux $flatten\u_anoc.\u_anoc_mesh.\ROW[0].COL[3].router.$procmux$1737.
    dead port 2/6 on $pmux $flatten\u_anoc.\u_anoc_mesh.\ROW[0].COL[3].router.$procmux$1737.
    dead port 3/6 on $pmux $flatten\u_anoc.\u_anoc_mesh.\ROW[0].COL[3].router.$procmux$1737.
    dead port 4/6 on $pmux $flatten\u_anoc.\u_anoc_mesh.\ROW[0].COL[3].router.$procmux$1737.
    dead port 5/6 on $pmux $flatten\u_anoc.\u_anoc_mesh.\ROW[0].COL[3].router.$procmux$1737.
    dead port 6/6 on $pmux $flatten\u_anoc.\u_anoc_mesh.\ROW[0].COL[3].router.$procmux$1737.
    dead port 1/6 on $pmux $flatten\u_anoc.\u_anoc_mesh.\ROW[0].COL[3].router.$procmux$1744.
    dead port 2/6 on $pmux $flatten\u_anoc.\u_anoc_mesh.\ROW[0].COL[3].router.$procmux$1744.
    dead port 3/6 on $pmux $flatten\u_anoc.\u_anoc_mesh.\ROW[0].COL[3].router.$procmux$1744.
    dead port 4/6 on $pmux $flatten\u_anoc.\u_anoc_mesh.\ROW[0].COL[3].router.$procmux$1744.
    dead port 5/6 on $pmux $flatten\u_anoc.\u_anoc_mesh.\ROW[0].COL[3].router.$procmux$1744.
    dead port 6/6 on $pmux $flatten\u_anoc.\u_anoc_mesh.\ROW[0].COL[3].router.$procmux$1744.
    dead port 1/2 on $mux $flatten\u_anoc.\u_anoc_mesh.\ROW[0].COL[3].router.$procmux$1779.
    dead port 2/2 on $mux $flatten\u_anoc.\u_anoc_mesh.\ROW[0].COL[3].router.$procmux$1779.
    dead port 1/6 on $pmux $flatten\u_anoc.\u_anoc_mesh.\ROW[0].COL[3].router.$procmux$1786.
    dead port 2/6 on $pmux $flatten\u_anoc.\u_anoc_mesh.\ROW[0].COL[3].router.$procmux$1786.
    dead port 3/6 on $pmux $flatten\u_anoc.\u_anoc_mesh.\ROW[0].COL[3].router.$procmux$1786.
    dead port 4/6 on $pmux $flatten\u_anoc.\u_anoc_mesh.\ROW[0].COL[3].router.$procmux$1786.
    dead port 5/6 on $pmux $flatten\u_anoc.\u_anoc_mesh.\ROW[0].COL[3].router.$procmux$1786.
    dead port 6/6 on $pmux $flatten\u_anoc.\u_anoc_mesh.\ROW[0].COL[3].router.$procmux$1786.
    dead port 1/6 on $pmux $flatten\u_anoc.\u_anoc_mesh.\ROW[0].COL[3].router.$procmux$1793.
    dead port 2/6 on $pmux $flatten\u_anoc.\u_anoc_mesh.\ROW[0].COL[3].router.$procmux$1793.
    dead port 3/6 on $pmux $flatten\u_anoc.\u_anoc_mesh.\ROW[0].COL[3].router.$procmux$1793.
    dead port 4/6 on $pmux $flatten\u_anoc.\u_anoc_mesh.\ROW[0].COL[3].router.$procmux$1793.
    dead port 5/6 on $pmux $flatten\u_anoc.\u_anoc_mesh.\ROW[0].COL[3].router.$procmux$1793.
    dead port 6/6 on $pmux $flatten\u_anoc.\u_anoc_mesh.\ROW[0].COL[3].router.$procmux$1793.
    dead port 1/6 on $pmux $flatten\u_anoc.\u_anoc_mesh.\ROW[0].COL[3].router.$procmux$1800.
    dead port 2/6 on $pmux $flatten\u_anoc.\u_anoc_mesh.\ROW[0].COL[3].router.$procmux$1800.
    dead port 3/6 on $pmux $flatten\u_anoc.\u_anoc_mesh.\ROW[0].COL[3].router.$procmux$1800.
    dead port 4/6 on $pmux $flatten\u_anoc.\u_anoc_mesh.\ROW[0].COL[3].router.$procmux$1800.
    dead port 5/6 on $pmux $flatten\u_anoc.\u_anoc_mesh.\ROW[0].COL[3].router.$procmux$1800.
    dead port 6/6 on $pmux $flatten\u_anoc.\u_anoc_mesh.\ROW[0].COL[3].router.$procmux$1800.
    dead port 1/6 on $pmux $flatten\u_anoc.\u_anoc_mesh.\ROW[3].COL[3].router.$procmux$1702.
    dead port 2/6 on $pmux $flatten\u_anoc.\u_anoc_mesh.\ROW[3].COL[3].router.$procmux$1702.
    dead port 3/6 on $pmux $flatten\u_anoc.\u_anoc_mesh.\ROW[3].COL[3].router.$procmux$1702.
    dead port 4/6 on $pmux $flatten\u_anoc.\u_anoc_mesh.\ROW[3].COL[3].router.$procmux$1702.
    dead port 5/6 on $pmux $flatten\u_anoc.\u_anoc_mesh.\ROW[3].COL[3].router.$procmux$1702.
    dead port 6/6 on $pmux $flatten\u_anoc.\u_anoc_mesh.\ROW[3].COL[3].router.$procmux$1702.
    dead port 1/2 on $mux $flatten\u_anoc.\u_anoc_mesh.\ROW[0].COL[2].router.$procmux$1723.
    dead port 2/2 on $mux $flatten\u_anoc.\u_anoc_mesh.\ROW[0].COL[2].router.$procmux$1723.
    dead port 1/6 on $pmux $flatten\u_anoc.\u_anoc_mesh.\ROW[0].COL[2].router.$procmux$1730.
    dead port 2/6 on $pmux $flatten\u_anoc.\u_anoc_mesh.\ROW[0].COL[2].router.$procmux$1730.
    dead port 3/6 on $pmux $flatten\u_anoc.\u_anoc_mesh.\ROW[0].COL[2].router.$procmux$1730.
    dead port 4/6 on $pmux $flatten\u_anoc.\u_anoc_mesh.\ROW[0].COL[2].router.$procmux$1730.
    dead port 5/6 on $pmux $flatten\u_anoc.\u_anoc_mesh.\ROW[0].COL[2].router.$procmux$1730.
    dead port 6/6 on $pmux $flatten\u_anoc.\u_anoc_mesh.\ROW[0].COL[2].router.$procmux$1730.
    dead port 1/6 on $pmux $flatten\u_anoc.\u_anoc_mesh.\ROW[0].COL[2].router.$procmux$1737.
    dead port 2/6 on $pmux $flatten\u_anoc.\u_anoc_mesh.\ROW[0].COL[2].router.$procmux$1737.
    dead port 3/6 on $pmux $flatten\u_anoc.\u_anoc_mesh.\ROW[0].COL[2].router.$procmux$1737.
    dead port 4/6 on $pmux $flatten\u_anoc.\u_anoc_mesh.\ROW[0].COL[2].router.$procmux$1737.
    dead port 5/6 on $pmux $flatten\u_anoc.\u_anoc_mesh.\ROW[0].COL[2].router.$procmux$1737.
    dead port 6/6 on $pmux $flatten\u_anoc.\u_anoc_mesh.\ROW[0].COL[2].router.$procmux$1737.
    dead port 1/6 on $pmux $flatten\u_anoc.\u_anoc_mesh.\ROW[0].COL[2].router.$procmux$1744.
    dead port 2/6 on $pmux $flatten\u_anoc.\u_anoc_mesh.\ROW[0].COL[2].router.$procmux$1744.
    dead port 3/6 on $pmux $flatten\u_anoc.\u_anoc_mesh.\ROW[0].COL[2].router.$procmux$1744.
    dead port 4/6 on $pmux $flatten\u_anoc.\u_anoc_mesh.\ROW[0].COL[2].router.$procmux$1744.
    dead port 5/6 on $pmux $flatten\u_anoc.\u_anoc_mesh.\ROW[0].COL[2].router.$procmux$1744.
    dead port 6/6 on $pmux $flatten\u_anoc.\u_anoc_mesh.\ROW[0].COL[2].router.$procmux$1744.
    dead port 1/2 on $mux $flatten\u_anoc.\u_anoc_mesh.\ROW[0].COL[2].router.$procmux$1779.
    dead port 2/2 on $mux $flatten\u_anoc.\u_anoc_mesh.\ROW[0].COL[2].router.$procmux$1779.
    dead port 1/6 on $pmux $flatten\u_anoc.\u_anoc_mesh.\ROW[0].COL[2].router.$procmux$1786.
    dead port 2/6 on $pmux $flatten\u_anoc.\u_anoc_mesh.\ROW[0].COL[2].router.$procmux$1786.
    dead port 3/6 on $pmux $flatten\u_anoc.\u_anoc_mesh.\ROW[0].COL[2].router.$procmux$1786.
    dead port 4/6 on $pmux $flatten\u_anoc.\u_anoc_mesh.\ROW[0].COL[2].router.$procmux$1786.
    dead port 5/6 on $pmux $flatten\u_anoc.\u_anoc_mesh.\ROW[0].COL[2].router.$procmux$1786.
    dead port 6/6 on $pmux $flatten\u_anoc.\u_anoc_mesh.\ROW[0].COL[2].router.$procmux$1786.
    dead port 1/6 on $pmux $flatten\u_anoc.\u_anoc_mesh.\ROW[0].COL[2].router.$procmux$1793.
    dead port 2/6 on $pmux $flatten\u_anoc.\u_anoc_mesh.\ROW[0].COL[2].router.$procmux$1793.
    dead port 3/6 on $pmux $flatten\u_anoc.\u_anoc_mesh.\ROW[0].COL[2].router.$procmux$1793.
    dead port 4/6 on $pmux $flatten\u_anoc.\u_anoc_mesh.\ROW[0].COL[2].router.$procmux$1793.
    dead port 5/6 on $pmux $flatten\u_anoc.\u_anoc_mesh.\ROW[0].COL[2].router.$procmux$1793.
    dead port 6/6 on $pmux $flatten\u_anoc.\u_anoc_mesh.\ROW[0].COL[2].router.$procmux$1793.
    dead port 1/6 on $pmux $flatten\u_anoc.\u_anoc_mesh.\ROW[0].COL[2].router.$procmux$1800.
    dead port 2/6 on $pmux $flatten\u_anoc.\u_anoc_mesh.\ROW[0].COL[2].router.$procmux$1800.
    dead port 3/6 on $pmux $flatten\u_anoc.\u_anoc_mesh.\ROW[0].COL[2].router.$procmux$1800.
    dead port 4/6 on $pmux $flatten\u_anoc.\u_anoc_mesh.\ROW[0].COL[2].router.$procmux$1800.
    dead port 5/6 on $pmux $flatten\u_anoc.\u_anoc_mesh.\ROW[0].COL[2].router.$procmux$1800.
    dead port 6/6 on $pmux $flatten\u_anoc.\u_anoc_mesh.\ROW[0].COL[2].router.$procmux$1800.
    dead port 1/6 on $pmux $flatten\u_anoc.\u_anoc_mesh.\ROW[3].COL[3].router.$procmux$1709.
    dead port 2/6 on $pmux $flatten\u_anoc.\u_anoc_mesh.\ROW[3].COL[3].router.$procmux$1709.
    dead port 3/6 on $pmux $flatten\u_anoc.\u_anoc_mesh.\ROW[3].COL[3].router.$procmux$1709.
    dead port 4/6 on $pmux $flatten\u_anoc.\u_anoc_mesh.\ROW[3].COL[3].router.$procmux$1709.
    dead port 5/6 on $pmux $flatten\u_anoc.\u_anoc_mesh.\ROW[3].COL[3].router.$procmux$1709.
    dead port 6/6 on $pmux $flatten\u_anoc.\u_anoc_mesh.\ROW[3].COL[3].router.$procmux$1709.
    dead port 1/2 on $mux $flatten\u_anoc.\u_anoc_mesh.\ROW[0].COL[1].router.$procmux$1723.
    dead port 2/2 on $mux $flatten\u_anoc.\u_anoc_mesh.\ROW[0].COL[1].router.$procmux$1723.
    dead port 1/6 on $pmux $flatten\u_anoc.\u_anoc_mesh.\ROW[0].COL[1].router.$procmux$1730.
    dead port 2/6 on $pmux $flatten\u_anoc.\u_anoc_mesh.\ROW[0].COL[1].router.$procmux$1730.
    dead port 3/6 on $pmux $flatten\u_anoc.\u_anoc_mesh.\ROW[0].COL[1].router.$procmux$1730.
    dead port 4/6 on $pmux $flatten\u_anoc.\u_anoc_mesh.\ROW[0].COL[1].router.$procmux$1730.
    dead port 5/6 on $pmux $flatten\u_anoc.\u_anoc_mesh.\ROW[0].COL[1].router.$procmux$1730.
    dead port 6/6 on $pmux $flatten\u_anoc.\u_anoc_mesh.\ROW[0].COL[1].router.$procmux$1730.
    dead port 1/6 on $pmux $flatten\u_anoc.\u_anoc_mesh.\ROW[0].COL[1].router.$procmux$1737.
    dead port 2/6 on $pmux $flatten\u_anoc.\u_anoc_mesh.\ROW[0].COL[1].router.$procmux$1737.
    dead port 3/6 on $pmux $flatten\u_anoc.\u_anoc_mesh.\ROW[0].COL[1].router.$procmux$1737.
    dead port 4/6 on $pmux $flatten\u_anoc.\u_anoc_mesh.\ROW[0].COL[1].router.$procmux$1737.
    dead port 5/6 on $pmux $flatten\u_anoc.\u_anoc_mesh.\ROW[0].COL[1].router.$procmux$1737.
    dead port 6/6 on $pmux $flatten\u_anoc.\u_anoc_mesh.\ROW[0].COL[1].router.$procmux$1737.
    dead port 1/6 on $pmux $flatten\u_anoc.\u_anoc_mesh.\ROW[0].COL[1].router.$procmux$1744.
    dead port 2/6 on $pmux $flatten\u_anoc.\u_anoc_mesh.\ROW[0].COL[1].router.$procmux$1744.
    dead port 3/6 on $pmux $flatten\u_anoc.\u_anoc_mesh.\ROW[0].COL[1].router.$procmux$1744.
    dead port 4/6 on $pmux $flatten\u_anoc.\u_anoc_mesh.\ROW[0].COL[1].router.$procmux$1744.
    dead port 5/6 on $pmux $flatten\u_anoc.\u_anoc_mesh.\ROW[0].COL[1].router.$procmux$1744.
    dead port 6/6 on $pmux $flatten\u_anoc.\u_anoc_mesh.\ROW[0].COL[1].router.$procmux$1744.
    dead port 1/2 on $mux $flatten\u_anoc.\u_anoc_mesh.\ROW[0].COL[1].router.$procmux$1779.
    dead port 2/2 on $mux $flatten\u_anoc.\u_anoc_mesh.\ROW[0].COL[1].router.$procmux$1779.
    dead port 1/6 on $pmux $flatten\u_anoc.\u_anoc_mesh.\ROW[0].COL[1].router.$procmux$1786.
    dead port 2/6 on $pmux $flatten\u_anoc.\u_anoc_mesh.\ROW[0].COL[1].router.$procmux$1786.
    dead port 3/6 on $pmux $flatten\u_anoc.\u_anoc_mesh.\ROW[0].COL[1].router.$procmux$1786.
    dead port 4/6 on $pmux $flatten\u_anoc.\u_anoc_mesh.\ROW[0].COL[1].router.$procmux$1786.
    dead port 5/6 on $pmux $flatten\u_anoc.\u_anoc_mesh.\ROW[0].COL[1].router.$procmux$1786.
    dead port 6/6 on $pmux $flatten\u_anoc.\u_anoc_mesh.\ROW[0].COL[1].router.$procmux$1786.
    dead port 1/6 on $pmux $flatten\u_anoc.\u_anoc_mesh.\ROW[0].COL[1].router.$procmux$1793.
    dead port 2/6 on $pmux $flatten\u_anoc.\u_anoc_mesh.\ROW[0].COL[1].router.$procmux$1793.
    dead port 3/6 on $pmux $flatten\u_anoc.\u_anoc_mesh.\ROW[0].COL[1].router.$procmux$1793.
    dead port 4/6 on $pmux $flatten\u_anoc.\u_anoc_mesh.\ROW[0].COL[1].router.$procmux$1793.
    dead port 5/6 on $pmux $flatten\u_anoc.\u_anoc_mesh.\ROW[0].COL[1].router.$procmux$1793.
    dead port 6/6 on $pmux $flatten\u_anoc.\u_anoc_mesh.\ROW[0].COL[1].router.$procmux$1793.
    dead port 1/6 on $pmux $flatten\u_anoc.\u_anoc_mesh.\ROW[0].COL[1].router.$procmux$1800.
    dead port 2/6 on $pmux $flatten\u_anoc.\u_anoc_mesh.\ROW[0].COL[1].router.$procmux$1800.
    dead port 3/6 on $pmux $flatten\u_anoc.\u_anoc_mesh.\ROW[0].COL[1].router.$procmux$1800.
    dead port 4/6 on $pmux $flatten\u_anoc.\u_anoc_mesh.\ROW[0].COL[1].router.$procmux$1800.
    dead port 5/6 on $pmux $flatten\u_anoc.\u_anoc_mesh.\ROW[0].COL[1].router.$procmux$1800.
    dead port 6/6 on $pmux $flatten\u_anoc.\u_anoc_mesh.\ROW[0].COL[1].router.$procmux$1800.
    dead port 1/6 on $pmux $flatten\u_anoc.\u_anoc_mesh.\ROW[3].COL[3].router.$procmux$1716.
    dead port 2/6 on $pmux $flatten\u_anoc.\u_anoc_mesh.\ROW[3].COL[3].router.$procmux$1716.
    dead port 3/6 on $pmux $flatten\u_anoc.\u_anoc_mesh.\ROW[3].COL[3].router.$procmux$1716.
    dead port 4/6 on $pmux $flatten\u_anoc.\u_anoc_mesh.\ROW[3].COL[3].router.$procmux$1716.
    dead port 5/6 on $pmux $flatten\u_anoc.\u_anoc_mesh.\ROW[3].COL[3].router.$procmux$1716.
    dead port 6/6 on $pmux $flatten\u_anoc.\u_anoc_mesh.\ROW[3].COL[3].router.$procmux$1716.
    dead port 1/2 on $mux $flatten\u_anoc.\u_anoc_mesh.\ROW[0].COL[0].router.$procmux$2187.
    dead port 1/2 on $mux $flatten\u_anoc.\u_anoc_mesh.\ROW[0].COL[0].router.$procmux$2307.
    dead port 1/2 on $mux $flatten\u_anoc.\u_anoc_mesh.\ROW[0].COL[0].router.$procmux$1667.
    dead port 2/2 on $mux $flatten\u_anoc.\u_anoc_mesh.\ROW[0].COL[0].router.$procmux$1667.
    dead port 1/2 on $mux $flatten\u_anoc.\u_anoc_mesh.\ROW[0].COL[0].router.$procmux$2319.
    dead port 1/6 on $pmux $flatten\u_anoc.\u_anoc_mesh.\ROW[0].COL[0].router.$procmux$1674.
    dead port 2/6 on $pmux $flatten\u_anoc.\u_anoc_mesh.\ROW[0].COL[0].router.$procmux$1674.
    dead port 3/6 on $pmux $flatten\u_anoc.\u_anoc_mesh.\ROW[0].COL[0].router.$procmux$1674.
    dead port 4/6 on $pmux $flatten\u_anoc.\u_anoc_mesh.\ROW[0].COL[0].router.$procmux$1674.
    dead port 5/6 on $pmux $flatten\u_anoc.\u_anoc_mesh.\ROW[0].COL[0].router.$procmux$1674.
    dead port 6/6 on $pmux $flatten\u_anoc.\u_anoc_mesh.\ROW[0].COL[0].router.$procmux$1674.
    dead port 1/6 on $pmux $flatten\u_anoc.\u_anoc_mesh.\ROW[0].COL[0].router.$procmux$1681.
    dead port 2/6 on $pmux $flatten\u_anoc.\u_anoc_mesh.\ROW[0].COL[0].router.$procmux$1681.
    dead port 3/6 on $pmux $flatten\u_anoc.\u_anoc_mesh.\ROW[0].COL[0].router.$procmux$1681.
    dead port 4/6 on $pmux $flatten\u_anoc.\u_anoc_mesh.\ROW[0].COL[0].router.$procmux$1681.
    dead port 5/6 on $pmux $flatten\u_anoc.\u_anoc_mesh.\ROW[0].COL[0].router.$procmux$1681.
    dead port 6/6 on $pmux $flatten\u_anoc.\u_anoc_mesh.\ROW[0].COL[0].router.$procmux$1681.
    dead port 1/6 on $pmux $flatten\u_anoc.\u_anoc_mesh.\ROW[0].COL[0].router.$procmux$1688.
    dead port 2/6 on $pmux $flatten\u_anoc.\u_anoc_mesh.\ROW[0].COL[0].router.$procmux$1688.
    dead port 3/6 on $pmux $flatten\u_anoc.\u_anoc_mesh.\ROW[0].COL[0].router.$procmux$1688.
    dead port 4/6 on $pmux $flatten\u_anoc.\u_anoc_mesh.\ROW[0].COL[0].router.$procmux$1688.
    dead port 5/6 on $pmux $flatten\u_anoc.\u_anoc_mesh.\ROW[0].COL[0].router.$procmux$1688.
    dead port 6/6 on $pmux $flatten\u_anoc.\u_anoc_mesh.\ROW[0].COL[0].router.$procmux$1688.
    dead port 1/2 on $mux $flatten\u_anoc.\u_anoc_mesh.\ROW[0].COL[0].router.$procmux$1723.
    dead port 2/2 on $mux $flatten\u_anoc.\u_anoc_mesh.\ROW[0].COL[0].router.$procmux$1723.
    dead port 1/6 on $pmux $flatten\u_anoc.\u_anoc_mesh.\ROW[0].COL[0].router.$procmux$1730.
    dead port 2/6 on $pmux $flatten\u_anoc.\u_anoc_mesh.\ROW[0].COL[0].router.$procmux$1730.
    dead port 3/6 on $pmux $flatten\u_anoc.\u_anoc_mesh.\ROW[0].COL[0].router.$procmux$1730.
    dead port 4/6 on $pmux $flatten\u_anoc.\u_anoc_mesh.\ROW[0].COL[0].router.$procmux$1730.
    dead port 5/6 on $pmux $flatten\u_anoc.\u_anoc_mesh.\ROW[0].COL[0].router.$procmux$1730.
    dead port 6/6 on $pmux $flatten\u_anoc.\u_anoc_mesh.\ROW[0].COL[0].router.$procmux$1730.
    dead port 1/6 on $pmux $flatten\u_anoc.\u_anoc_mesh.\ROW[0].COL[0].router.$procmux$1737.
    dead port 2/6 on $pmux $flatten\u_anoc.\u_anoc_mesh.\ROW[0].COL[0].router.$procmux$1737.
    dead port 3/6 on $pmux $flatten\u_anoc.\u_anoc_mesh.\ROW[0].COL[0].router.$procmux$1737.
    dead port 4/6 on $pmux $flatten\u_anoc.\u_anoc_mesh.\ROW[0].COL[0].router.$procmux$1737.
    dead port 5/6 on $pmux $flatten\u_anoc.\u_anoc_mesh.\ROW[0].COL[0].router.$procmux$1737.
    dead port 6/6 on $pmux $flatten\u_anoc.\u_anoc_mesh.\ROW[0].COL[0].router.$procmux$1737.
    dead port 1/6 on $pmux $flatten\u_anoc.\u_anoc_mesh.\ROW[0].COL[0].router.$procmux$1744.
    dead port 2/6 on $pmux $flatten\u_anoc.\u_anoc_mesh.\ROW[0].COL[0].router.$procmux$1744.
    dead port 3/6 on $pmux $flatten\u_anoc.\u_anoc_mesh.\ROW[0].COL[0].router.$procmux$1744.
    dead port 4/6 on $pmux $flatten\u_anoc.\u_anoc_mesh.\ROW[0].COL[0].router.$procmux$1744.
    dead port 5/6 on $pmux $flatten\u_anoc.\u_anoc_mesh.\ROW[0].COL[0].router.$procmux$1744.
    dead port 6/6 on $pmux $flatten\u_anoc.\u_anoc_mesh.\ROW[0].COL[0].router.$procmux$1744.
    dead port 1/2 on $mux $flatten\u_anoc.\u_anoc_mesh.\ROW[0].COL[0].router.$procmux$2199.
    dead port 1/2 on $mux $flatten\u_anoc.\u_anoc_mesh.\ROW[0].COL[0].router.$procmux$2247.
    dead port 1/6 on $pmux $flatten\u_anoc.\u_anoc_mesh.\ROW[0].COL[0].router.$procmux$1786.
    dead port 2/6 on $pmux $flatten\u_anoc.\u_anoc_mesh.\ROW[0].COL[0].router.$procmux$1786.
    dead port 3/6 on $pmux $flatten\u_anoc.\u_anoc_mesh.\ROW[0].COL[0].router.$procmux$1786.
    dead port 4/6 on $pmux $flatten\u_anoc.\u_anoc_mesh.\ROW[0].COL[0].router.$procmux$1786.
    dead port 5/6 on $pmux $flatten\u_anoc.\u_anoc_mesh.\ROW[0].COL[0].router.$procmux$1786.
    dead port 6/6 on $pmux $flatten\u_anoc.\u_anoc_mesh.\ROW[0].COL[0].router.$procmux$1786.
    dead port 1/6 on $pmux $flatten\u_anoc.\u_anoc_mesh.\ROW[0].COL[0].router.$procmux$1793.
    dead port 2/6 on $pmux $flatten\u_anoc.\u_anoc_mesh.\ROW[0].COL[0].router.$procmux$1793.
    dead port 3/6 on $pmux $flatten\u_anoc.\u_anoc_mesh.\ROW[0].COL[0].router.$procmux$1793.
    dead port 4/6 on $pmux $flatten\u_anoc.\u_anoc_mesh.\ROW[0].COL[0].router.$procmux$1793.
    dead port 5/6 on $pmux $flatten\u_anoc.\u_anoc_mesh.\ROW[0].COL[0].router.$procmux$1793.
    dead port 6/6 on $pmux $flatten\u_anoc.\u_anoc_mesh.\ROW[0].COL[0].router.$procmux$1793.
    dead port 1/2 on $mux $flatten\u_anoc.\u_anoc_mesh.\ROW[0].COL[0].router.$procmux$2259.
Removed 640 multiplexer ports.
<suppressed ~3341 debug messages>

26.4. Executing OPT_REDUCE pass (consolidate $*mux and $reduce_* inputs).
  Optimizing cells in module \rv128i_anoc_soc_top.
    New ctrl vector for $pmux cell $flatten\u_anoc.\u_anoc_mesh.\ROW[3].COL[2].router.$procmux$1688: { $flatten\u_anoc.\u_anoc_mesh.\ROW[3].COL[2].router.$procmux$1668_CMP $flatten\u_anoc.\u_anoc_mesh.\ROW[3].COL[2].router.$procmux$1669_CMP $flatten\u_anoc.\u_anoc_mesh.\ROW[3].COL[2].router.$procmux$1670_CMP $auto$opt_reduce.cc:135:opt_pmux$41687 }
    New ctrl vector for $pmux cell $flatten\u_anoc.\u_anoc_mesh.\ROW[3].COL[2].router.$procmux$1702: { $flatten\u_anoc.\u_anoc_mesh.\ROW[3].COL[2].router.$procmux$1696_CMP $flatten\u_anoc.\u_anoc_mesh.\ROW[3].COL[2].router.$procmux$1697_CMP $flatten\u_anoc.\u_anoc_mesh.\ROW[3].COL[2].router.$procmux$1698_CMP $auto$opt_reduce.cc:135:opt_pmux$41689 }
    New ctrl vector for $pmux cell $flatten\u_anoc.\u_anoc_mesh.\ROW[3].COL[2].router.$procmux$1709: { $flatten\u_anoc.\u_anoc_mesh.\ROW[3].COL[2].router.$procmux$1696_CMP $flatten\u_anoc.\u_anoc_mesh.\ROW[3].COL[2].router.$procmux$1697_CMP $flatten\u_anoc.\u_anoc_mesh.\ROW[3].COL[2].router.$procmux$1698_CMP $auto$opt_reduce.cc:135:opt_pmux$41691 }
    New ctrl vector for $pmux cell $flatten\u_anoc.\u_anoc_mesh.\ROW[3].COL[2].router.$procmux$1716: { $flatten\u_anoc.\u_anoc_mesh.\ROW[3].COL[2].router.$procmux$1696_CMP $flatten\u_anoc.\u_anoc_mesh.\ROW[3].COL[2].router.$procmux$1697_CMP $flatten\u_anoc.\u_anoc_mesh.\ROW[3].COL[2].router.$procmux$1698_CMP $auto$opt_reduce.cc:135:opt_pmux$41693 }
    New ctrl vector for $pmux cell $flatten\u_anoc.\u_anoc_mesh.\ROW[3].COL[2].router.$procmux$1730: { $flatten\u_anoc.\u_anoc_mesh.\ROW[3].COL[2].router.$procmux$1724_CMP $flatten\u_anoc.\u_anoc_mesh.\ROW[3].COL[2].router.$procmux$1725_CMP $flatten\u_anoc.\u_anoc_mesh.\ROW[3].COL[2].router.$procmux$1726_CMP $auto$opt_reduce.cc:135:opt_pmux$41695 }
    New ctrl vector for $pmux cell $flatten\u_anoc.\u_anoc_mesh.\ROW[3].COL[2].router.$procmux$1737: { $flatten\u_anoc.\u_anoc_mesh.\ROW[3].COL[2].router.$procmux$1724_CMP $flatten\u_anoc.\u_anoc_mesh.\ROW[3].COL[2].router.$procmux$1725_CMP $flatten\u_anoc.\u_anoc_mesh.\ROW[3].COL[2].router.$procmux$1726_CMP $auto$opt_reduce.cc:135:opt_pmux$41697 }
    New ctrl vector for $pmux cell $flatten\u_anoc.\u_anoc_mesh.\ROW[3].COL[2].router.$procmux$1744: { $flatten\u_anoc.\u_anoc_mesh.\ROW[3].COL[2].router.$procmux$1724_CMP $flatten\u_anoc.\u_anoc_mesh.\ROW[3].COL[2].router.$procmux$1725_CMP $flatten\u_anoc.\u_anoc_mesh.\ROW[3].COL[2].router.$procmux$1726_CMP $auto$opt_reduce.cc:135:opt_pmux$41699 }
    New ctrl vector for $pmux cell $flatten\u_anoc.\u_anoc_mesh.\ROW[3].COL[3].router.$procmux$1744: { $flatten\u_anoc.\u_anoc_mesh.\ROW[3].COL[3].router.$procmux$1724_CMP $auto$opt_reduce.cc:135:opt_pmux$41701 $flatten\u_anoc.\u_anoc_mesh.\ROW[3].COL[3].router.$procmux$1726_CMP $flatten\u_anoc.\u_anoc_mesh.\ROW[3].COL[3].router.$procmux$1728_CMP }
    New ctrl vector for $pmux cell $flatten\u_anoc.\u_anoc_mesh.\ROW[3].COL[1].router.$procmux$1674: { $flatten\u_anoc.\u_anoc_mesh.\ROW[3].COL[1].router.$procmux$1668_CMP $flatten\u_anoc.\u_anoc_mesh.\ROW[3].COL[1].router.$procmux$1669_CMP $flatten\u_anoc.\u_anoc_mesh.\ROW[3].COL[1].router.$procmux$1670_CMP $auto$opt_reduce.cc:135:opt_pmux$41703 }
    New ctrl vector for $pmux cell $flatten\u_anoc.\u_anoc_mesh.\ROW[3].COL[1].router.$procmux$1681: { $flatten\u_anoc.\u_anoc_mesh.\ROW[3].COL[1].router.$procmux$1668_CMP $flatten\u_anoc.\u_anoc_mesh.\ROW[3].COL[1].router.$procmux$1669_CMP $flatten\u_anoc.\u_anoc_mesh.\ROW[3].COL[1].router.$procmux$1670_CMP $auto$opt_reduce.cc:135:opt_pmux$41705 }
    New ctrl vector for $pmux cell $flatten\u_anoc.\u_anoc_mesh.\ROW[3].COL[1].router.$procmux$1688: { $flatten\u_anoc.\u_anoc_mesh.\ROW[3].COL[1].router.$procmux$1668_CMP $flatten\u_anoc.\u_anoc_mesh.\ROW[3].COL[1].router.$procmux$1669_CMP $flatten\u_anoc.\u_anoc_mesh.\ROW[3].COL[1].router.$procmux$1670_CMP $auto$opt_reduce.cc:135:opt_pmux$41707 }
    New ctrl vector for $pmux cell $flatten\u_anoc.\u_anoc_mesh.\ROW[3].COL[1].router.$procmux$1702: { $flatten\u_anoc.\u_anoc_mesh.\ROW[3].COL[1].router.$procmux$1696_CMP $flatten\u_anoc.\u_anoc_mesh.\ROW[3].COL[1].router.$procmux$1697_CMP $flatten\u_anoc.\u_anoc_mesh.\ROW[3].COL[1].router.$procmux$1698_CMP $auto$opt_reduce.cc:135:opt_pmux$41709 }
    New ctrl vector for $pmux cell $flatten\u_anoc.\u_anoc_mesh.\ROW[3].COL[1].router.$procmux$1709: { $flatten\u_anoc.\u_anoc_mesh.\ROW[3].COL[1].router.$procmux$1696_CMP $flatten\u_anoc.\u_anoc_mesh.\ROW[3].COL[1].router.$procmux$1697_CMP $flatten\u_anoc.\u_anoc_mesh.\ROW[3].COL[1].router.$procmux$1698_CMP $auto$opt_reduce.cc:135:opt_pmux$41711 }
    New ctrl vector for $pmux cell $flatten\u_anoc.\u_anoc_mesh.\ROW[3].COL[1].router.$procmux$1716: { $flatten\u_anoc.\u_anoc_mesh.\ROW[3].COL[1].router.$procmux$1696_CMP $flatten\u_anoc.\u_anoc_mesh.\ROW[3].COL[1].router.$procmux$1697_CMP $flatten\u_anoc.\u_anoc_mesh.\ROW[3].COL[1].router.$procmux$1698_CMP $auto$opt_reduce.cc:135:opt_pmux$41713 }
    New ctrl vector for $pmux cell $flatten\u_anoc.\u_anoc_mesh.\ROW[3].COL[1].router.$procmux$1730: { $flatten\u_anoc.\u_anoc_mesh.\ROW[3].COL[1].router.$procmux$1724_CMP $flatten\u_anoc.\u_anoc_mesh.\ROW[3].COL[1].router.$procmux$1725_CMP $flatten\u_anoc.\u_anoc_mesh.\ROW[3].COL[1].router.$procmux$1726_CMP $auto$opt_reduce.cc:135:opt_pmux$41715 }
    New ctrl vector for $pmux cell $flatten\u_anoc.\u_anoc_mesh.\ROW[3].COL[1].router.$procmux$1737: { $flatten\u_anoc.\u_anoc_mesh.\ROW[3].COL[1].router.$procmux$1724_CMP $flatten\u_anoc.\u_anoc_mesh.\ROW[3].COL[1].router.$procmux$1725_CMP $flatten\u_anoc.\u_anoc_mesh.\ROW[3].COL[1].router.$procmux$1726_CMP $auto$opt_reduce.cc:135:opt_pmux$41717 }
    New ctrl vector for $pmux cell $flatten\u_anoc.\u_anoc_mesh.\ROW[3].COL[1].router.$procmux$1744: { $flatten\u_anoc.\u_anoc_mesh.\ROW[3].COL[1].router.$procmux$1724_CMP $flatten\u_anoc.\u_anoc_mesh.\ROW[3].COL[1].router.$procmux$1725_CMP $flatten\u_anoc.\u_anoc_mesh.\ROW[3].COL[1].router.$procmux$1726_CMP $auto$opt_reduce.cc:135:opt_pmux$41719 }
    New ctrl vector for $pmux cell $flatten\u_anoc.\u_anoc_mesh.\ROW[3].COL[0].router.$procmux$1702: { $auto$opt_reduce.cc:135:opt_pmux$41721 $flatten\u_anoc.\u_anoc_mesh.\ROW[3].COL[0].router.$procmux$1697_CMP $flatten\u_anoc.\u_anoc_mesh.\ROW[3].COL[0].router.$procmux$1698_CMP }
    New ctrl vector for $pmux cell $flatten\u_anoc.\u_anoc_mesh.\ROW[3].COL[0].router.$procmux$1709: { $auto$opt_reduce.cc:135:opt_pmux$41723 $flatten\u_anoc.\u_anoc_mesh.\ROW[3].COL[0].router.$procmux$1697_CMP $flatten\u_anoc.\u_anoc_mesh.\ROW[3].COL[0].router.$procmux$1698_CMP }
    New ctrl vector for $pmux cell $flatten\u_anoc.\u_anoc_mesh.\ROW[3].COL[0].router.$procmux$1716: { $auto$opt_reduce.cc:135:opt_pmux$41725 $flatten\u_anoc.\u_anoc_mesh.\ROW[3].COL[0].router.$procmux$1697_CMP $flatten\u_anoc.\u_anoc_mesh.\ROW[3].COL[0].router.$procmux$1698_CMP }
    New ctrl vector for $pmux cell $flatten\u_anoc.\u_anoc_mesh.\ROW[3].COL[0].router.$procmux$1730: { $auto$opt_reduce.cc:135:opt_pmux$41727 $flatten\u_anoc.\u_anoc_mesh.\ROW[3].COL[0].router.$procmux$1725_CMP $flatten\u_anoc.\u_anoc_mesh.\ROW[3].COL[0].router.$procmux$1726_CMP }
    New ctrl vector for $pmux cell $flatten\u_anoc.\u_anoc_mesh.\ROW[3].COL[0].router.$procmux$1737: { $auto$opt_reduce.cc:135:opt_pmux$41729 $flatten\u_anoc.\u_anoc_mesh.\ROW[3].COL[0].router.$procmux$1725_CMP $flatten\u_anoc.\u_anoc_mesh.\ROW[3].COL[0].router.$procmux$1726_CMP }
    New ctrl vector for $pmux cell $flatten\u_anoc.\u_anoc_mesh.\ROW[3].COL[0].router.$procmux$1744: { $auto$opt_reduce.cc:135:opt_pmux$41731 $flatten\u_anoc.\u_anoc_mesh.\ROW[3].COL[0].router.$procmux$1725_CMP $flatten\u_anoc.\u_anoc_mesh.\ROW[3].COL[0].router.$procmux$1726_CMP }
    New ctrl vector for $pmux cell $flatten\u_anoc.\u_anoc_mesh.\ROW[2].COL[3].router.$procmux$1674: { $flatten\u_anoc.\u_anoc_mesh.\ROW[2].COL[3].router.$procmux$1668_CMP $auto$opt_reduce.cc:135:opt_pmux$41733 $flatten\u_anoc.\u_anoc_mesh.\ROW[2].COL[3].router.$procmux$1670_CMP $flatten\u_anoc.\u_anoc_mesh.\ROW[2].COL[3].router.$procmux$1671_CMP }
    New ctrl vector for $pmux cell $flatten\u_anoc.\u_anoc_mesh.\ROW[2].COL[3].router.$procmux$1681: { $flatten\u_anoc.\u_anoc_mesh.\ROW[2].COL[3].router.$procmux$1668_CMP $auto$opt_reduce.cc:135:opt_pmux$41735 $flatten\u_anoc.\u_anoc_mesh.\ROW[2].COL[3].router.$procmux$1670_CMP $flatten\u_anoc.\u_anoc_mesh.\ROW[2].COL[3].router.$procmux$1671_CMP }
    New ctrl vector for $pmux cell $flatten\u_anoc.\u_anoc_mesh.\ROW[2].COL[3].router.$procmux$1688: { $flatten\u_anoc.\u_anoc_mesh.\ROW[2].COL[3].router.$procmux$1668_CMP $auto$opt_reduce.cc:135:opt_pmux$41737 $flatten\u_anoc.\u_anoc_mesh.\ROW[2].COL[3].router.$procmux$1670_CMP $flatten\u_anoc.\u_anoc_mesh.\ROW[2].COL[3].router.$procmux$1671_CMP }
    New ctrl vector for $pmux cell $flatten\u_anoc.\u_anoc_mesh.\ROW[2].COL[3].router.$procmux$1730: { $flatten\u_anoc.\u_anoc_mesh.\ROW[2].COL[3].router.$procmux$1724_CMP $auto$opt_reduce.cc:135:opt_pmux$41739 $flatten\u_anoc.\u_anoc_mesh.\ROW[2].COL[3].router.$procmux$1726_CMP $flatten\u_anoc.\u_anoc_mesh.\ROW[2].COL[3].router.$procmux$1727_CMP }
    New ctrl vector for $pmux cell $flatten\u_anoc.\u_anoc_mesh.\ROW[2].COL[3].router.$procmux$1737: { $flatten\u_anoc.\u_anoc_mesh.\ROW[2].COL[3].router.$procmux$1724_CMP $auto$opt_reduce.cc:135:opt_pmux$41741 $flatten\u_anoc.\u_anoc_mesh.\ROW[2].COL[3].router.$procmux$1726_CMP $flatten\u_anoc.\u_anoc_mesh.\ROW[2].COL[3].router.$procmux$1727_CMP }
    New ctrl vector for $pmux cell $flatten\u_anoc.\u_anoc_mesh.\ROW[2].COL[3].router.$procmux$1744: { $flatten\u_anoc.\u_anoc_mesh.\ROW[2].COL[3].router.$procmux$1724_CMP $auto$opt_reduce.cc:135:opt_pmux$41743 $flatten\u_anoc.\u_anoc_mesh.\ROW[2].COL[3].router.$procmux$1726_CMP $flatten\u_anoc.\u_anoc_mesh.\ROW[2].COL[3].router.$procmux$1727_CMP }
    New ctrl vector for $pmux cell $flatten\u_anoc.\u_anoc_mesh.\ROW[2].COL[3].router.$procmux$1758: { $flatten\u_anoc.\u_anoc_mesh.\ROW[2].COL[3].router.$procmux$1752_CMP $auto$opt_reduce.cc:135:opt_pmux$41745 $flatten\u_anoc.\u_anoc_mesh.\ROW[2].COL[3].router.$procmux$1754_CMP $flatten\u_anoc.\u_anoc_mesh.\ROW[2].COL[3].router.$procmux$1755_CMP }
    New ctrl vector for $pmux cell $flatten\u_anoc.\u_anoc_mesh.\ROW[2].COL[3].router.$procmux$1765: { $flatten\u_anoc.\u_anoc_mesh.\ROW[2].COL[3].router.$procmux$1752_CMP $auto$opt_reduce.cc:135:opt_pmux$41747 $flatten\u_anoc.\u_anoc_mesh.\ROW[2].COL[3].router.$procmux$1754_CMP $flatten\u_anoc.\u_anoc_mesh.\ROW[2].COL[3].router.$procmux$1755_CMP }
    New ctrl vector for $pmux cell $flatten\u_anoc.\u_anoc_mesh.\ROW[2].COL[3].router.$procmux$1772: { $flatten\u_anoc.\u_anoc_mesh.\ROW[2].COL[3].router.$procmux$1752_CMP $auto$opt_reduce.cc:135:opt_pmux$41749 $flatten\u_anoc.\u_anoc_mesh.\ROW[2].COL[3].router.$procmux$1754_CMP $flatten\u_anoc.\u_anoc_mesh.\ROW[2].COL[3].router.$procmux$1755_CMP }
    New ctrl vector for $pmux cell $flatten\u_anoc.\u_anoc_mesh.\ROW[3].COL[3].router.$procmux$1737: { $flatten\u_anoc.\u_anoc_mesh.\ROW[3].COL[3].router.$procmux$1724_CMP $auto$opt_reduce.cc:135:opt_pmux$41751 $flatten\u_anoc.\u_anoc_mesh.\ROW[3].COL[3].router.$procmux$1726_CMP $flatten\u_anoc.\u_anoc_mesh.\ROW[3].COL[3].router.$procmux$1728_CMP }
    New ctrl vector for $pmux cell $flatten\u_anoc.\u_anoc_mesh.\ROW[2].COL[0].router.$procmux$1702: { $auto$opt_reduce.cc:135:opt_pmux$41753 $flatten\u_anoc.\u_anoc_mesh.\ROW[2].COL[0].router.$procmux$1697_CMP $flatten\u_anoc.\u_anoc_mesh.\ROW[2].COL[0].router.$procmux$1698_CMP $flatten\u_anoc.\u_anoc_mesh.\ROW[2].COL[0].router.$procmux$1699_CMP }
    New ctrl vector for $pmux cell $flatten\u_anoc.\u_anoc_mesh.\ROW[2].COL[0].router.$procmux$1709: { $auto$opt_reduce.cc:135:opt_pmux$41755 $flatten\u_anoc.\u_anoc_mesh.\ROW[2].COL[0].router.$procmux$1697_CMP $flatten\u_anoc.\u_anoc_mesh.\ROW[2].COL[0].router.$procmux$1698_CMP $flatten\u_anoc.\u_anoc_mesh.\ROW[2].COL[0].router.$procmux$1699_CMP }
    New ctrl vector for $pmux cell $flatten\u_anoc.\u_anoc_mesh.\ROW[2].COL[0].router.$procmux$1716: { $auto$opt_reduce.cc:135:opt_pmux$41757 $flatten\u_anoc.\u_anoc_mesh.\ROW[2].COL[0].router.$procmux$1697_CMP $flatten\u_anoc.\u_anoc_mesh.\ROW[2].COL[0].router.$procmux$1698_CMP $flatten\u_anoc.\u_anoc_mesh.\ROW[2].COL[0].router.$procmux$1699_CMP }
    New ctrl vector for $pmux cell $flatten\u_anoc.\u_anoc_mesh.\ROW[2].COL[0].router.$procmux$1730: { $auto$opt_reduce.cc:135:opt_pmux$41759 $flatten\u_anoc.\u_anoc_mesh.\ROW[2].COL[0].router.$procmux$1725_CMP $flatten\u_anoc.\u_anoc_mesh.\ROW[2].COL[0].router.$procmux$1726_CMP $flatten\u_anoc.\u_anoc_mesh.\ROW[2].COL[0].router.$procmux$1727_CMP }
    New ctrl vector for $pmux cell $flatten\u_anoc.\u_anoc_mesh.\ROW[2].COL[0].router.$procmux$1737: { $auto$opt_reduce.cc:135:opt_pmux$41761 $flatten\u_anoc.\u_anoc_mesh.\ROW[2].COL[0].router.$procmux$1725_CMP $flatten\u_anoc.\u_anoc_mesh.\ROW[2].COL[0].router.$procmux$1726_CMP $flatten\u_anoc.\u_anoc_mesh.\ROW[2].COL[0].router.$procmux$1727_CMP }
    New ctrl vector for $pmux cell $flatten\u_anoc.\u_anoc_mesh.\ROW[2].COL[0].router.$procmux$1744: { $auto$opt_reduce.cc:135:opt_pmux$41763 $flatten\u_anoc.\u_anoc_mesh.\ROW[2].COL[0].router.$procmux$1725_CMP $flatten\u_anoc.\u_anoc_mesh.\ROW[2].COL[0].router.$procmux$1726_CMP $flatten\u_anoc.\u_anoc_mesh.\ROW[2].COL[0].router.$procmux$1727_CMP }
    New ctrl vector for $pmux cell $flatten\u_anoc.\u_anoc_mesh.\ROW[2].COL[0].router.$procmux$1758: { $auto$opt_reduce.cc:135:opt_pmux$41765 $flatten\u_anoc.\u_anoc_mesh.\ROW[2].COL[0].router.$procmux$1753_CMP $flatten\u_anoc.\u_anoc_mesh.\ROW[2].COL[0].router.$procmux$1754_CMP $flatten\u_anoc.\u_anoc_mesh.\ROW[2].COL[0].router.$procmux$1755_CMP }
    New ctrl vector for $pmux cell $flatten\u_anoc.\u_anoc_mesh.\ROW[2].COL[0].router.$procmux$1765: { $auto$opt_reduce.cc:135:opt_pmux$41767 $flatten\u_anoc.\u_anoc_mesh.\ROW[2].COL[0].router.$procmux$1753_CMP $flatten\u_anoc.\u_anoc_mesh.\ROW[2].COL[0].router.$procmux$1754_CMP $flatten\u_anoc.\u_anoc_mesh.\ROW[2].COL[0].router.$procmux$1755_CMP }
    New ctrl vector for $pmux cell $flatten\u_anoc.\u_anoc_mesh.\ROW[2].COL[0].router.$procmux$1772: { $auto$opt_reduce.cc:135:opt_pmux$41769 $flatten\u_anoc.\u_anoc_mesh.\ROW[2].COL[0].router.$procmux$1753_CMP $flatten\u_anoc.\u_anoc_mesh.\ROW[2].COL[0].router.$procmux$1754_CMP $flatten\u_anoc.\u_anoc_mesh.\ROW[2].COL[0].router.$procmux$1755_CMP }
    New ctrl vector for $pmux cell $flatten\u_anoc.\u_anoc_mesh.\ROW[3].COL[3].router.$procmux$1800: { $flatten\u_anoc.\u_anoc_mesh.\ROW[3].COL[3].router.$procmux$1780_CMP $auto$opt_reduce.cc:135:opt_pmux$41771 $flatten\u_anoc.\u_anoc_mesh.\ROW[3].COL[3].router.$procmux$1782_CMP $flatten\u_anoc.\u_anoc_mesh.\ROW[3].COL[3].router.$procmux$1784_CMP }
    New ctrl vector for $pmux cell $flatten\u_anoc.\u_anoc_mesh.\ROW[1].COL[3].router.$procmux$1674: { $flatten\u_anoc.\u_anoc_mesh.\ROW[1].COL[3].router.$procmux$1668_CMP $auto$opt_reduce.cc:135:opt_pmux$41773 $flatten\u_anoc.\u_anoc_mesh.\ROW[1].COL[3].router.$procmux$1670_CMP $flatten\u_anoc.\u_anoc_mesh.\ROW[1].COL[3].router.$procmux$1671_CMP }
    New ctrl vector for $pmux cell $flatten\u_anoc.\u_anoc_mesh.\ROW[1].COL[3].router.$procmux$1681: { $flatten\u_anoc.\u_anoc_mesh.\ROW[1].COL[3].router.$procmux$1668_CMP $auto$opt_reduce.cc:135:opt_pmux$41775 $flatten\u_anoc.\u_anoc_mesh.\ROW[1].COL[3].router.$procmux$1670_CMP $flatten\u_anoc.\u_anoc_mesh.\ROW[1].COL[3].router.$procmux$1671_CMP }
    New ctrl vector for $pmux cell $flatten\u_anoc.\u_anoc_mesh.\ROW[1].COL[3].router.$procmux$1688: { $flatten\u_anoc.\u_anoc_mesh.\ROW[1].COL[3].router.$procmux$1668_CMP $auto$opt_reduce.cc:135:opt_pmux$41777 $flatten\u_anoc.\u_anoc_mesh.\ROW[1].COL[3].router.$procmux$1670_CMP $flatten\u_anoc.\u_anoc_mesh.\ROW[1].COL[3].router.$procmux$1671_CMP }
    New ctrl vector for $pmux cell $flatten\u_anoc.\u_anoc_mesh.\ROW[1].COL[3].router.$procmux$1730: { $flatten\u_anoc.\u_anoc_mesh.\ROW[1].COL[3].router.$procmux$1724_CMP $auto$opt_reduce.cc:135:opt_pmux$41779 $flatten\u_anoc.\u_anoc_mesh.\ROW[1].COL[3].router.$procmux$1726_CMP $flatten\u_anoc.\u_anoc_mesh.\ROW[1].COL[3].router.$procmux$1727_CMP }
    New ctrl vector for $pmux cell $flatten\u_anoc.\u_anoc_mesh.\ROW[1].COL[3].router.$procmux$1737: { $flatten\u_anoc.\u_anoc_mesh.\ROW[1].COL[3].router.$procmux$1724_CMP $auto$opt_reduce.cc:135:opt_pmux$41781 $flatten\u_anoc.\u_anoc_mesh.\ROW[1].COL[3].router.$procmux$1726_CMP $flatten\u_anoc.\u_anoc_mesh.\ROW[1].COL[3].router.$procmux$1727_CMP }
    New ctrl vector for $pmux cell $flatten\u_anoc.\u_anoc_mesh.\ROW[1].COL[3].router.$procmux$1744: { $flatten\u_anoc.\u_anoc_mesh.\ROW[1].COL[3].router.$procmux$1724_CMP $auto$opt_reduce.cc:135:opt_pmux$41783 $flatten\u_anoc.\u_anoc_mesh.\ROW[1].COL[3].router.$procmux$1726_CMP $flatten\u_anoc.\u_anoc_mesh.\ROW[1].COL[3].router.$procmux$1727_CMP }
    New ctrl vector for $pmux cell $flatten\u_anoc.\u_anoc_mesh.\ROW[1].COL[3].router.$procmux$1758: { $flatten\u_anoc.\u_anoc_mesh.\ROW[1].COL[3].router.$procmux$1752_CMP $auto$opt_reduce.cc:135:opt_pmux$41785 $flatten\u_anoc.\u_anoc_mesh.\ROW[1].COL[3].router.$procmux$1754_CMP $flatten\u_anoc.\u_anoc_mesh.\ROW[1].COL[3].router.$procmux$1755_CMP }
    New ctrl vector for $pmux cell $flatten\u_anoc.\u_anoc_mesh.\ROW[1].COL[3].router.$procmux$1765: { $flatten\u_anoc.\u_anoc_mesh.\ROW[1].COL[3].router.$procmux$1752_CMP $auto$opt_reduce.cc:135:opt_pmux$41787 $flatten\u_anoc.\u_anoc_mesh.\ROW[1].COL[3].router.$procmux$1754_CMP $flatten\u_anoc.\u_anoc_mesh.\ROW[1].COL[3].router.$procmux$1755_CMP }
    New ctrl vector for $pmux cell $flatten\u_anoc.\u_anoc_mesh.\ROW[1].COL[3].router.$procmux$1772: { $flatten\u_anoc.\u_anoc_mesh.\ROW[1].COL[3].router.$procmux$1752_CMP $auto$opt_reduce.cc:135:opt_pmux$41789 $flatten\u_anoc.\u_anoc_mesh.\ROW[1].COL[3].router.$procmux$1754_CMP $flatten\u_anoc.\u_anoc_mesh.\ROW[1].COL[3].router.$procmux$1755_CMP }
    New ctrl vector for $pmux cell $flatten\u_anoc.\u_anoc_mesh.\ROW[3].COL[3].router.$procmux$1674: { $flatten\u_anoc.\u_anoc_mesh.\ROW[3].COL[3].router.$procmux$1668_CMP $auto$opt_reduce.cc:135:opt_pmux$41791 $flatten\u_anoc.\u_anoc_mesh.\ROW[3].COL[3].router.$procmux$1670_CMP $flatten\u_anoc.\u_anoc_mesh.\ROW[3].COL[3].router.$procmux$1672_CMP }
    New ctrl vector for $pmux cell $flatten\u_anoc.\u_anoc_mesh.\ROW[3].COL[3].router.$procmux$1681: { $flatten\u_anoc.\u_anoc_mesh.\ROW[3].COL[3].router.$procmux$1668_CMP $auto$opt_reduce.cc:135:opt_pmux$41793 $flatten\u_anoc.\u_anoc_mesh.\ROW[3].COL[3].router.$procmux$1670_CMP $flatten\u_anoc.\u_anoc_mesh.\ROW[3].COL[3].router.$procmux$1672_CMP }
    New ctrl vector for $pmux cell $flatten\u_anoc.\u_anoc_mesh.\ROW[1].COL[0].router.$procmux$1702: { $auto$opt_reduce.cc:135:opt_pmux$41795 $flatten\u_anoc.\u_anoc_mesh.\ROW[1].COL[0].router.$procmux$1697_CMP $flatten\u_anoc.\u_anoc_mesh.\ROW[1].COL[0].router.$procmux$1698_CMP $flatten\u_anoc.\u_anoc_mesh.\ROW[1].COL[0].router.$procmux$1699_CMP }
    New ctrl vector for $pmux cell $flatten\u_anoc.\u_anoc_mesh.\ROW[1].COL[0].router.$procmux$1709: { $auto$opt_reduce.cc:135:opt_pmux$41797 $flatten\u_anoc.\u_anoc_mesh.\ROW[1].COL[0].router.$procmux$1697_CMP $flatten\u_anoc.\u_anoc_mesh.\ROW[1].COL[0].router.$procmux$1698_CMP $flatten\u_anoc.\u_anoc_mesh.\ROW[1].COL[0].router.$procmux$1699_CMP }
    New ctrl vector for $pmux cell $flatten\u_anoc.\u_anoc_mesh.\ROW[1].COL[0].router.$procmux$1716: { $auto$opt_reduce.cc:135:opt_pmux$41799 $flatten\u_anoc.\u_anoc_mesh.\ROW[1].COL[0].router.$procmux$1697_CMP $flatten\u_anoc.\u_anoc_mesh.\ROW[1].COL[0].router.$procmux$1698_CMP $flatten\u_anoc.\u_anoc_mesh.\ROW[1].COL[0].router.$procmux$1699_CMP }
    New ctrl vector for $pmux cell $flatten\u_anoc.\u_anoc_mesh.\ROW[1].COL[0].router.$procmux$1730: { $auto$opt_reduce.cc:135:opt_pmux$41801 $flatten\u_anoc.\u_anoc_mesh.\ROW[1].COL[0].router.$procmux$1725_CMP $flatten\u_anoc.\u_anoc_mesh.\ROW[1].COL[0].router.$procmux$1726_CMP $flatten\u_anoc.\u_anoc_mesh.\ROW[1].COL[0].router.$procmux$1727_CMP }
    New ctrl vector for $pmux cell $flatten\u_anoc.\u_anoc_mesh.\ROW[1].COL[0].router.$procmux$1737: { $auto$opt_reduce.cc:135:opt_pmux$41803 $flatten\u_anoc.\u_anoc_mesh.\ROW[1].COL[0].router.$procmux$1725_CMP $flatten\u_anoc.\u_anoc_mesh.\ROW[1].COL[0].router.$procmux$1726_CMP $flatten\u_anoc.\u_anoc_mesh.\ROW[1].COL[0].router.$procmux$1727_CMP }
    New ctrl vector for $pmux cell $flatten\u_anoc.\u_anoc_mesh.\ROW[1].COL[0].router.$procmux$1744: { $auto$opt_reduce.cc:135:opt_pmux$41805 $flatten\u_anoc.\u_anoc_mesh.\ROW[1].COL[0].router.$procmux$1725_CMP $flatten\u_anoc.\u_anoc_mesh.\ROW[1].COL[0].router.$procmux$1726_CMP $flatten\u_anoc.\u_anoc_mesh.\ROW[1].COL[0].router.$procmux$1727_CMP }
    New ctrl vector for $pmux cell $flatten\u_anoc.\u_anoc_mesh.\ROW[1].COL[0].router.$procmux$1758: { $auto$opt_reduce.cc:135:opt_pmux$41807 $flatten\u_anoc.\u_anoc_mesh.\ROW[1].COL[0].router.$procmux$1753_CMP $flatten\u_anoc.\u_anoc_mesh.\ROW[1].COL[0].router.$procmux$1754_CMP $flatten\u_anoc.\u_anoc_mesh.\ROW[1].COL[0].router.$procmux$1755_CMP }
    New ctrl vector for $pmux cell $flatten\u_anoc.\u_anoc_mesh.\ROW[1].COL[0].router.$procmux$1765: { $auto$opt_reduce.cc:135:opt_pmux$41809 $flatten\u_anoc.\u_anoc_mesh.\ROW[1].COL[0].router.$procmux$1753_CMP $flatten\u_anoc.\u_anoc_mesh.\ROW[1].COL[0].router.$procmux$1754_CMP $flatten\u_anoc.\u_anoc_mesh.\ROW[1].COL[0].router.$procmux$1755_CMP }
    New ctrl vector for $pmux cell $flatten\u_anoc.\u_anoc_mesh.\ROW[1].COL[0].router.$procmux$1772: { $auto$opt_reduce.cc:135:opt_pmux$41811 $flatten\u_anoc.\u_anoc_mesh.\ROW[1].COL[0].router.$procmux$1753_CMP $flatten\u_anoc.\u_anoc_mesh.\ROW[1].COL[0].router.$procmux$1754_CMP $flatten\u_anoc.\u_anoc_mesh.\ROW[1].COL[0].router.$procmux$1755_CMP }
    New ctrl vector for $pmux cell $flatten\u_anoc.\u_anoc_mesh.\ROW[3].COL[3].router.$procmux$1688: { $flatten\u_anoc.\u_anoc_mesh.\ROW[3].COL[3].router.$procmux$1668_CMP $auto$opt_reduce.cc:135:opt_pmux$41813 $flatten\u_anoc.\u_anoc_mesh.\ROW[3].COL[3].router.$procmux$1670_CMP $flatten\u_anoc.\u_anoc_mesh.\ROW[3].COL[3].router.$procmux$1672_CMP }
    New ctrl vector for $pmux cell $flatten\u_anoc.\u_anoc_mesh.\ROW[0].COL[3].router.$procmux$1674: { $flatten\u_anoc.\u_anoc_mesh.\ROW[0].COL[3].router.$procmux$1668_CMP $auto$opt_reduce.cc:135:opt_pmux$41815 $flatten\u_anoc.\u_anoc_mesh.\ROW[0].COL[3].router.$procmux$1671_CMP }
    New ctrl vector for $pmux cell $flatten\u_anoc.\u_anoc_mesh.\ROW[0].COL[3].router.$procmux$1681: { $flatten\u_anoc.\u_anoc_mesh.\ROW[0].COL[3].router.$procmux$1668_CMP $auto$opt_reduce.cc:135:opt_pmux$41817 $flatten\u_anoc.\u_anoc_mesh.\ROW[0].COL[3].router.$procmux$1671_CMP }
    New ctrl vector for $pmux cell $flatten\u_anoc.\u_anoc_mesh.\ROW[0].COL[3].router.$procmux$1688: { $flatten\u_anoc.\u_anoc_mesh.\ROW[0].COL[3].router.$procmux$1668_CMP $auto$opt_reduce.cc:135:opt_pmux$41819 $flatten\u_anoc.\u_anoc_mesh.\ROW[0].COL[3].router.$procmux$1671_CMP }
    New ctrl vector for $pmux cell $flatten\u_anoc.\u_anoc_mesh.\ROW[0].COL[3].router.$procmux$1758: { $flatten\u_anoc.\u_anoc_mesh.\ROW[0].COL[3].router.$procmux$1752_CMP $auto$opt_reduce.cc:135:opt_pmux$41821 $flatten\u_anoc.\u_anoc_mesh.\ROW[0].COL[3].router.$procmux$1755_CMP }
    New ctrl vector for $pmux cell $flatten\u_anoc.\u_anoc_mesh.\ROW[0].COL[3].router.$procmux$1765: { $flatten\u_anoc.\u_anoc_mesh.\ROW[0].COL[3].router.$procmux$1752_CMP $auto$opt_reduce.cc:135:opt_pmux$41823 $flatten\u_anoc.\u_anoc_mesh.\ROW[0].COL[3].router.$procmux$1755_CMP }
    New ctrl vector for $pmux cell $flatten\u_anoc.\u_anoc_mesh.\ROW[0].COL[3].router.$procmux$1772: { $flatten\u_anoc.\u_anoc_mesh.\ROW[0].COL[3].router.$procmux$1752_CMP $auto$opt_reduce.cc:135:opt_pmux$41825 $flatten\u_anoc.\u_anoc_mesh.\ROW[0].COL[3].router.$procmux$1755_CMP }
    New ctrl vector for $pmux cell $flatten\u_anoc.\u_anoc_mesh.\ROW[0].COL[2].router.$procmux$1674: { $flatten\u_anoc.\u_anoc_mesh.\ROW[0].COL[2].router.$procmux$1668_CMP $flatten\u_anoc.\u_anoc_mesh.\ROW[0].COL[2].router.$procmux$1669_CMP $auto$opt_reduce.cc:135:opt_pmux$41827 $flatten\u_anoc.\u_anoc_mesh.\ROW[0].COL[2].router.$procmux$1671_CMP }
    New ctrl vector for $pmux cell $flatten\u_anoc.\u_anoc_mesh.\ROW[0].COL[2].router.$procmux$1681: { $flatten\u_anoc.\u_anoc_mesh.\ROW[0].COL[2].router.$procmux$1668_CMP $flatten\u_anoc.\u_anoc_mesh.\ROW[0].COL[2].router.$procmux$1669_CMP $auto$opt_reduce.cc:135:opt_pmux$41829 $flatten\u_anoc.\u_anoc_mesh.\ROW[0].COL[2].router.$procmux$1671_CMP }
    New ctrl vector for $pmux cell $flatten\u_anoc.\u_anoc_mesh.\ROW[0].COL[2].router.$procmux$1688: { $flatten\u_anoc.\u_anoc_mesh.\ROW[0].COL[2].router.$procmux$1668_CMP $flatten\u_anoc.\u_anoc_mesh.\ROW[0].COL[2].router.$procmux$1669_CMP $auto$opt_reduce.cc:135:opt_pmux$41831 $flatten\u_anoc.\u_anoc_mesh.\ROW[0].COL[2].router.$procmux$1671_CMP }
    New ctrl vector for $pmux cell $flatten\u_anoc.\u_anoc_mesh.\ROW[0].COL[2].router.$procmux$1702: { $flatten\u_anoc.\u_anoc_mesh.\ROW[0].COL[2].router.$procmux$1696_CMP $flatten\u_anoc.\u_anoc_mesh.\ROW[0].COL[2].router.$procmux$1697_CMP $auto$opt_reduce.cc:135:opt_pmux$41833 $flatten\u_anoc.\u_anoc_mesh.\ROW[0].COL[2].router.$procmux$1699_CMP }
    New ctrl vector for $pmux cell $flatten\u_anoc.\u_anoc_mesh.\ROW[0].COL[2].router.$procmux$1709: { $flatten\u_anoc.\u_anoc_mesh.\ROW[0].COL[2].router.$procmux$1696_CMP $flatten\u_anoc.\u_anoc_mesh.\ROW[0].COL[2].router.$procmux$1697_CMP $auto$opt_reduce.cc:135:opt_pmux$41835 $flatten\u_anoc.\u_anoc_mesh.\ROW[0].COL[2].router.$procmux$1699_CMP }
    New ctrl vector for $pmux cell $flatten\u_anoc.\u_anoc_mesh.\ROW[0].COL[2].router.$procmux$1716: { $flatten\u_anoc.\u_anoc_mesh.\ROW[0].COL[2].router.$procmux$1696_CMP $flatten\u_anoc.\u_anoc_mesh.\ROW[0].COL[2].router.$procmux$1697_CMP $auto$opt_reduce.cc:135:opt_pmux$41837 $flatten\u_anoc.\u_anoc_mesh.\ROW[0].COL[2].router.$procmux$1699_CMP }
    New ctrl vector for $pmux cell $flatten\u_anoc.\u_anoc_mesh.\ROW[0].COL[2].router.$procmux$1758: { $flatten\u_anoc.\u_anoc_mesh.\ROW[0].COL[2].router.$procmux$1752_CMP $flatten\u_anoc.\u_anoc_mesh.\ROW[0].COL[2].router.$procmux$1753_CMP $auto$opt_reduce.cc:135:opt_pmux$41839 $flatten\u_anoc.\u_anoc_mesh.\ROW[0].COL[2].router.$procmux$1755_CMP }
    New ctrl vector for $pmux cell $flatten\u_anoc.\u_anoc_mesh.\ROW[0].COL[2].router.$procmux$1765: { $flatten\u_anoc.\u_anoc_mesh.\ROW[0].COL[2].router.$procmux$1752_CMP $flatten\u_anoc.\u_anoc_mesh.\ROW[0].COL[2].router.$procmux$1753_CMP $auto$opt_reduce.cc:135:opt_pmux$41841 $flatten\u_anoc.\u_anoc_mesh.\ROW[0].COL[2].router.$procmux$1755_CMP }
    New ctrl vector for $pmux cell $flatten\u_anoc.\u_anoc_mesh.\ROW[0].COL[2].router.$procmux$1772: { $flatten\u_anoc.\u_anoc_mesh.\ROW[0].COL[2].router.$procmux$1752_CMP $flatten\u_anoc.\u_anoc_mesh.\ROW[0].COL[2].router.$procmux$1753_CMP $auto$opt_reduce.cc:135:opt_pmux$41843 $flatten\u_anoc.\u_anoc_mesh.\ROW[0].COL[2].router.$procmux$1755_CMP }
    New ctrl vector for $pmux cell $flatten\u_anoc.\u_anoc_mesh.\ROW[0].COL[1].router.$procmux$1674: { $flatten\u_anoc.\u_anoc_mesh.\ROW[0].COL[1].router.$procmux$1668_CMP $flatten\u_anoc.\u_anoc_mesh.\ROW[0].COL[1].router.$procmux$1669_CMP $auto$opt_reduce.cc:135:opt_pmux$41845 $flatten\u_anoc.\u_anoc_mesh.\ROW[0].COL[1].router.$procmux$1671_CMP }
    New ctrl vector for $pmux cell $flatten\u_anoc.\u_anoc_mesh.\ROW[0].COL[1].router.$procmux$1681: { $flatten\u_anoc.\u_anoc_mesh.\ROW[0].COL[1].router.$procmux$1668_CMP $flatten\u_anoc.\u_anoc_mesh.\ROW[0].COL[1].router.$procmux$1669_CMP $auto$opt_reduce.cc:135:opt_pmux$41847 $flatten\u_anoc.\u_anoc_mesh.\ROW[0].COL[1].router.$procmux$1671_CMP }
    New ctrl vector for $pmux cell $flatten\u_anoc.\u_anoc_mesh.\ROW[0].COL[1].router.$procmux$1688: { $flatten\u_anoc.\u_anoc_mesh.\ROW[0].COL[1].router.$procmux$1668_CMP $flatten\u_anoc.\u_anoc_mesh.\ROW[0].COL[1].router.$procmux$1669_CMP $auto$opt_reduce.cc:135:opt_pmux$41849 $flatten\u_anoc.\u_anoc_mesh.\ROW[0].COL[1].router.$procmux$1671_CMP }
    New ctrl vector for $pmux cell $flatten\u_anoc.\u_anoc_mesh.\ROW[0].COL[1].router.$procmux$1702: { $flatten\u_anoc.\u_anoc_mesh.\ROW[0].COL[1].router.$procmux$1696_CMP $flatten\u_anoc.\u_anoc_mesh.\ROW[0].COL[1].router.$procmux$1697_CMP $auto$opt_reduce.cc:135:opt_pmux$41851 $flatten\u_anoc.\u_anoc_mesh.\ROW[0].COL[1].router.$procmux$1699_CMP }
    New ctrl vector for $pmux cell $flatten\u_anoc.\u_anoc_mesh.\ROW[0].COL[1].router.$procmux$1709: { $flatten\u_anoc.\u_anoc_mesh.\ROW[0].COL[1].router.$procmux$1696_CMP $flatten\u_anoc.\u_anoc_mesh.\ROW[0].COL[1].router.$procmux$1697_CMP $auto$opt_reduce.cc:135:opt_pmux$41853 $flatten\u_anoc.\u_anoc_mesh.\ROW[0].COL[1].router.$procmux$1699_CMP }
    New ctrl vector for $pmux cell $flatten\u_anoc.\u_anoc_mesh.\ROW[0].COL[1].router.$procmux$1716: { $flatten\u_anoc.\u_anoc_mesh.\ROW[0].COL[1].router.$procmux$1696_CMP $flatten\u_anoc.\u_anoc_mesh.\ROW[0].COL[1].router.$procmux$1697_CMP $auto$opt_reduce.cc:135:opt_pmux$41855 $flatten\u_anoc.\u_anoc_mesh.\ROW[0].COL[1].router.$procmux$1699_CMP }
    New ctrl vector for $pmux cell $flatten\u_anoc.\u_anoc_mesh.\ROW[0].COL[1].router.$procmux$1758: { $flatten\u_anoc.\u_anoc_mesh.\ROW[0].COL[1].router.$procmux$1752_CMP $flatten\u_anoc.\u_anoc_mesh.\ROW[0].COL[1].router.$procmux$1753_CMP $auto$opt_reduce.cc:135:opt_pmux$41857 $flatten\u_anoc.\u_anoc_mesh.\ROW[0].COL[1].router.$procmux$1755_CMP }
    New ctrl vector for $pmux cell $flatten\u_anoc.\u_anoc_mesh.\ROW[0].COL[1].router.$procmux$1765: { $flatten\u_anoc.\u_anoc_mesh.\ROW[0].COL[1].router.$procmux$1752_CMP $flatten\u_anoc.\u_anoc_mesh.\ROW[0].COL[1].router.$procmux$1753_CMP $auto$opt_reduce.cc:135:opt_pmux$41859 $flatten\u_anoc.\u_anoc_mesh.\ROW[0].COL[1].router.$procmux$1755_CMP }
    New ctrl vector for $pmux cell $flatten\u_anoc.\u_anoc_mesh.\ROW[0].COL[1].router.$procmux$1772: { $flatten\u_anoc.\u_anoc_mesh.\ROW[0].COL[1].router.$procmux$1752_CMP $flatten\u_anoc.\u_anoc_mesh.\ROW[0].COL[1].router.$procmux$1753_CMP $auto$opt_reduce.cc:135:opt_pmux$41861 $flatten\u_anoc.\u_anoc_mesh.\ROW[0].COL[1].router.$procmux$1755_CMP }
    New ctrl vector for $pmux cell $flatten\u_anoc.\u_anoc_mesh.\ROW[0].COL[0].router.$procmux$1702: { $auto$opt_reduce.cc:135:opt_pmux$41863 $flatten\u_anoc.\u_anoc_mesh.\ROW[0].COL[0].router.$procmux$1697_CMP $flatten\u_anoc.\u_anoc_mesh.\ROW[0].COL[0].router.$procmux$1699_CMP $flatten\u_anoc.\u_anoc_mesh.\ROW[0].COL[0].router.$procmux$1700_CMP }
    New ctrl vector for $pmux cell $flatten\u_anoc.\u_anoc_mesh.\ROW[0].COL[0].router.$procmux$1709: { $auto$opt_reduce.cc:135:opt_pmux$41865 $flatten\u_anoc.\u_anoc_mesh.\ROW[0].COL[0].router.$procmux$1697_CMP $flatten\u_anoc.\u_anoc_mesh.\ROW[0].COL[0].router.$procmux$1699_CMP $flatten\u_anoc.\u_anoc_mesh.\ROW[0].COL[0].router.$procmux$1700_CMP }
    New ctrl vector for $pmux cell $flatten\u_anoc.\u_anoc_mesh.\ROW[0].COL[0].router.$procmux$1716: { $auto$opt_reduce.cc:135:opt_pmux$41867 $flatten\u_anoc.\u_anoc_mesh.\ROW[0].COL[0].router.$procmux$1697_CMP $flatten\u_anoc.\u_anoc_mesh.\ROW[0].COL[0].router.$procmux$1699_CMP $flatten\u_anoc.\u_anoc_mesh.\ROW[0].COL[0].router.$procmux$1700_CMP }
    New ctrl vector for $pmux cell $flatten\u_anoc.\u_anoc_mesh.\ROW[3].COL[2].router.$procmux$1674: { $flatten\u_anoc.\u_anoc_mesh.\ROW[3].COL[2].router.$procmux$1668_CMP $flatten\u_anoc.\u_anoc_mesh.\ROW[3].COL[2].router.$procmux$1669_CMP $flatten\u_anoc.\u_anoc_mesh.\ROW[3].COL[2].router.$procmux$1670_CMP $auto$opt_reduce.cc:135:opt_pmux$41869 }
    New ctrl vector for $pmux cell $flatten\u_anoc.\u_anoc_mesh.\ROW[0].COL[0].router.$procmux$1758: { $auto$opt_reduce.cc:135:opt_pmux$41871 $flatten\u_anoc.\u_anoc_mesh.\ROW[0].COL[0].router.$procmux$1753_CMP $flatten\u_anoc.\u_anoc_mesh.\ROW[0].COL[0].router.$procmux$1755_CMP $flatten\u_anoc.\u_anoc_mesh.\ROW[0].COL[0].router.$procmux$1756_CMP }
    New ctrl vector for $pmux cell $flatten\u_anoc.\u_anoc_mesh.\ROW[0].COL[0].router.$procmux$1765: { $auto$opt_reduce.cc:135:opt_pmux$41873 $flatten\u_anoc.\u_anoc_mesh.\ROW[0].COL[0].router.$procmux$1753_CMP $flatten\u_anoc.\u_anoc_mesh.\ROW[0].COL[0].router.$procmux$1755_CMP $flatten\u_anoc.\u_anoc_mesh.\ROW[0].COL[0].router.$procmux$1756_CMP }
    New ctrl vector for $pmux cell $flatten\u_anoc.\u_anoc_mesh.\ROW[0].COL[0].router.$procmux$1772: { $auto$opt_reduce.cc:135:opt_pmux$41875 $flatten\u_anoc.\u_anoc_mesh.\ROW[0].COL[0].router.$procmux$1753_CMP $flatten\u_anoc.\u_anoc_mesh.\ROW[0].COL[0].router.$procmux$1755_CMP $flatten\u_anoc.\u_anoc_mesh.\ROW[0].COL[0].router.$procmux$1756_CMP }
    New ctrl vector for $pmux cell $flatten\u_anoc.\u_anoc_mesh.\ROW[3].COL[2].router.$procmux$1681: { $flatten\u_anoc.\u_anoc_mesh.\ROW[3].COL[2].router.$procmux$1668_CMP $flatten\u_anoc.\u_anoc_mesh.\ROW[3].COL[2].router.$procmux$1669_CMP $flatten\u_anoc.\u_anoc_mesh.\ROW[3].COL[2].router.$procmux$1670_CMP $auto$opt_reduce.cc:135:opt_pmux$41877 }
    New ctrl vector for $pmux cell $flatten\u_anoc.\u_anoc_mesh.\ROW[0].COL[0].router.$procmux$1800: { $auto$opt_reduce.cc:135:opt_pmux$41879 $flatten\u_anoc.\u_anoc_mesh.\ROW[0].COL[0].router.$procmux$1781_CMP $flatten\u_anoc.\u_anoc_mesh.\ROW[0].COL[0].router.$procmux$1783_CMP $flatten\u_anoc.\u_anoc_mesh.\ROW[0].COL[0].router.$procmux$1784_CMP }
    New ctrl vector for $pmux cell $flatten\u_anoc.\u_anoc_mesh.\ROW[3].COL[3].router.$procmux$1730: { $flatten\u_anoc.\u_anoc_mesh.\ROW[3].COL[3].router.$procmux$1724_CMP $auto$opt_reduce.cc:135:opt_pmux$41881 $flatten\u_anoc.\u_anoc_mesh.\ROW[3].COL[3].router.$procmux$1726_CMP $flatten\u_anoc.\u_anoc_mesh.\ROW[3].COL[3].router.$procmux$1728_CMP }
  Optimizing cells in module \rv128i_anoc_soc_top.
Performed a total of 98 changes.

26.5. Executing OPT_MERGE pass (detect identical cells).
Finding identical cells in module `\rv128i_anoc_soc_top'.
Computing hashes of 5597 cells of `\rv128i_anoc_soc_top'.
Finding duplicate cells in `\rv128i_anoc_soc_top'.
Computing hashes of 5509 cells of `\rv128i_anoc_soc_top'.
Finding duplicate cells in `\rv128i_anoc_soc_top'.
Computing hashes of 5487 cells of `\rv128i_anoc_soc_top'.
Finding duplicate cells in `\rv128i_anoc_soc_top'.
Computing hashes of 5463 cells of `\rv128i_anoc_soc_top'.
Finding duplicate cells in `\rv128i_anoc_soc_top'.
Computing hashes of 5439 cells of `\rv128i_anoc_soc_top'.
Finding duplicate cells in `\rv128i_anoc_soc_top'.
Computing hashes of 5367 cells of `\rv128i_anoc_soc_top'.
Finding duplicate cells in `\rv128i_anoc_soc_top'.
Computing hashes of 5295 cells of `\rv128i_anoc_soc_top'.
Finding duplicate cells in `\rv128i_anoc_soc_top'.
<suppressed ~906 debug messages>
Removed a total of 302 cells.

26.6. Executing OPT_DFF pass (perform DFF optimizations).
Handling never-active EN on $flatten\u_anoc.\u_anoc_mesh.\ROW[3].COL[3].router.$auto$ff.cc:337:slice$40766 ($adffe) from module rv128i_anoc_soc_top (removing D path).
Handling never-active EN on $flatten\u_anoc.\u_anoc_mesh.\ROW[3].COL[3].router.$auto$ff.cc:337:slice$40765 ($adffe) from module rv128i_anoc_soc_top (removing D path).
Setting constant 0-bit at position 0 on $flatten\u_anoc.\u_anoc_mesh.\ROW[3].COL[3].router.$auto$ff.cc:337:slice$40765 ($dlatch) from module rv128i_anoc_soc_top.
Setting constant 0-bit at position 1 on $flatten\u_anoc.\u_anoc_mesh.\ROW[3].COL[3].router.$auto$ff.cc:337:slice$40765 ($dlatch) from module rv128i_anoc_soc_top.
Setting constant 0-bit at position 2 on $flatten\u_anoc.\u_anoc_mesh.\ROW[3].COL[3].router.$auto$ff.cc:337:slice$40765 ($dlatch) from module rv128i_anoc_soc_top.
Setting constant 0-bit at position 3 on $flatten\u_anoc.\u_anoc_mesh.\ROW[3].COL[3].router.$auto$ff.cc:337:slice$40765 ($dlatch) from module rv128i_anoc_soc_top.
Setting constant 0-bit at position 0 on $flatten\u_anoc.\u_anoc_mesh.\ROW[3].COL[3].router.$auto$ff.cc:337:slice$40766 ($dlatch) from module rv128i_anoc_soc_top.
Setting constant 0-bit at position 1 on $flatten\u_anoc.\u_anoc_mesh.\ROW[3].COL[3].router.$auto$ff.cc:337:slice$40766 ($dlatch) from module rv128i_anoc_soc_top.
Setting constant 0-bit at position 2 on $flatten\u_anoc.\u_anoc_mesh.\ROW[3].COL[3].router.$auto$ff.cc:337:slice$40766 ($dlatch) from module rv128i_anoc_soc_top.
Setting constant 0-bit at position 3 on $flatten\u_anoc.\u_anoc_mesh.\ROW[3].COL[3].router.$auto$ff.cc:337:slice$40766 ($dlatch) from module rv128i_anoc_soc_top.
Setting constant 0-bit at position 4 on $flatten\u_anoc.\u_anoc_mesh.\ROW[3].COL[3].router.$auto$ff.cc:337:slice$40766 ($dlatch) from module rv128i_anoc_soc_top.
Setting constant 0-bit at position 5 on $flatten\u_anoc.\u_anoc_mesh.\ROW[3].COL[3].router.$auto$ff.cc:337:slice$40766 ($dlatch) from module rv128i_anoc_soc_top.
Setting constant 0-bit at position 6 on $flatten\u_anoc.\u_anoc_mesh.\ROW[3].COL[3].router.$auto$ff.cc:337:slice$40766 ($dlatch) from module rv128i_anoc_soc_top.
Setting constant 0-bit at position 7 on $flatten\u_anoc.\u_anoc_mesh.\ROW[3].COL[3].router.$auto$ff.cc:337:slice$40766 ($dlatch) from module rv128i_anoc_soc_top.
Setting constant 0-bit at position 8 on $flatten\u_anoc.\u_anoc_mesh.\ROW[3].COL[3].router.$auto$ff.cc:337:slice$40766 ($dlatch) from module rv128i_anoc_soc_top.
Setting constant 0-bit at position 9 on $flatten\u_anoc.\u_anoc_mesh.\ROW[3].COL[3].router.$auto$ff.cc:337:slice$40766 ($dlatch) from module rv128i_anoc_soc_top.
Setting constant 0-bit at position 10 on $flatten\u_anoc.\u_anoc_mesh.\ROW[3].COL[3].router.$auto$ff.cc:337:slice$40766 ($dlatch) from module rv128i_anoc_soc_top.
Setting constant 0-bit at position 11 on $flatten\u_anoc.\u_anoc_mesh.\ROW[3].COL[3].router.$auto$ff.cc:337:slice$40766 ($dlatch) from module rv128i_anoc_soc_top.
Setting constant 0-bit at position 12 on $flatten\u_anoc.\u_anoc_mesh.\ROW[3].COL[3].router.$auto$ff.cc:337:slice$40766 ($dlatch) from module rv128i_anoc_soc_top.
Setting constant 0-bit at position 13 on $flatten\u_anoc.\u_anoc_mesh.\ROW[3].COL[3].router.$auto$ff.cc:337:slice$40766 ($dlatch) from module rv128i_anoc_soc_top.
Setting constant 0-bit at position 14 on $flatten\u_anoc.\u_anoc_mesh.\ROW[3].COL[3].router.$auto$ff.cc:337:slice$40766 ($dlatch) from module rv128i_anoc_soc_top.
Setting constant 0-bit at position 15 on $flatten\u_anoc.\u_anoc_mesh.\ROW[3].COL[3].router.$auto$ff.cc:337:slice$40766 ($dlatch) from module rv128i_anoc_soc_top.
Setting constant 0-bit at position 16 on $flatten\u_anoc.\u_anoc_mesh.\ROW[3].COL[3].router.$auto$ff.cc:337:slice$40766 ($dlatch) from module rv128i_anoc_soc_top.
Setting constant 0-bit at position 17 on $flatten\u_anoc.\u_anoc_mesh.\ROW[3].COL[3].router.$auto$ff.cc:337:slice$40766 ($dlatch) from module rv128i_anoc_soc_top.
Setting constant 0-bit at position 18 on $flatten\u_anoc.\u_anoc_mesh.\ROW[3].COL[3].router.$auto$ff.cc:337:slice$40766 ($dlatch) from module rv128i_anoc_soc_top.
Setting constant 0-bit at position 19 on $flatten\u_anoc.\u_anoc_mesh.\ROW[3].COL[3].router.$auto$ff.cc:337:slice$40766 ($dlatch) from module rv128i_anoc_soc_top.
Setting constant 0-bit at position 20 on $flatten\u_anoc.\u_anoc_mesh.\ROW[3].COL[3].router.$auto$ff.cc:337:slice$40766 ($dlatch) from module rv128i_anoc_soc_top.
Setting constant 0-bit at position 21 on $flatten\u_anoc.\u_anoc_mesh.\ROW[3].COL[3].router.$auto$ff.cc:337:slice$40766 ($dlatch) from module rv128i_anoc_soc_top.
Setting constant 0-bit at position 22 on $flatten\u_anoc.\u_anoc_mesh.\ROW[3].COL[3].router.$auto$ff.cc:337:slice$40766 ($dlatch) from module rv128i_anoc_soc_top.
Setting constant 0-bit at position 23 on $flatten\u_anoc.\u_anoc_mesh.\ROW[3].COL[3].router.$auto$ff.cc:337:slice$40766 ($dlatch) from module rv128i_anoc_soc_top.
Setting constant 0-bit at position 24 on $flatten\u_anoc.\u_anoc_mesh.\ROW[3].COL[3].router.$auto$ff.cc:337:slice$40766 ($dlatch) from module rv128i_anoc_soc_top.
Setting constant 0-bit at position 25 on $flatten\u_anoc.\u_anoc_mesh.\ROW[3].COL[3].router.$auto$ff.cc:337:slice$40766 ($dlatch) from module rv128i_anoc_soc_top.
Setting constant 0-bit at position 26 on $flatten\u_anoc.\u_anoc_mesh.\ROW[3].COL[3].router.$auto$ff.cc:337:slice$40766 ($dlatch) from module rv128i_anoc_soc_top.
Setting constant 0-bit at position 27 on $flatten\u_anoc.\u_anoc_mesh.\ROW[3].COL[3].router.$auto$ff.cc:337:slice$40766 ($dlatch) from module rv128i_anoc_soc_top.
Setting constant 0-bit at position 28 on $flatten\u_anoc.\u_anoc_mesh.\ROW[3].COL[3].router.$auto$ff.cc:337:slice$40766 ($dlatch) from module rv128i_anoc_soc_top.
Setting constant 0-bit at position 29 on $flatten\u_anoc.\u_anoc_mesh.\ROW[3].COL[3].router.$auto$ff.cc:337:slice$40766 ($dlatch) from module rv128i_anoc_soc_top.
Setting constant 0-bit at position 30 on $flatten\u_anoc.\u_anoc_mesh.\ROW[3].COL[3].router.$auto$ff.cc:337:slice$40766 ($dlatch) from module rv128i_anoc_soc_top.
Setting constant 0-bit at position 31 on $flatten\u_anoc.\u_anoc_mesh.\ROW[3].COL[3].router.$auto$ff.cc:337:slice$40766 ($dlatch) from module rv128i_anoc_soc_top.
Setting constant 0-bit at position 32 on $flatten\u_anoc.\u_anoc_mesh.\ROW[3].COL[3].router.$auto$ff.cc:337:slice$40766 ($dlatch) from module rv128i_anoc_soc_top.
Setting constant 0-bit at position 33 on $flatten\u_anoc.\u_anoc_mesh.\ROW[3].COL[3].router.$auto$ff.cc:337:slice$40766 ($dlatch) from module rv128i_anoc_soc_top.
Setting constant 0-bit at position 34 on $flatten\u_anoc.\u_anoc_mesh.\ROW[3].COL[3].router.$auto$ff.cc:337:slice$40766 ($dlatch) from module rv128i_anoc_soc_top.
Setting constant 0-bit at position 35 on $flatten\u_anoc.\u_anoc_mesh.\ROW[3].COL[3].router.$auto$ff.cc:337:slice$40766 ($dlatch) from module rv128i_anoc_soc_top.
Setting constant 0-bit at position 36 on $flatten\u_anoc.\u_anoc_mesh.\ROW[3].COL[3].router.$auto$ff.cc:337:slice$40766 ($dlatch) from module rv128i_anoc_soc_top.
Setting constant 0-bit at position 37 on $flatten\u_anoc.\u_anoc_mesh.\ROW[3].COL[3].router.$auto$ff.cc:337:slice$40766 ($dlatch) from module rv128i_anoc_soc_top.
Setting constant 0-bit at position 38 on $flatten\u_anoc.\u_anoc_mesh.\ROW[3].COL[3].router.$auto$ff.cc:337:slice$40766 ($dlatch) from module rv128i_anoc_soc_top.
Setting constant 0-bit at position 39 on $flatten\u_anoc.\u_anoc_mesh.\ROW[3].COL[3].router.$auto$ff.cc:337:slice$40766 ($dlatch) from module rv128i_anoc_soc_top.
Setting constant 0-bit at position 40 on $flatten\u_anoc.\u_anoc_mesh.\ROW[3].COL[3].router.$auto$ff.cc:337:slice$40766 ($dlatch) from module rv128i_anoc_soc_top.
Setting constant 0-bit at position 41 on $flatten\u_anoc.\u_anoc_mesh.\ROW[3].COL[3].router.$auto$ff.cc:337:slice$40766 ($dlatch) from module rv128i_anoc_soc_top.
Setting constant 0-bit at position 42 on $flatten\u_anoc.\u_anoc_mesh.\ROW[3].COL[3].router.$auto$ff.cc:337:slice$40766 ($dlatch) from module rv128i_anoc_soc_top.
Setting constant 0-bit at position 43 on $flatten\u_anoc.\u_anoc_mesh.\ROW[3].COL[3].router.$auto$ff.cc:337:slice$40766 ($dlatch) from module rv128i_anoc_soc_top.
Setting constant 0-bit at position 44 on $flatten\u_anoc.\u_anoc_mesh.\ROW[3].COL[3].router.$auto$ff.cc:337:slice$40766 ($dlatch) from module rv128i_anoc_soc_top.
Setting constant 0-bit at position 45 on $flatten\u_anoc.\u_anoc_mesh.\ROW[3].COL[3].router.$auto$ff.cc:337:slice$40766 ($dlatch) from module rv128i_anoc_soc_top.
Setting constant 0-bit at position 46 on $flatten\u_anoc.\u_anoc_mesh.\ROW[3].COL[3].router.$auto$ff.cc:337:slice$40766 ($dlatch) from module rv128i_anoc_soc_top.
Setting constant 0-bit at position 47 on $flatten\u_anoc.\u_anoc_mesh.\ROW[3].COL[3].router.$auto$ff.cc:337:slice$40766 ($dlatch) from module rv128i_anoc_soc_top.
Setting constant 0-bit at position 48 on $flatten\u_anoc.\u_anoc_mesh.\ROW[3].COL[3].router.$auto$ff.cc:337:slice$40766 ($dlatch) from module rv128i_anoc_soc_top.
Setting constant 0-bit at position 49 on $flatten\u_anoc.\u_anoc_mesh.\ROW[3].COL[3].router.$auto$ff.cc:337:slice$40766 ($dlatch) from module rv128i_anoc_soc_top.
Setting constant 0-bit at position 50 on $flatten\u_anoc.\u_anoc_mesh.\ROW[3].COL[3].router.$auto$ff.cc:337:slice$40766 ($dlatch) from module rv128i_anoc_soc_top.
Setting constant 0-bit at position 51 on $flatten\u_anoc.\u_anoc_mesh.\ROW[3].COL[3].router.$auto$ff.cc:337:slice$40766 ($dlatch) from module rv128i_anoc_soc_top.
Setting constant 0-bit at position 52 on $flatten\u_anoc.\u_anoc_mesh.\ROW[3].COL[3].router.$auto$ff.cc:337:slice$40766 ($dlatch) from module rv128i_anoc_soc_top.
Setting constant 0-bit at position 53 on $flatten\u_anoc.\u_anoc_mesh.\ROW[3].COL[3].router.$auto$ff.cc:337:slice$40766 ($dlatch) from module rv128i_anoc_soc_top.
Setting constant 0-bit at position 54 on $flatten\u_anoc.\u_anoc_mesh.\ROW[3].COL[3].router.$auto$ff.cc:337:slice$40766 ($dlatch) from module rv128i_anoc_soc_top.
Setting constant 0-bit at position 55 on $flatten\u_anoc.\u_anoc_mesh.\ROW[3].COL[3].router.$auto$ff.cc:337:slice$40766 ($dlatch) from module rv128i_anoc_soc_top.
Setting constant 0-bit at position 56 on $flatten\u_anoc.\u_anoc_mesh.\ROW[3].COL[3].router.$auto$ff.cc:337:slice$40766 ($dlatch) from module rv128i_anoc_soc_top.
Setting constant 0-bit at position 57 on $flatten\u_anoc.\u_anoc_mesh.\ROW[3].COL[3].router.$auto$ff.cc:337:slice$40766 ($dlatch) from module rv128i_anoc_soc_top.
Setting constant 0-bit at position 58 on $flatten\u_anoc.\u_anoc_mesh.\ROW[3].COL[3].router.$auto$ff.cc:337:slice$40766 ($dlatch) from module rv128i_anoc_soc_top.
Setting constant 0-bit at position 59 on $flatten\u_anoc.\u_anoc_mesh.\ROW[3].COL[3].router.$auto$ff.cc:337:slice$40766 ($dlatch) from module rv128i_anoc_soc_top.
Setting constant 0-bit at position 60 on $flatten\u_anoc.\u_anoc_mesh.\ROW[3].COL[3].router.$auto$ff.cc:337:slice$40766 ($dlatch) from module rv128i_anoc_soc_top.
Setting constant 0-bit at position 61 on $flatten\u_anoc.\u_anoc_mesh.\ROW[3].COL[3].router.$auto$ff.cc:337:slice$40766 ($dlatch) from module rv128i_anoc_soc_top.
Setting constant 0-bit at position 62 on $flatten\u_anoc.\u_anoc_mesh.\ROW[3].COL[3].router.$auto$ff.cc:337:slice$40766 ($dlatch) from module rv128i_anoc_soc_top.
Setting constant 0-bit at position 63 on $flatten\u_anoc.\u_anoc_mesh.\ROW[3].COL[3].router.$auto$ff.cc:337:slice$40766 ($dlatch) from module rv128i_anoc_soc_top.
Setting constant 0-bit at position 64 on $flatten\u_anoc.\u_anoc_mesh.\ROW[3].COL[3].router.$auto$ff.cc:337:slice$40766 ($dlatch) from module rv128i_anoc_soc_top.
Setting constant 0-bit at position 65 on $flatten\u_anoc.\u_anoc_mesh.\ROW[3].COL[3].router.$auto$ff.cc:337:slice$40766 ($dlatch) from module rv128i_anoc_soc_top.
Setting constant 0-bit at position 66 on $flatten\u_anoc.\u_anoc_mesh.\ROW[3].COL[3].router.$auto$ff.cc:337:slice$40766 ($dlatch) from module rv128i_anoc_soc_top.
Setting constant 0-bit at position 67 on $flatten\u_anoc.\u_anoc_mesh.\ROW[3].COL[3].router.$auto$ff.cc:337:slice$40766 ($dlatch) from module rv128i_anoc_soc_top.
Setting constant 0-bit at position 68 on $flatten\u_anoc.\u_anoc_mesh.\ROW[3].COL[3].router.$auto$ff.cc:337:slice$40766 ($dlatch) from module rv128i_anoc_soc_top.
Setting constant 0-bit at position 69 on $flatten\u_anoc.\u_anoc_mesh.\ROW[3].COL[3].router.$auto$ff.cc:337:slice$40766 ($dlatch) from module rv128i_anoc_soc_top.
Setting constant 0-bit at position 70 on $flatten\u_anoc.\u_anoc_mesh.\ROW[3].COL[3].router.$auto$ff.cc:337:slice$40766 ($dlatch) from module rv128i_anoc_soc_top.
Setting constant 0-bit at position 71 on $flatten\u_anoc.\u_anoc_mesh.\ROW[3].COL[3].router.$auto$ff.cc:337:slice$40766 ($dlatch) from module rv128i_anoc_soc_top.
Setting constant 0-bit at position 72 on $flatten\u_anoc.\u_anoc_mesh.\ROW[3].COL[3].router.$auto$ff.cc:337:slice$40766 ($dlatch) from module rv128i_anoc_soc_top.
Setting constant 0-bit at position 73 on $flatten\u_anoc.\u_anoc_mesh.\ROW[3].COL[3].router.$auto$ff.cc:337:slice$40766 ($dlatch) from module rv128i_anoc_soc_top.
Setting constant 0-bit at position 74 on $flatten\u_anoc.\u_anoc_mesh.\ROW[3].COL[3].router.$auto$ff.cc:337:slice$40766 ($dlatch) from module rv128i_anoc_soc_top.
Setting constant 0-bit at position 75 on $flatten\u_anoc.\u_anoc_mesh.\ROW[3].COL[3].router.$auto$ff.cc:337:slice$40766 ($dlatch) from module rv128i_anoc_soc_top.
Setting constant 0-bit at position 76 on $flatten\u_anoc.\u_anoc_mesh.\ROW[3].COL[3].router.$auto$ff.cc:337:slice$40766 ($dlatch) from module rv128i_anoc_soc_top.
Setting constant 0-bit at position 77 on $flatten\u_anoc.\u_anoc_mesh.\ROW[3].COL[3].router.$auto$ff.cc:337:slice$40766 ($dlatch) from module rv128i_anoc_soc_top.
Setting constant 0-bit at position 78 on $flatten\u_anoc.\u_anoc_mesh.\ROW[3].COL[3].router.$auto$ff.cc:337:slice$40766 ($dlatch) from module rv128i_anoc_soc_top.
Setting constant 0-bit at position 79 on $flatten\u_anoc.\u_anoc_mesh.\ROW[3].COL[3].router.$auto$ff.cc:337:slice$40766 ($dlatch) from module rv128i_anoc_soc_top.
Setting constant 0-bit at position 80 on $flatten\u_anoc.\u_anoc_mesh.\ROW[3].COL[3].router.$auto$ff.cc:337:slice$40766 ($dlatch) from module rv128i_anoc_soc_top.
Setting constant 0-bit at position 81 on $flatten\u_anoc.\u_anoc_mesh.\ROW[3].COL[3].router.$auto$ff.cc:337:slice$40766 ($dlatch) from module rv128i_anoc_soc_top.
Setting constant 0-bit at position 82 on $flatten\u_anoc.\u_anoc_mesh.\ROW[3].COL[3].router.$auto$ff.cc:337:slice$40766 ($dlatch) from module rv128i_anoc_soc_top.
Setting constant 0-bit at position 83 on $flatten\u_anoc.\u_anoc_mesh.\ROW[3].COL[3].router.$auto$ff.cc:337:slice$40766 ($dlatch) from module rv128i_anoc_soc_top.
Setting constant 0-bit at position 84 on $flatten\u_anoc.\u_anoc_mesh.\ROW[3].COL[3].router.$auto$ff.cc:337:slice$40766 ($dlatch) from module rv128i_anoc_soc_top.
Setting constant 0-bit at position 85 on $flatten\u_anoc.\u_anoc_mesh.\ROW[3].COL[3].router.$auto$ff.cc:337:slice$40766 ($dlatch) from module rv128i_anoc_soc_top.
Setting constant 0-bit at position 86 on $flatten\u_anoc.\u_anoc_mesh.\ROW[3].COL[3].router.$auto$ff.cc:337:slice$40766 ($dlatch) from module rv128i_anoc_soc_top.
Setting constant 0-bit at position 87 on $flatten\u_anoc.\u_anoc_mesh.\ROW[3].COL[3].router.$auto$ff.cc:337:slice$40766 ($dlatch) from module rv128i_anoc_soc_top.
Setting constant 0-bit at position 88 on $flatten\u_anoc.\u_anoc_mesh.\ROW[3].COL[3].router.$auto$ff.cc:337:slice$40766 ($dlatch) from module rv128i_anoc_soc_top.
Setting constant 0-bit at position 89 on $flatten\u_anoc.\u_anoc_mesh.\ROW[3].COL[3].router.$auto$ff.cc:337:slice$40766 ($dlatch) from module rv128i_anoc_soc_top.
Setting constant 0-bit at position 90 on $flatten\u_anoc.\u_anoc_mesh.\ROW[3].COL[3].router.$auto$ff.cc:337:slice$40766 ($dlatch) from module rv128i_anoc_soc_top.
Setting constant 0-bit at position 91 on $flatten\u_anoc.\u_anoc_mesh.\ROW[3].COL[3].router.$auto$ff.cc:337:slice$40766 ($dlatch) from module rv128i_anoc_soc_top.
Setting constant 0-bit at position 92 on $flatten\u_anoc.\u_anoc_mesh.\ROW[3].COL[3].router.$auto$ff.cc:337:slice$40766 ($dlatch) from module rv128i_anoc_soc_top.
Setting constant 0-bit at position 93 on $flatten\u_anoc.\u_anoc_mesh.\ROW[3].COL[3].router.$auto$ff.cc:337:slice$40766 ($dlatch) from module rv128i_anoc_soc_top.
Setting constant 0-bit at position 94 on $flatten\u_anoc.\u_anoc_mesh.\ROW[3].COL[3].router.$auto$ff.cc:337:slice$40766 ($dlatch) from module rv128i_anoc_soc_top.
Setting constant 0-bit at position 95 on $flatten\u_anoc.\u_anoc_mesh.\ROW[3].COL[3].router.$auto$ff.cc:337:slice$40766 ($dlatch) from module rv128i_anoc_soc_top.
Setting constant 0-bit at position 96 on $flatten\u_anoc.\u_anoc_mesh.\ROW[3].COL[3].router.$auto$ff.cc:337:slice$40766 ($dlatch) from module rv128i_anoc_soc_top.
Setting constant 0-bit at position 97 on $flatten\u_anoc.\u_anoc_mesh.\ROW[3].COL[3].router.$auto$ff.cc:337:slice$40766 ($dlatch) from module rv128i_anoc_soc_top.
Setting constant 0-bit at position 98 on $flatten\u_anoc.\u_anoc_mesh.\ROW[3].COL[3].router.$auto$ff.cc:337:slice$40766 ($dlatch) from module rv128i_anoc_soc_top.
Setting constant 0-bit at position 99 on $flatten\u_anoc.\u_anoc_mesh.\ROW[3].COL[3].router.$auto$ff.cc:337:slice$40766 ($dlatch) from module rv128i_anoc_soc_top.
Setting constant 0-bit at position 100 on $flatten\u_anoc.\u_anoc_mesh.\ROW[3].COL[3].router.$auto$ff.cc:337:slice$40766 ($dlatch) from module rv128i_anoc_soc_top.
Setting constant 0-bit at position 101 on $flatten\u_anoc.\u_anoc_mesh.\ROW[3].COL[3].router.$auto$ff.cc:337:slice$40766 ($dlatch) from module rv128i_anoc_soc_top.
Setting constant 0-bit at position 102 on $flatten\u_anoc.\u_anoc_mesh.\ROW[3].COL[3].router.$auto$ff.cc:337:slice$40766 ($dlatch) from module rv128i_anoc_soc_top.
Setting constant 0-bit at position 103 on $flatten\u_anoc.\u_anoc_mesh.\ROW[3].COL[3].router.$auto$ff.cc:337:slice$40766 ($dlatch) from module rv128i_anoc_soc_top.
Setting constant 0-bit at position 104 on $flatten\u_anoc.\u_anoc_mesh.\ROW[3].COL[3].router.$auto$ff.cc:337:slice$40766 ($dlatch) from module rv128i_anoc_soc_top.
Setting constant 0-bit at position 105 on $flatten\u_anoc.\u_anoc_mesh.\ROW[3].COL[3].router.$auto$ff.cc:337:slice$40766 ($dlatch) from module rv128i_anoc_soc_top.
Setting constant 0-bit at position 106 on $flatten\u_anoc.\u_anoc_mesh.\ROW[3].COL[3].router.$auto$ff.cc:337:slice$40766 ($dlatch) from module rv128i_anoc_soc_top.
Setting constant 0-bit at position 107 on $flatten\u_anoc.\u_anoc_mesh.\ROW[3].COL[3].router.$auto$ff.cc:337:slice$40766 ($dlatch) from module rv128i_anoc_soc_top.
Setting constant 0-bit at position 108 on $flatten\u_anoc.\u_anoc_mesh.\ROW[3].COL[3].router.$auto$ff.cc:337:slice$40766 ($dlatch) from module rv128i_anoc_soc_top.
Setting constant 0-bit at position 109 on $flatten\u_anoc.\u_anoc_mesh.\ROW[3].COL[3].router.$auto$ff.cc:337:slice$40766 ($dlatch) from module rv128i_anoc_soc_top.
Setting constant 0-bit at position 110 on $flatten\u_anoc.\u_anoc_mesh.\ROW[3].COL[3].router.$auto$ff.cc:337:slice$40766 ($dlatch) from module rv128i_anoc_soc_top.
Setting constant 0-bit at position 111 on $flatten\u_anoc.\u_anoc_mesh.\ROW[3].COL[3].router.$auto$ff.cc:337:slice$40766 ($dlatch) from module rv128i_anoc_soc_top.
Setting constant 0-bit at position 112 on $flatten\u_anoc.\u_anoc_mesh.\ROW[3].COL[3].router.$auto$ff.cc:337:slice$40766 ($dlatch) from module rv128i_anoc_soc_top.
Setting constant 0-bit at position 113 on $flatten\u_anoc.\u_anoc_mesh.\ROW[3].COL[3].router.$auto$ff.cc:337:slice$40766 ($dlatch) from module rv128i_anoc_soc_top.
Setting constant 0-bit at position 114 on $flatten\u_anoc.\u_anoc_mesh.\ROW[3].COL[3].router.$auto$ff.cc:337:slice$40766 ($dlatch) from module rv128i_anoc_soc_top.
Setting constant 0-bit at position 115 on $flatten\u_anoc.\u_anoc_mesh.\ROW[3].COL[3].router.$auto$ff.cc:337:slice$40766 ($dlatch) from module rv128i_anoc_soc_top.
Setting constant 0-bit at position 116 on $flatten\u_anoc.\u_anoc_mesh.\ROW[3].COL[3].router.$auto$ff.cc:337:slice$40766 ($dlatch) from module rv128i_anoc_soc_top.
Setting constant 0-bit at position 117 on $flatten\u_anoc.\u_anoc_mesh.\ROW[3].COL[3].router.$auto$ff.cc:337:slice$40766 ($dlatch) from module rv128i_anoc_soc_top.
Setting constant 0-bit at position 118 on $flatten\u_anoc.\u_anoc_mesh.\ROW[3].COL[3].router.$auto$ff.cc:337:slice$40766 ($dlatch) from module rv128i_anoc_soc_top.
Setting constant 0-bit at position 119 on $flatten\u_anoc.\u_anoc_mesh.\ROW[3].COL[3].router.$auto$ff.cc:337:slice$40766 ($dlatch) from module rv128i_anoc_soc_top.
Setting constant 0-bit at position 120 on $flatten\u_anoc.\u_anoc_mesh.\ROW[3].COL[3].router.$auto$ff.cc:337:slice$40766 ($dlatch) from module rv128i_anoc_soc_top.
Setting constant 0-bit at position 121 on $flatten\u_anoc.\u_anoc_mesh.\ROW[3].COL[3].router.$auto$ff.cc:337:slice$40766 ($dlatch) from module rv128i_anoc_soc_top.
Setting constant 0-bit at position 122 on $flatten\u_anoc.\u_anoc_mesh.\ROW[3].COL[3].router.$auto$ff.cc:337:slice$40766 ($dlatch) from module rv128i_anoc_soc_top.
Setting constant 0-bit at position 123 on $flatten\u_anoc.\u_anoc_mesh.\ROW[3].COL[3].router.$auto$ff.cc:337:slice$40766 ($dlatch) from module rv128i_anoc_soc_top.
Setting constant 0-bit at position 124 on $flatten\u_anoc.\u_anoc_mesh.\ROW[3].COL[3].router.$auto$ff.cc:337:slice$40766 ($dlatch) from module rv128i_anoc_soc_top.
Setting constant 0-bit at position 125 on $flatten\u_anoc.\u_anoc_mesh.\ROW[3].COL[3].router.$auto$ff.cc:337:slice$40766 ($dlatch) from module rv128i_anoc_soc_top.
Setting constant 0-bit at position 126 on $flatten\u_anoc.\u_anoc_mesh.\ROW[3].COL[3].router.$auto$ff.cc:337:slice$40766 ($dlatch) from module rv128i_anoc_soc_top.
Setting constant 0-bit at position 127 on $flatten\u_anoc.\u_anoc_mesh.\ROW[3].COL[3].router.$auto$ff.cc:337:slice$40766 ($dlatch) from module rv128i_anoc_soc_top.
Setting constant 0-bit at position 2 on $flatten\u_anoc.\u_cpu_node.\u_packetizer.$auto$ff.cc:337:slice$41633 ($adffe) from module rv128i_anoc_soc_top.
Setting constant 0-bit at position 3 on $flatten\u_anoc.\u_cpu_node.\u_packetizer.$auto$ff.cc:337:slice$41633 ($adffe) from module rv128i_anoc_soc_top.
Setting constant 0-bit at position 0 on $flatten\u_anoc.\u_cpu_node.\u_packetizer.$auto$ff.cc:337:slice$41649 ($adffe) from module rv128i_anoc_soc_top.
Setting constant 0-bit at position 1 on $flatten\u_anoc.\u_cpu_node.\u_packetizer.$auto$ff.cc:337:slice$41649 ($adffe) from module rv128i_anoc_soc_top.
Setting constant 0-bit at position 2 on $flatten\u_anoc.\u_cpu_node.\u_packetizer.$auto$ff.cc:337:slice$41649 ($adffe) from module rv128i_anoc_soc_top.
Setting constant 0-bit at position 3 on $flatten\u_anoc.\u_cpu_node.\u_packetizer.$auto$ff.cc:337:slice$41649 ($adffe) from module rv128i_anoc_soc_top.
Setting constant 0-bit at position 0 on $flatten\u_anoc.\u_anoc_mesh.\ROW[3].COL[3].router.$auto$ff.cc:337:slice$40776 ($adffe) from module rv128i_anoc_soc_top.
Setting constant 0-bit at position 1 on $flatten\u_anoc.\u_anoc_mesh.\ROW[3].COL[3].router.$auto$ff.cc:337:slice$40776 ($adffe) from module rv128i_anoc_soc_top.
Setting constant 0-bit at position 2 on $flatten\u_anoc.\u_anoc_mesh.\ROW[3].COL[3].router.$auto$ff.cc:337:slice$40776 ($adffe) from module rv128i_anoc_soc_top.
Setting constant 0-bit at position 3 on $flatten\u_anoc.\u_anoc_mesh.\ROW[3].COL[3].router.$auto$ff.cc:337:slice$40776 ($adffe) from module rv128i_anoc_soc_top.
Setting constant 0-bit at position 2 on $flatten\u_anoc.\u_anoc_mesh.\ROW[0].COL[0].router.$auto$ff.cc:337:slice$40776 ($adffe) from module rv128i_anoc_soc_top.
Setting constant 0-bit at position 3 on $flatten\u_anoc.\u_anoc_mesh.\ROW[0].COL[0].router.$auto$ff.cc:337:slice$40776 ($adffe) from module rv128i_anoc_soc_top.

26.7. Executing OPT_CLEAN pass (remove unused cells and wires).
Finding unused cells or wires in module \rv128i_anoc_soc_top..
Removed 230 unused cells and 770 unused wires.
<suppressed ~260 debug messages>

26.8. Executing OPT_EXPR pass (perform const folding).
Optimizing module rv128i_anoc_soc_top.
<suppressed ~694 debug messages>

26.9. Rerunning OPT passes. (Maybe there is more to do..)

26.10. Executing OPT_MUXTREE pass (detect dead branches in mux trees).
Running muxtree optimizer on module \rv128i_anoc_soc_top..
  Creating internal representation of mux trees.
  Evaluating internal representation of mux trees.
  Analyzing evaluation results.
    dead port 2/6 on $pmux $flatten\u_anoc.\u_anoc_mesh.\ROW[2].COL[2].router.$procmux$2401.
    dead port 3/6 on $pmux $flatten\u_anoc.\u_anoc_mesh.\ROW[2].COL[2].router.$procmux$2401.
    dead port 4/6 on $pmux $flatten\u_anoc.\u_anoc_mesh.\ROW[2].COL[2].router.$procmux$2401.
    dead port 5/6 on $pmux $flatten\u_anoc.\u_anoc_mesh.\ROW[2].COL[2].router.$procmux$2401.
    dead port 6/6 on $pmux $flatten\u_anoc.\u_anoc_mesh.\ROW[2].COL[2].router.$procmux$2401.
    dead port 2/6 on $pmux $flatten\u_anoc.\u_anoc_mesh.\ROW[2].COL[1].router.$procmux$2401.
    dead port 3/6 on $pmux $flatten\u_anoc.\u_anoc_mesh.\ROW[2].COL[1].router.$procmux$2401.
    dead port 4/6 on $pmux $flatten\u_anoc.\u_anoc_mesh.\ROW[2].COL[1].router.$procmux$2401.
    dead port 5/6 on $pmux $flatten\u_anoc.\u_anoc_mesh.\ROW[2].COL[1].router.$procmux$2401.
    dead port 6/6 on $pmux $flatten\u_anoc.\u_anoc_mesh.\ROW[2].COL[1].router.$procmux$2401.
    dead port 2/6 on $pmux $flatten\u_anoc.\u_anoc_mesh.\ROW[2].COL[3].router.$procmux$2353.
    dead port 3/6 on $pmux $flatten\u_anoc.\u_anoc_mesh.\ROW[2].COL[3].router.$procmux$2353.
    dead port 4/6 on $pmux $flatten\u_anoc.\u_anoc_mesh.\ROW[2].COL[3].router.$procmux$2353.
    dead port 5/6 on $pmux $flatten\u_anoc.\u_anoc_mesh.\ROW[2].COL[3].router.$procmux$2353.
    dead port 6/6 on $pmux $flatten\u_anoc.\u_anoc_mesh.\ROW[2].COL[3].router.$procmux$2353.
    dead port 1/6 on $pmux $flatten\u_anoc.\u_anoc_mesh.\ROW[2].COL[0].router.$procmux$2337.
    dead port 2/6 on $pmux $flatten\u_anoc.\u_anoc_mesh.\ROW[2].COL[0].router.$procmux$2337.
    dead port 4/6 on $pmux $flatten\u_anoc.\u_anoc_mesh.\ROW[2].COL[0].router.$procmux$2337.
    dead port 5/6 on $pmux $flatten\u_anoc.\u_anoc_mesh.\ROW[2].COL[0].router.$procmux$2337.
    dead port 6/6 on $pmux $flatten\u_anoc.\u_anoc_mesh.\ROW[2].COL[0].router.$procmux$2337.
    dead port 2/6 on $pmux $flatten\u_anoc.\u_anoc_mesh.\ROW[3].COL[1].router.$procmux$2385.
    dead port 3/6 on $pmux $flatten\u_anoc.\u_anoc_mesh.\ROW[3].COL[1].router.$procmux$2385.
    dead port 4/6 on $pmux $flatten\u_anoc.\u_anoc_mesh.\ROW[3].COL[1].router.$procmux$2385.
    dead port 5/6 on $pmux $flatten\u_anoc.\u_anoc_mesh.\ROW[3].COL[1].router.$procmux$2385.
    dead port 6/6 on $pmux $flatten\u_anoc.\u_anoc_mesh.\ROW[3].COL[1].router.$procmux$2385.
    dead port 2/6 on $pmux $flatten\u_anoc.\u_anoc_mesh.\ROW[3].COL[2].router.$procmux$2385.
    dead port 3/6 on $pmux $flatten\u_anoc.\u_anoc_mesh.\ROW[3].COL[2].router.$procmux$2385.
    dead port 4/6 on $pmux $flatten\u_anoc.\u_anoc_mesh.\ROW[3].COL[2].router.$procmux$2385.
    dead port 5/6 on $pmux $flatten\u_anoc.\u_anoc_mesh.\ROW[3].COL[2].router.$procmux$2385.
    dead port 6/6 on $pmux $flatten\u_anoc.\u_anoc_mesh.\ROW[3].COL[2].router.$procmux$2385.
    dead port 2/6 on $pmux $flatten\u_anoc.\u_anoc_mesh.\ROW[1].COL[3].router.$procmux$2353.
    dead port 3/6 on $pmux $flatten\u_anoc.\u_anoc_mesh.\ROW[1].COL[3].router.$procmux$2353.
    dead port 4/6 on $pmux $flatten\u_anoc.\u_anoc_mesh.\ROW[1].COL[3].router.$procmux$2353.
    dead port 5/6 on $pmux $flatten\u_anoc.\u_anoc_mesh.\ROW[1].COL[3].router.$procmux$2353.
    dead port 6/6 on $pmux $flatten\u_anoc.\u_anoc_mesh.\ROW[1].COL[3].router.$procmux$2353.
    dead port 2/6 on $pmux $flatten\u_anoc.\u_anoc_mesh.\ROW[1].COL[2].router.$procmux$2401.
    dead port 3/6 on $pmux $flatten\u_anoc.\u_anoc_mesh.\ROW[1].COL[2].router.$procmux$2401.
    dead port 4/6 on $pmux $flatten\u_anoc.\u_anoc_mesh.\ROW[1].COL[2].router.$procmux$2401.
    dead port 5/6 on $pmux $flatten\u_anoc.\u_anoc_mesh.\ROW[1].COL[2].router.$procmux$2401.
    dead port 6/6 on $pmux $flatten\u_anoc.\u_anoc_mesh.\ROW[1].COL[2].router.$procmux$2401.
    dead port 2/6 on $pmux $flatten\u_anoc.\u_anoc_mesh.\ROW[1].COL[1].router.$procmux$2401.
    dead port 3/6 on $pmux $flatten\u_anoc.\u_anoc_mesh.\ROW[1].COL[1].router.$procmux$2401.
    dead port 4/6 on $pmux $flatten\u_anoc.\u_anoc_mesh.\ROW[1].COL[1].router.$procmux$2401.
    dead port 5/6 on $pmux $flatten\u_anoc.\u_anoc_mesh.\ROW[1].COL[1].router.$procmux$2401.
    dead port 6/6 on $pmux $flatten\u_anoc.\u_anoc_mesh.\ROW[1].COL[1].router.$procmux$2401.
    dead port 1/6 on $pmux $flatten\u_anoc.\u_anoc_mesh.\ROW[1].COL[0].router.$procmux$2337.
    dead port 2/6 on $pmux $flatten\u_anoc.\u_anoc_mesh.\ROW[1].COL[0].router.$procmux$2337.
    dead port 4/6 on $pmux $flatten\u_anoc.\u_anoc_mesh.\ROW[1].COL[0].router.$procmux$2337.
    dead port 5/6 on $pmux $flatten\u_anoc.\u_anoc_mesh.\ROW[1].COL[0].router.$procmux$2337.
    dead port 6/6 on $pmux $flatten\u_anoc.\u_anoc_mesh.\ROW[1].COL[0].router.$procmux$2337.
    dead port 2/6 on $pmux $flatten\u_anoc.\u_anoc_mesh.\ROW[0].COL[3].router.$procmux$2353.
    dead port 3/6 on $pmux $flatten\u_anoc.\u_anoc_mesh.\ROW[0].COL[3].router.$procmux$2353.
    dead port 4/6 on $pmux $flatten\u_anoc.\u_anoc_mesh.\ROW[0].COL[3].router.$procmux$2353.
    dead port 5/6 on $pmux $flatten\u_anoc.\u_anoc_mesh.\ROW[0].COL[3].router.$procmux$2353.
    dead port 6/6 on $pmux $flatten\u_anoc.\u_anoc_mesh.\ROW[0].COL[3].router.$procmux$2353.
    dead port 2/6 on $pmux $flatten\u_anoc.\u_anoc_mesh.\ROW[3].COL[3].router.$procmux$2353.
    dead port 3/6 on $pmux $flatten\u_anoc.\u_anoc_mesh.\ROW[3].COL[3].router.$procmux$2353.
    dead port 4/6 on $pmux $flatten\u_anoc.\u_anoc_mesh.\ROW[3].COL[3].router.$procmux$2353.
    dead port 5/6 on $pmux $flatten\u_anoc.\u_anoc_mesh.\ROW[3].COL[3].router.$procmux$2353.
    dead port 6/6 on $pmux $flatten\u_anoc.\u_anoc_mesh.\ROW[3].COL[3].router.$procmux$2353.
    dead port 2/6 on $pmux $flatten\u_anoc.\u_anoc_mesh.\ROW[0].COL[2].router.$procmux$2369.
    dead port 3/6 on $pmux $flatten\u_anoc.\u_anoc_mesh.\ROW[0].COL[2].router.$procmux$2369.
    dead port 4/6 on $pmux $flatten\u_anoc.\u_anoc_mesh.\ROW[0].COL[2].router.$procmux$2369.
    dead port 5/6 on $pmux $flatten\u_anoc.\u_anoc_mesh.\ROW[0].COL[2].router.$procmux$2369.
    dead port 6/6 on $pmux $flatten\u_anoc.\u_anoc_mesh.\ROW[0].COL[2].router.$procmux$2369.
    dead port 2/6 on $pmux $flatten\u_anoc.\u_anoc_mesh.\ROW[3].COL[3].router.$procmux$2401.
    dead port 3/6 on $pmux $flatten\u_anoc.\u_anoc_mesh.\ROW[3].COL[3].router.$procmux$2401.
    dead port 4/6 on $pmux $flatten\u_anoc.\u_anoc_mesh.\ROW[3].COL[3].router.$procmux$2401.
    dead port 5/6 on $pmux $flatten\u_anoc.\u_anoc_mesh.\ROW[3].COL[3].router.$procmux$2401.
    dead port 6/6 on $pmux $flatten\u_anoc.\u_anoc_mesh.\ROW[3].COL[3].router.$procmux$2401.
    dead port 2/6 on $pmux $flatten\u_anoc.\u_anoc_mesh.\ROW[0].COL[1].router.$procmux$2369.
    dead port 3/6 on $pmux $flatten\u_anoc.\u_anoc_mesh.\ROW[0].COL[1].router.$procmux$2369.
    dead port 4/6 on $pmux $flatten\u_anoc.\u_anoc_mesh.\ROW[0].COL[1].router.$procmux$2369.
    dead port 5/6 on $pmux $flatten\u_anoc.\u_anoc_mesh.\ROW[0].COL[1].router.$procmux$2369.
    dead port 6/6 on $pmux $flatten\u_anoc.\u_anoc_mesh.\ROW[0].COL[1].router.$procmux$2369.
    dead port 1/6 on $pmux $flatten\u_anoc.\u_anoc_mesh.\ROW[0].COL[0].router.$procmux$2337.
    dead port 2/6 on $pmux $flatten\u_anoc.\u_anoc_mesh.\ROW[0].COL[0].router.$procmux$2337.
    dead port 3/6 on $pmux $flatten\u_anoc.\u_anoc_mesh.\ROW[0].COL[0].router.$procmux$2337.
    dead port 4/6 on $pmux $flatten\u_anoc.\u_anoc_mesh.\ROW[0].COL[0].router.$procmux$2337.
    dead port 6/6 on $pmux $flatten\u_anoc.\u_anoc_mesh.\ROW[0].COL[0].router.$procmux$2337.
    dead port 1/6 on $pmux $flatten\u_anoc.\u_anoc_mesh.\ROW[3].COL[0].router.$procmux$2337.
    dead port 2/6 on $pmux $flatten\u_anoc.\u_anoc_mesh.\ROW[3].COL[0].router.$procmux$2337.
    dead port 4/6 on $pmux $flatten\u_anoc.\u_anoc_mesh.\ROW[3].COL[0].router.$procmux$2337.
    dead port 5/6 on $pmux $flatten\u_anoc.\u_anoc_mesh.\ROW[3].COL[0].router.$procmux$2337.
    dead port 6/6 on $pmux $flatten\u_anoc.\u_anoc_mesh.\ROW[3].COL[0].router.$procmux$2337.
Removed 85 multiplexer ports.
<suppressed ~2550 debug messages>

26.11. Executing OPT_REDUCE pass (consolidate $*mux and $reduce_* inputs).
  Optimizing cells in module \rv128i_anoc_soc_top.
    New ctrl vector for $pmux cell $flatten\u_anoc.\u_anoc_mesh.\ROW[3].COL[3].router.$procmux$1737: { $auto$opt_reduce.cc:135:opt_pmux$41885 $flatten\u_anoc.\u_anoc_mesh.\ROW[3].COL[3].router.$procmux$1726_CMP $flatten\u_anoc.\u_anoc_mesh.\ROW[3].COL[3].router.$procmux$1724_CMP }
    New ctrl vector for $pmux cell $flatten\u_anoc.\u_anoc_mesh.\ROW[3].COL[3].router.$procmux$1674: { $auto$opt_reduce.cc:135:opt_pmux$41887 $flatten\u_anoc.\u_anoc_mesh.\ROW[3].COL[3].router.$procmux$1670_CMP $flatten\u_anoc.\u_anoc_mesh.\ROW[3].COL[3].router.$procmux$1668_CMP }
    New ctrl vector for $pmux cell $flatten\u_anoc.\u_anoc_mesh.\ROW[3].COL[3].router.$procmux$1681: { $auto$opt_reduce.cc:135:opt_pmux$41889 $flatten\u_anoc.\u_anoc_mesh.\ROW[3].COL[3].router.$procmux$1670_CMP $flatten\u_anoc.\u_anoc_mesh.\ROW[3].COL[3].router.$procmux$1668_CMP }
    New ctrl vector for $pmux cell $flatten\u_anoc.\u_anoc_mesh.\ROW[3].COL[3].router.$procmux$1730: { $auto$opt_reduce.cc:135:opt_pmux$41891 $flatten\u_anoc.\u_anoc_mesh.\ROW[3].COL[3].router.$procmux$1726_CMP $flatten\u_anoc.\u_anoc_mesh.\ROW[3].COL[3].router.$procmux$1724_CMP }
    New input vector for $reduce_or cell $auto$opt_reduce.cc:129:opt_pmux$41884: { $flatten\u_anoc.\u_anoc_mesh.\ROW[3].COL[3].router.$procmux$1727_CMP $flatten\u_anoc.\u_anoc_mesh.\ROW[3].COL[3].router.$procmux$1728_CMP $flatten\u_anoc.\u_anoc_mesh.\ROW[3].COL[3].router.$procmux$1725_CMP }
    New input vector for $reduce_or cell $auto$opt_reduce.cc:129:opt_pmux$41886: { $flatten\u_anoc.\u_anoc_mesh.\ROW[3].COL[3].router.$procmux$1672_CMP $flatten\u_anoc.\u_anoc_mesh.\ROW[3].COL[3].router.$procmux$1669_CMP $flatten\u_anoc.\u_anoc_mesh.\ROW[3].COL[3].router.$procmux$1671_CMP }
    New input vector for $reduce_or cell $auto$opt_reduce.cc:129:opt_pmux$41888: { $flatten\u_anoc.\u_anoc_mesh.\ROW[3].COL[3].router.$procmux$1672_CMP $flatten\u_anoc.\u_anoc_mesh.\ROW[3].COL[3].router.$procmux$1669_CMP $flatten\u_anoc.\u_anoc_mesh.\ROW[3].COL[3].router.$procmux$1671_CMP }
    New input vector for $reduce_or cell $auto$opt_reduce.cc:129:opt_pmux$41890: { $flatten\u_anoc.\u_anoc_mesh.\ROW[3].COL[3].router.$procmux$1727_CMP $flatten\u_anoc.\u_anoc_mesh.\ROW[3].COL[3].router.$procmux$1728_CMP $flatten\u_anoc.\u_anoc_mesh.\ROW[3].COL[3].router.$procmux$1725_CMP }
  Optimizing cells in module \rv128i_anoc_soc_top.
Performed a total of 8 changes.

26.12. Executing OPT_MERGE pass (detect identical cells).
Finding identical cells in module `\rv128i_anoc_soc_top'.
Computing hashes of 4358 cells of `\rv128i_anoc_soc_top'.
Finding duplicate cells in `\rv128i_anoc_soc_top'.
Computing hashes of 4356 cells of `\rv128i_anoc_soc_top'.
Finding duplicate cells in `\rv128i_anoc_soc_top'.
<suppressed ~6 debug messages>
Removed a total of 2 cells.

26.13. Executing OPT_DFF pass (perform DFF optimizations).
Setting constant 0-bit at position 114 on $flatten\u_anoc.\u_anoc_mesh.\ROW[3].COL[3].router.$auto$ff.cc:337:slice$40771 ($adffe) from module rv128i_anoc_soc_top.
Setting constant 0-bit at position 115 on $flatten\u_anoc.\u_anoc_mesh.\ROW[3].COL[3].router.$auto$ff.cc:337:slice$40771 ($adffe) from module rv128i_anoc_soc_top.
Setting constant 0-bit at position 116 on $flatten\u_anoc.\u_anoc_mesh.\ROW[3].COL[3].router.$auto$ff.cc:337:slice$40771 ($adffe) from module rv128i_anoc_soc_top.
Setting constant 0-bit at position 117 on $flatten\u_anoc.\u_anoc_mesh.\ROW[3].COL[3].router.$auto$ff.cc:337:slice$40771 ($adffe) from module rv128i_anoc_soc_top.
Setting constant 0-bit at position 118 on $flatten\u_anoc.\u_anoc_mesh.\ROW[3].COL[3].router.$auto$ff.cc:337:slice$40771 ($adffe) from module rv128i_anoc_soc_top.
Setting constant 0-bit at position 119 on $flatten\u_anoc.\u_anoc_mesh.\ROW[3].COL[3].router.$auto$ff.cc:337:slice$40771 ($adffe) from module rv128i_anoc_soc_top.
Setting constant 0-bit at position 120 on $flatten\u_anoc.\u_anoc_mesh.\ROW[3].COL[3].router.$auto$ff.cc:337:slice$40771 ($adffe) from module rv128i_anoc_soc_top.
Setting constant 0-bit at position 121 on $flatten\u_anoc.\u_anoc_mesh.\ROW[3].COL[3].router.$auto$ff.cc:337:slice$40771 ($adffe) from module rv128i_anoc_soc_top.
Setting constant 0-bit at position 122 on $flatten\u_anoc.\u_anoc_mesh.\ROW[3].COL[3].router.$auto$ff.cc:337:slice$40771 ($adffe) from module rv128i_anoc_soc_top.
Setting constant 0-bit at position 123 on $flatten\u_anoc.\u_anoc_mesh.\ROW[3].COL[3].router.$auto$ff.cc:337:slice$40771 ($adffe) from module rv128i_anoc_soc_top.
Setting constant 0-bit at position 124 on $flatten\u_anoc.\u_anoc_mesh.\ROW[3].COL[3].router.$auto$ff.cc:337:slice$40771 ($adffe) from module rv128i_anoc_soc_top.
Setting constant 0-bit at position 125 on $flatten\u_anoc.\u_anoc_mesh.\ROW[3].COL[3].router.$auto$ff.cc:337:slice$40771 ($adffe) from module rv128i_anoc_soc_top.

26.14. Executing OPT_CLEAN pass (remove unused cells and wires).
Finding unused cells or wires in module \rv128i_anoc_soc_top..
Removed 48 unused cells and 491 unused wires.
<suppressed ~49 debug messages>

26.15. Executing OPT_EXPR pass (perform const folding).
Optimizing module rv128i_anoc_soc_top.
<suppressed ~83 debug messages>

26.16. Rerunning OPT passes. (Maybe there is more to do..)

26.17. Executing OPT_MUXTREE pass (detect dead branches in mux trees).
Running muxtree optimizer on module \rv128i_anoc_soc_top..
  Creating internal representation of mux trees.
  Evaluating internal representation of mux trees.
  Analyzing evaluation results.
    dead port 5/6 on $pmux $flatten\u_anoc.\u_anoc_mesh.\ROW[2].COL[2].router.$procmux$1772.
    dead port 3/5 on $pmux $flatten\u_anoc.\u_anoc_mesh.\ROW[2].COL[3].router.$procmux$1737.
    dead port 5/6 on $pmux $flatten\u_anoc.\u_anoc_mesh.\ROW[2].COL[1].router.$procmux$1702.
    dead port 5/6 on $pmux $flatten\u_anoc.\u_anoc_mesh.\ROW[2].COL[1].router.$procmux$1709.
    dead port 5/6 on $pmux $flatten\u_anoc.\u_anoc_mesh.\ROW[2].COL[1].router.$procmux$1716.
    dead port 5/6 on $pmux $flatten\u_anoc.\u_anoc_mesh.\ROW[2].COL[1].router.$procmux$1730.
    dead port 5/6 on $pmux $flatten\u_anoc.\u_anoc_mesh.\ROW[2].COL[1].router.$procmux$1737.
    dead port 5/6 on $pmux $flatten\u_anoc.\u_anoc_mesh.\ROW[2].COL[1].router.$procmux$1744.
    dead port 3/5 on $pmux $flatten\u_anoc.\u_anoc_mesh.\ROW[2].COL[3].router.$procmux$1758.
    dead port 5/6 on $pmux $flatten\u_anoc.\u_anoc_mesh.\ROW[2].COL[1].router.$procmux$1758.
    dead port 5/6 on $pmux $flatten\u_anoc.\u_anoc_mesh.\ROW[2].COL[1].router.$procmux$1765.
    dead port 5/6 on $pmux $flatten\u_anoc.\u_anoc_mesh.\ROW[2].COL[1].router.$procmux$1772.
    dead port 1/5 on $pmux $flatten\u_anoc.\u_anoc_mesh.\ROW[3].COL[1].router.$procmux$1744.
    dead port 3/4 on $pmux $flatten\u_anoc.\u_anoc_mesh.\ROW[3].COL[0].router.$procmux$1702.
    dead port 3/5 on $pmux $flatten\u_anoc.\u_anoc_mesh.\ROW[2].COL[3].router.$procmux$1772.
    dead port 3/4 on $pmux $flatten\u_anoc.\u_anoc_mesh.\ROW[3].COL[3].router.$procmux$1737.
    dead port 1/5 on $pmux $flatten\u_anoc.\u_anoc_mesh.\ROW[3].COL[1].router.$procmux$1737.
    dead port 4/5 on $pmux $flatten\u_anoc.\u_anoc_mesh.\ROW[2].COL[0].router.$procmux$1702.
    dead port 4/5 on $pmux $flatten\u_anoc.\u_anoc_mesh.\ROW[2].COL[0].router.$procmux$1709.
    dead port 4/5 on $pmux $flatten\u_anoc.\u_anoc_mesh.\ROW[2].COL[0].router.$procmux$1716.
    dead port 4/5 on $pmux $flatten\u_anoc.\u_anoc_mesh.\ROW[2].COL[0].router.$procmux$1758.
    dead port 4/5 on $pmux $flatten\u_anoc.\u_anoc_mesh.\ROW[2].COL[0].router.$procmux$1765.
    dead port 4/5 on $pmux $flatten\u_anoc.\u_anoc_mesh.\ROW[2].COL[0].router.$procmux$1772.
    dead port 1/5 on $pmux $flatten\u_anoc.\u_anoc_mesh.\ROW[3].COL[1].router.$procmux$1730.
    dead port 3/4 on $pmux $flatten\u_anoc.\u_anoc_mesh.\ROW[3].COL[0].router.$procmux$1716.
    dead port 3/4 on $pmux $flatten\u_anoc.\u_anoc_mesh.\ROW[3].COL[0].router.$procmux$1709.
    dead port 1/5 on $pmux $flatten\u_anoc.\u_anoc_mesh.\ROW[3].COL[3].router.$procmux$1800.
    dead port 3/5 on $pmux $flatten\u_anoc.\u_anoc_mesh.\ROW[3].COL[3].router.$procmux$1800.
    dead port 3/5 on $pmux $flatten\u_anoc.\u_anoc_mesh.\ROW[1].COL[3].router.$procmux$1730.
    dead port 3/5 on $pmux $flatten\u_anoc.\u_anoc_mesh.\ROW[1].COL[3].router.$procmux$1737.
    dead port 3/5 on $pmux $flatten\u_anoc.\u_anoc_mesh.\ROW[1].COL[3].router.$procmux$1744.
    dead port 5/6 on $pmux $flatten\u_anoc.\u_anoc_mesh.\ROW[2].COL[2].router.$procmux$1716.
    dead port 3/5 on $pmux $flatten\u_anoc.\u_anoc_mesh.\ROW[1].COL[3].router.$procmux$1758.
    dead port 3/5 on $pmux $flatten\u_anoc.\u_anoc_mesh.\ROW[1].COL[3].router.$procmux$1765.
    dead port 1/5 on $pmux $flatten\u_anoc.\u_anoc_mesh.\ROW[3].COL[1].router.$procmux$1716.
    dead port 3/5 on $pmux $flatten\u_anoc.\u_anoc_mesh.\ROW[1].COL[3].router.$procmux$1772.
    dead port 5/6 on $pmux $flatten\u_anoc.\u_anoc_mesh.\ROW[1].COL[2].router.$procmux$1702.
    dead port 5/6 on $pmux $flatten\u_anoc.\u_anoc_mesh.\ROW[1].COL[2].router.$procmux$1709.
    dead port 5/6 on $pmux $flatten\u_anoc.\u_anoc_mesh.\ROW[1].COL[2].router.$procmux$1716.
    dead port 5/6 on $pmux $flatten\u_anoc.\u_anoc_mesh.\ROW[2].COL[2].router.$procmux$1765.
    dead port 5/6 on $pmux $flatten\u_anoc.\u_anoc_mesh.\ROW[1].COL[2].router.$procmux$1730.
    dead port 5/6 on $pmux $flatten\u_anoc.\u_anoc_mesh.\ROW[1].COL[2].router.$procmux$1737.
    dead port 5/6 on $pmux $flatten\u_anoc.\u_anoc_mesh.\ROW[1].COL[2].router.$procmux$1744.
    dead port 5/6 on $pmux $flatten\u_anoc.\u_anoc_mesh.\ROW[2].COL[2].router.$procmux$1758.
    dead port 5/6 on $pmux $flatten\u_anoc.\u_anoc_mesh.\ROW[1].COL[2].router.$procmux$1758.
    dead port 5/6 on $pmux $flatten\u_anoc.\u_anoc_mesh.\ROW[1].COL[2].router.$procmux$1765.
    dead port 1/5 on $pmux $flatten\u_anoc.\u_anoc_mesh.\ROW[3].COL[1].router.$procmux$1709.
    dead port 5/6 on $pmux $flatten\u_anoc.\u_anoc_mesh.\ROW[1].COL[2].router.$procmux$1772.
    dead port 5/6 on $pmux $flatten\u_anoc.\u_anoc_mesh.\ROW[1].COL[1].router.$procmux$1702.
    dead port 5/6 on $pmux $flatten\u_anoc.\u_anoc_mesh.\ROW[1].COL[1].router.$procmux$1709.
    dead port 5/6 on $pmux $flatten\u_anoc.\u_anoc_mesh.\ROW[1].COL[1].router.$procmux$1716.
    dead port 5/6 on $pmux $flatten\u_anoc.\u_anoc_mesh.\ROW[1].COL[1].router.$procmux$1730.
    dead port 5/6 on $pmux $flatten\u_anoc.\u_anoc_mesh.\ROW[1].COL[1].router.$procmux$1737.
    dead port 5/6 on $pmux $flatten\u_anoc.\u_anoc_mesh.\ROW[1].COL[1].router.$procmux$1744.
    dead port 3/5 on $pmux $flatten\u_anoc.\u_anoc_mesh.\ROW[2].COL[3].router.$procmux$1744.
    dead port 5/6 on $pmux $flatten\u_anoc.\u_anoc_mesh.\ROW[1].COL[1].router.$procmux$1758.
    dead port 5/6 on $pmux $flatten\u_anoc.\u_anoc_mesh.\ROW[1].COL[1].router.$procmux$1765.
    dead port 1/5 on $pmux $flatten\u_anoc.\u_anoc_mesh.\ROW[3].COL[1].router.$procmux$1702.
    dead port 5/6 on $pmux $flatten\u_anoc.\u_anoc_mesh.\ROW[1].COL[1].router.$procmux$1772.
    dead port 1/5 on $pmux $flatten\u_anoc.\u_anoc_mesh.\ROW[3].COL[2].router.$procmux$1730.
    dead port 4/5 on $pmux $flatten\u_anoc.\u_anoc_mesh.\ROW[1].COL[0].router.$procmux$1702.
    dead port 4/5 on $pmux $flatten\u_anoc.\u_anoc_mesh.\ROW[1].COL[0].router.$procmux$1709.
    dead port 4/5 on $pmux $flatten\u_anoc.\u_anoc_mesh.\ROW[1].COL[0].router.$procmux$1716.
    dead port 5/6 on $pmux $flatten\u_anoc.\u_anoc_mesh.\ROW[2].COL[2].router.$procmux$1709.
    dead port 4/5 on $pmux $flatten\u_anoc.\u_anoc_mesh.\ROW[1].COL[0].router.$procmux$1758.
    dead port 4/5 on $pmux $flatten\u_anoc.\u_anoc_mesh.\ROW[1].COL[0].router.$procmux$1765.
    dead port 4/5 on $pmux $flatten\u_anoc.\u_anoc_mesh.\ROW[1].COL[0].router.$procmux$1772.
    dead port 2/4 on $pmux $flatten\u_anoc.\u_anoc_mesh.\ROW[0].COL[3].router.$procmux$1758.
    dead port 2/4 on $pmux $flatten\u_anoc.\u_anoc_mesh.\ROW[0].COL[3].router.$procmux$1765.
    dead port 2/4 on $pmux $flatten\u_anoc.\u_anoc_mesh.\ROW[0].COL[3].router.$procmux$1772.
    dead port 5/6 on $pmux $flatten\u_anoc.\u_anoc_mesh.\ROW[2].COL[2].router.$procmux$1702.
    dead port 1/5 on $pmux $flatten\u_anoc.\u_anoc_mesh.\ROW[3].COL[2].router.$procmux$1737.
    dead port 1/5 on $pmux $flatten\u_anoc.\u_anoc_mesh.\ROW[3].COL[2].router.$procmux$1709.
    dead port 3/5 on $pmux $flatten\u_anoc.\u_anoc_mesh.\ROW[2].COL[3].router.$procmux$1765.
    dead port 5/6 on $pmux $flatten\u_anoc.\u_anoc_mesh.\ROW[2].COL[2].router.$procmux$1737.
    dead port 2/5 on $pmux $flatten\u_anoc.\u_anoc_mesh.\ROW[0].COL[2].router.$procmux$1702.
    dead port 2/5 on $pmux $flatten\u_anoc.\u_anoc_mesh.\ROW[0].COL[2].router.$procmux$1709.
    dead port 2/5 on $pmux $flatten\u_anoc.\u_anoc_mesh.\ROW[0].COL[2].router.$procmux$1716.
    dead port 2/5 on $pmux $flatten\u_anoc.\u_anoc_mesh.\ROW[0].COL[2].router.$procmux$1758.
    dead port 2/5 on $pmux $flatten\u_anoc.\u_anoc_mesh.\ROW[0].COL[2].router.$procmux$1765.
    dead port 5/6 on $pmux $flatten\u_anoc.\u_anoc_mesh.\ROW[2].COL[2].router.$procmux$1744.
    dead port 2/5 on $pmux $flatten\u_anoc.\u_anoc_mesh.\ROW[0].COL[2].router.$procmux$1772.
    dead port 5/6 on $pmux $flatten\u_anoc.\u_anoc_mesh.\ROW[2].COL[2].router.$procmux$1730.
    dead port 2/5 on $pmux $flatten\u_anoc.\u_anoc_mesh.\ROW[0].COL[1].router.$procmux$1702.
    dead port 2/5 on $pmux $flatten\u_anoc.\u_anoc_mesh.\ROW[0].COL[1].router.$procmux$1709.
    dead port 2/5 on $pmux $flatten\u_anoc.\u_anoc_mesh.\ROW[0].COL[1].router.$procmux$1716.
    dead port 2/5 on $pmux $flatten\u_anoc.\u_anoc_mesh.\ROW[0].COL[1].router.$procmux$1758.
    dead port 2/5 on $pmux $flatten\u_anoc.\u_anoc_mesh.\ROW[0].COL[1].router.$procmux$1765.
    dead port 2/5 on $pmux $flatten\u_anoc.\u_anoc_mesh.\ROW[0].COL[1].router.$procmux$1772.
    dead port 1/5 on $pmux $flatten\u_anoc.\u_anoc_mesh.\ROW[3].COL[2].router.$procmux$1744.
    dead port 1/5 on $pmux $flatten\u_anoc.\u_anoc_mesh.\ROW[3].COL[2].router.$procmux$1702.
    dead port 4/5 on $pmux $flatten\u_anoc.\u_anoc_mesh.\ROW[0].COL[0].router.$procmux$1702.
    dead port 4/5 on $pmux $flatten\u_anoc.\u_anoc_mesh.\ROW[0].COL[0].router.$procmux$1709.
    dead port 1/5 on $pmux $flatten\u_anoc.\u_anoc_mesh.\ROW[3].COL[2].router.$procmux$1716.
    dead port 4/5 on $pmux $flatten\u_anoc.\u_anoc_mesh.\ROW[0].COL[0].router.$procmux$1716.
    dead port 4/5 on $pmux $flatten\u_anoc.\u_anoc_mesh.\ROW[0].COL[0].router.$procmux$1758.
    dead port 4/5 on $pmux $flatten\u_anoc.\u_anoc_mesh.\ROW[0].COL[0].router.$procmux$1765.
    dead port 4/5 on $pmux $flatten\u_anoc.\u_anoc_mesh.\ROW[0].COL[0].router.$procmux$1772.
    dead port 3/5 on $pmux $flatten\u_anoc.\u_anoc_mesh.\ROW[2].COL[3].router.$procmux$1730.
    dead port 1/5 on $pmux $flatten\u_anoc.\u_anoc_mesh.\ROW[3].COL[3].router.$procmux$1744.
    dead port 3/5 on $pmux $flatten\u_anoc.\u_anoc_mesh.\ROW[3].COL[3].router.$procmux$1744.
    dead port 3/4 on $pmux $flatten\u_anoc.\u_anoc_mesh.\ROW[3].COL[3].router.$procmux$1730.
Removed 102 multiplexer ports.
<suppressed ~2541 debug messages>

26.18. Executing OPT_REDUCE pass (consolidate $*mux and $reduce_* inputs).
  Optimizing cells in module \rv128i_anoc_soc_top.
    New input vector for $reduce_or cell $flatten\u_anoc.\u_anoc_mesh.\ROW[0].COL[0].router.$auto$opt_reduce.cc:129:opt_pmux$40643: { $flatten\u_anoc.\u_anoc_mesh.\ROW[0].COL[0].router.$procmux$1753_CMP $flatten\u_anoc.\u_anoc_mesh.\ROW[0].COL[0].router.$procmux$1755_CMP $flatten\u_anoc.\u_anoc_mesh.\ROW[0].COL[0].router.$procmux$1756_CMP }
    New input vector for $reduce_or cell $flatten\u_anoc.\u_anoc_mesh.\ROW[0].COL[0].router.$auto$opt_reduce.cc:129:opt_pmux$40647: { $flatten\u_anoc.\u_anoc_mesh.\ROW[0].COL[0].router.$procmux$1697_CMP $flatten\u_anoc.\u_anoc_mesh.\ROW[0].COL[0].router.$procmux$1699_CMP $flatten\u_anoc.\u_anoc_mesh.\ROW[0].COL[0].router.$procmux$1700_CMP }
    New input vector for $reduce_or cell $flatten\u_anoc.\u_anoc_mesh.\ROW[2].COL[3].router.$auto$opt_reduce.cc:129:opt_pmux$40643: { $flatten\u_anoc.\u_anoc_mesh.\ROW[2].COL[3].router.$procmux$1752_CMP $flatten\u_anoc.\u_anoc_mesh.\ROW[2].COL[3].router.$procmux$1754_CMP $flatten\u_anoc.\u_anoc_mesh.\ROW[2].COL[3].router.$procmux$1755_CMP }
    New input vector for $reduce_or cell $flatten\u_anoc.\u_anoc_mesh.\ROW[0].COL[1].router.$auto$opt_reduce.cc:129:opt_pmux$40643: { $flatten\u_anoc.\u_anoc_mesh.\ROW[0].COL[1].router.$procmux$1752_CMP $flatten\u_anoc.\u_anoc_mesh.\ROW[0].COL[1].router.$procmux$1753_CMP $flatten\u_anoc.\u_anoc_mesh.\ROW[0].COL[1].router.$procmux$1755_CMP }
    New input vector for $reduce_or cell $flatten\u_anoc.\u_anoc_mesh.\ROW[0].COL[1].router.$auto$opt_reduce.cc:129:opt_pmux$40647: { $flatten\u_anoc.\u_anoc_mesh.\ROW[0].COL[1].router.$procmux$1696_CMP $flatten\u_anoc.\u_anoc_mesh.\ROW[0].COL[1].router.$procmux$1697_CMP $flatten\u_anoc.\u_anoc_mesh.\ROW[0].COL[1].router.$procmux$1699_CMP }
    New input vector for $reduce_or cell $flatten\u_anoc.\u_anoc_mesh.\ROW[3].COL[3].router.$auto$opt_reduce.cc:129:opt_pmux$40641: { $flatten\u_anoc.\u_anoc_mesh.\ROW[3].COL[3].router.$procmux$1780_CMP $flatten\u_anoc.\u_anoc_mesh.\ROW[3].COL[3].router.$procmux$1782_CMP }
    New input vector for $reduce_or cell $flatten\u_anoc.\u_anoc_mesh.\ROW[3].COL[2].router.$auto$opt_reduce.cc:129:opt_pmux$40647: { $flatten\u_anoc.\u_anoc_mesh.\ROW[3].COL[2].router.$procmux$1696_CMP $flatten\u_anoc.\u_anoc_mesh.\ROW[3].COL[2].router.$procmux$1697_CMP $flatten\u_anoc.\u_anoc_mesh.\ROW[3].COL[2].router.$procmux$1698_CMP }
    New input vector for $reduce_or cell $flatten\u_anoc.\u_anoc_mesh.\ROW[0].COL[2].router.$auto$opt_reduce.cc:129:opt_pmux$40643: { $flatten\u_anoc.\u_anoc_mesh.\ROW[0].COL[2].router.$procmux$1752_CMP $flatten\u_anoc.\u_anoc_mesh.\ROW[0].COL[2].router.$procmux$1753_CMP $flatten\u_anoc.\u_anoc_mesh.\ROW[0].COL[2].router.$procmux$1755_CMP }
    New input vector for $reduce_or cell $flatten\u_anoc.\u_anoc_mesh.\ROW[0].COL[2].router.$auto$opt_reduce.cc:129:opt_pmux$40647: { $flatten\u_anoc.\u_anoc_mesh.\ROW[0].COL[2].router.$procmux$1696_CMP $flatten\u_anoc.\u_anoc_mesh.\ROW[0].COL[2].router.$procmux$1697_CMP $flatten\u_anoc.\u_anoc_mesh.\ROW[0].COL[2].router.$procmux$1699_CMP }
    New input vector for $reduce_or cell $flatten\u_anoc.\u_anoc_mesh.\ROW[3].COL[0].router.$auto$opt_reduce.cc:129:opt_pmux$40647: { $flatten\u_anoc.\u_anoc_mesh.\ROW[3].COL[0].router.$procmux$1697_CMP $flatten\u_anoc.\u_anoc_mesh.\ROW[3].COL[0].router.$procmux$1698_CMP }
    New input vector for $reduce_or cell $flatten\u_anoc.\u_anoc_mesh.\ROW[0].COL[3].router.$auto$opt_reduce.cc:129:opt_pmux$40643: { $flatten\u_anoc.\u_anoc_mesh.\ROW[0].COL[3].router.$procmux$1752_CMP $flatten\u_anoc.\u_anoc_mesh.\ROW[0].COL[3].router.$procmux$1755_CMP }
    New input vector for $reduce_or cell $flatten\u_anoc.\u_anoc_mesh.\ROW[1].COL[0].router.$auto$opt_reduce.cc:129:opt_pmux$40643: { $flatten\u_anoc.\u_anoc_mesh.\ROW[1].COL[0].router.$procmux$1753_CMP $flatten\u_anoc.\u_anoc_mesh.\ROW[1].COL[0].router.$procmux$1754_CMP $flatten\u_anoc.\u_anoc_mesh.\ROW[1].COL[0].router.$procmux$1755_CMP }
    New input vector for $reduce_or cell $flatten\u_anoc.\u_anoc_mesh.\ROW[1].COL[0].router.$auto$opt_reduce.cc:129:opt_pmux$40647: { $flatten\u_anoc.\u_anoc_mesh.\ROW[1].COL[0].router.$procmux$1697_CMP $flatten\u_anoc.\u_anoc_mesh.\ROW[1].COL[0].router.$procmux$1698_CMP $flatten\u_anoc.\u_anoc_mesh.\ROW[1].COL[0].router.$procmux$1699_CMP }
    New input vector for $reduce_or cell $flatten\u_anoc.\u_anoc_mesh.\ROW[1].COL[1].router.$auto$opt_reduce.cc:129:opt_pmux$40643: { $flatten\u_anoc.\u_anoc_mesh.\ROW[1].COL[1].router.$procmux$1752_CMP $flatten\u_anoc.\u_anoc_mesh.\ROW[1].COL[1].router.$procmux$1753_CMP $flatten\u_anoc.\u_anoc_mesh.\ROW[1].COL[1].router.$procmux$1754_CMP $flatten\u_anoc.\u_anoc_mesh.\ROW[1].COL[1].router.$procmux$1755_CMP }
    New input vector for $reduce_or cell $flatten\u_anoc.\u_anoc_mesh.\ROW[1].COL[1].router.$auto$opt_reduce.cc:129:opt_pmux$40645: { $flatten\u_anoc.\u_anoc_mesh.\ROW[1].COL[1].router.$procmux$1726_CMP $flatten\u_anoc.\u_anoc_mesh.\ROW[1].COL[1].router.$procmux$1727_CMP $flatten\u_anoc.\u_anoc_mesh.\ROW[1].COL[1].router.$procmux$1724_CMP $flatten\u_anoc.\u_anoc_mesh.\ROW[1].COL[1].router.$procmux$1725_CMP }
    New input vector for $reduce_or cell $flatten\u_anoc.\u_anoc_mesh.\ROW[1].COL[1].router.$auto$opt_reduce.cc:129:opt_pmux$40647: { $flatten\u_anoc.\u_anoc_mesh.\ROW[1].COL[1].router.$procmux$1696_CMP $flatten\u_anoc.\u_anoc_mesh.\ROW[1].COL[1].router.$procmux$1697_CMP $flatten\u_anoc.\u_anoc_mesh.\ROW[1].COL[1].router.$procmux$1698_CMP $flatten\u_anoc.\u_anoc_mesh.\ROW[1].COL[1].router.$procmux$1699_CMP }
    New input vector for $reduce_or cell $flatten\u_anoc.\u_anoc_mesh.\ROW[3].COL[3].router.$auto$opt_reduce.cc:129:opt_pmux$40645: { $flatten\u_anoc.\u_anoc_mesh.\ROW[3].COL[3].router.$procmux$1726_CMP $flatten\u_anoc.\u_anoc_mesh.\ROW[3].COL[3].router.$procmux$1724_CMP }
    New input vector for $reduce_or cell $flatten\u_anoc.\u_anoc_mesh.\ROW[2].COL[3].router.$auto$opt_reduce.cc:129:opt_pmux$40645: { $flatten\u_anoc.\u_anoc_mesh.\ROW[2].COL[3].router.$procmux$1726_CMP $flatten\u_anoc.\u_anoc_mesh.\ROW[2].COL[3].router.$procmux$1727_CMP $flatten\u_anoc.\u_anoc_mesh.\ROW[2].COL[3].router.$procmux$1724_CMP }
    New input vector for $reduce_or cell $flatten\u_anoc.\u_anoc_mesh.\ROW[2].COL[2].router.$auto$opt_reduce.cc:129:opt_pmux$40647: { $flatten\u_anoc.\u_anoc_mesh.\ROW[2].COL[2].router.$procmux$1696_CMP $flatten\u_anoc.\u_anoc_mesh.\ROW[2].COL[2].router.$procmux$1697_CMP $flatten\u_anoc.\u_anoc_mesh.\ROW[2].COL[2].router.$procmux$1698_CMP $flatten\u_anoc.\u_anoc_mesh.\ROW[2].COL[2].router.$procmux$1699_CMP }
    New input vector for $reduce_or cell $flatten\u_anoc.\u_anoc_mesh.\ROW[1].COL[2].router.$auto$opt_reduce.cc:129:opt_pmux$40643: { $flatten\u_anoc.\u_anoc_mesh.\ROW[1].COL[2].router.$procmux$1752_CMP $flatten\u_anoc.\u_anoc_mesh.\ROW[1].COL[2].router.$procmux$1753_CMP $flatten\u_anoc.\u_anoc_mesh.\ROW[1].COL[2].router.$procmux$1754_CMP $flatten\u_anoc.\u_anoc_mesh.\ROW[1].COL[2].router.$procmux$1755_CMP }
    New input vector for $reduce_or cell $flatten\u_anoc.\u_anoc_mesh.\ROW[1].COL[2].router.$auto$opt_reduce.cc:129:opt_pmux$40645: { $flatten\u_anoc.\u_anoc_mesh.\ROW[1].COL[2].router.$procmux$1726_CMP $flatten\u_anoc.\u_anoc_mesh.\ROW[1].COL[2].router.$procmux$1727_CMP $flatten\u_anoc.\u_anoc_mesh.\ROW[1].COL[2].router.$procmux$1724_CMP $flatten\u_anoc.\u_anoc_mesh.\ROW[1].COL[2].router.$procmux$1725_CMP }
    New input vector for $reduce_or cell $flatten\u_anoc.\u_anoc_mesh.\ROW[1].COL[2].router.$auto$opt_reduce.cc:129:opt_pmux$40647: { $flatten\u_anoc.\u_anoc_mesh.\ROW[1].COL[2].router.$procmux$1696_CMP $flatten\u_anoc.\u_anoc_mesh.\ROW[1].COL[2].router.$procmux$1697_CMP $flatten\u_anoc.\u_anoc_mesh.\ROW[1].COL[2].router.$procmux$1698_CMP $flatten\u_anoc.\u_anoc_mesh.\ROW[1].COL[2].router.$procmux$1699_CMP }
    New input vector for $reduce_or cell $flatten\u_anoc.\u_anoc_mesh.\ROW[3].COL[2].router.$auto$opt_reduce.cc:129:opt_pmux$40645: { $flatten\u_anoc.\u_anoc_mesh.\ROW[3].COL[2].router.$procmux$1726_CMP $flatten\u_anoc.\u_anoc_mesh.\ROW[3].COL[2].router.$procmux$1724_CMP $flatten\u_anoc.\u_anoc_mesh.\ROW[3].COL[2].router.$procmux$1725_CMP }
    New input vector for $reduce_or cell $flatten\u_anoc.\u_anoc_mesh.\ROW[1].COL[3].router.$auto$opt_reduce.cc:129:opt_pmux$40643: { $flatten\u_anoc.\u_anoc_mesh.\ROW[1].COL[3].router.$procmux$1752_CMP $flatten\u_anoc.\u_anoc_mesh.\ROW[1].COL[3].router.$procmux$1754_CMP $flatten\u_anoc.\u_anoc_mesh.\ROW[1].COL[3].router.$procmux$1755_CMP }
    New input vector for $reduce_or cell $flatten\u_anoc.\u_anoc_mesh.\ROW[1].COL[3].router.$auto$opt_reduce.cc:129:opt_pmux$40645: { $flatten\u_anoc.\u_anoc_mesh.\ROW[1].COL[3].router.$procmux$1726_CMP $flatten\u_anoc.\u_anoc_mesh.\ROW[1].COL[3].router.$procmux$1727_CMP $flatten\u_anoc.\u_anoc_mesh.\ROW[1].COL[3].router.$procmux$1724_CMP }
    New input vector for $reduce_or cell $flatten\u_anoc.\u_anoc_mesh.\ROW[2].COL[0].router.$auto$opt_reduce.cc:129:opt_pmux$40643: { $flatten\u_anoc.\u_anoc_mesh.\ROW[2].COL[0].router.$procmux$1753_CMP $flatten\u_anoc.\u_anoc_mesh.\ROW[2].COL[0].router.$procmux$1754_CMP $flatten\u_anoc.\u_anoc_mesh.\ROW[2].COL[0].router.$procmux$1755_CMP }
    New input vector for $reduce_or cell $flatten\u_anoc.\u_anoc_mesh.\ROW[2].COL[0].router.$auto$opt_reduce.cc:129:opt_pmux$40647: { $flatten\u_anoc.\u_anoc_mesh.\ROW[2].COL[0].router.$procmux$1697_CMP $flatten\u_anoc.\u_anoc_mesh.\ROW[2].COL[0].router.$procmux$1698_CMP $flatten\u_anoc.\u_anoc_mesh.\ROW[2].COL[0].router.$procmux$1699_CMP }
    New input vector for $reduce_or cell $flatten\u_anoc.\u_anoc_mesh.\ROW[3].COL[1].router.$auto$opt_reduce.cc:129:opt_pmux$40645: { $flatten\u_anoc.\u_anoc_mesh.\ROW[3].COL[1].router.$procmux$1726_CMP $flatten\u_anoc.\u_anoc_mesh.\ROW[3].COL[1].router.$procmux$1724_CMP $flatten\u_anoc.\u_anoc_mesh.\ROW[3].COL[1].router.$procmux$1725_CMP }
    New input vector for $reduce_or cell $flatten\u_anoc.\u_anoc_mesh.\ROW[2].COL[2].router.$auto$opt_reduce.cc:129:opt_pmux$40645: { $flatten\u_anoc.\u_anoc_mesh.\ROW[2].COL[2].router.$procmux$1726_CMP $flatten\u_anoc.\u_anoc_mesh.\ROW[2].COL[2].router.$procmux$1727_CMP $flatten\u_anoc.\u_anoc_mesh.\ROW[2].COL[2].router.$procmux$1724_CMP $flatten\u_anoc.\u_anoc_mesh.\ROW[2].COL[2].router.$procmux$1725_CMP }
    New input vector for $reduce_or cell $flatten\u_anoc.\u_anoc_mesh.\ROW[2].COL[1].router.$auto$opt_reduce.cc:129:opt_pmux$40643: { $flatten\u_anoc.\u_anoc_mesh.\ROW[2].COL[1].router.$procmux$1752_CMP $flatten\u_anoc.\u_anoc_mesh.\ROW[2].COL[1].router.$procmux$1753_CMP $flatten\u_anoc.\u_anoc_mesh.\ROW[2].COL[1].router.$procmux$1754_CMP $flatten\u_anoc.\u_anoc_mesh.\ROW[2].COL[1].router.$procmux$1755_CMP }
    New input vector for $reduce_or cell $flatten\u_anoc.\u_anoc_mesh.\ROW[2].COL[1].router.$auto$opt_reduce.cc:129:opt_pmux$40645: { $flatten\u_anoc.\u_anoc_mesh.\ROW[2].COL[1].router.$procmux$1726_CMP $flatten\u_anoc.\u_anoc_mesh.\ROW[2].COL[1].router.$procmux$1727_CMP $flatten\u_anoc.\u_anoc_mesh.\ROW[2].COL[1].router.$procmux$1724_CMP $flatten\u_anoc.\u_anoc_mesh.\ROW[2].COL[1].router.$procmux$1725_CMP }
    New input vector for $reduce_or cell $flatten\u_anoc.\u_anoc_mesh.\ROW[2].COL[1].router.$auto$opt_reduce.cc:129:opt_pmux$40647: { $flatten\u_anoc.\u_anoc_mesh.\ROW[2].COL[1].router.$procmux$1696_CMP $flatten\u_anoc.\u_anoc_mesh.\ROW[2].COL[1].router.$procmux$1697_CMP $flatten\u_anoc.\u_anoc_mesh.\ROW[2].COL[1].router.$procmux$1698_CMP $flatten\u_anoc.\u_anoc_mesh.\ROW[2].COL[1].router.$procmux$1699_CMP }
    New input vector for $reduce_or cell $flatten\u_anoc.\u_anoc_mesh.\ROW[2].COL[2].router.$auto$opt_reduce.cc:129:opt_pmux$40643: { $flatten\u_anoc.\u_anoc_mesh.\ROW[2].COL[2].router.$procmux$1752_CMP $flatten\u_anoc.\u_anoc_mesh.\ROW[2].COL[2].router.$procmux$1753_CMP $flatten\u_anoc.\u_anoc_mesh.\ROW[2].COL[2].router.$procmux$1754_CMP $flatten\u_anoc.\u_anoc_mesh.\ROW[2].COL[2].router.$procmux$1755_CMP }
    New input vector for $reduce_or cell $flatten\u_anoc.\u_anoc_mesh.\ROW[3].COL[1].router.$auto$opt_reduce.cc:129:opt_pmux$40647: { $flatten\u_anoc.\u_anoc_mesh.\ROW[3].COL[1].router.$procmux$1696_CMP $flatten\u_anoc.\u_anoc_mesh.\ROW[3].COL[1].router.$procmux$1697_CMP $flatten\u_anoc.\u_anoc_mesh.\ROW[3].COL[1].router.$procmux$1698_CMP }
  Optimizing cells in module \rv128i_anoc_soc_top.
Performed a total of 34 changes.

26.19. Executing OPT_MERGE pass (detect identical cells).
Finding identical cells in module `\rv128i_anoc_soc_top'.
Computing hashes of 4225 cells of `\rv128i_anoc_soc_top'.
Finding duplicate cells in `\rv128i_anoc_soc_top'.
Removed a total of 0 cells.

26.20. Executing OPT_DFF pass (perform DFF optimizations).
Setting constant 0-bit at position 106 on $flatten\u_anoc.\u_anoc_mesh.\ROW[0].COL[0].router.$auto$ff.cc:337:slice$40771 ($adffe) from module rv128i_anoc_soc_top.
Setting constant 0-bit at position 107 on $flatten\u_anoc.\u_anoc_mesh.\ROW[0].COL[0].router.$auto$ff.cc:337:slice$40771 ($adffe) from module rv128i_anoc_soc_top.
Setting constant 0-bit at position 108 on $flatten\u_anoc.\u_anoc_mesh.\ROW[0].COL[0].router.$auto$ff.cc:337:slice$40771 ($adffe) from module rv128i_anoc_soc_top.
Setting constant 0-bit at position 109 on $flatten\u_anoc.\u_anoc_mesh.\ROW[0].COL[0].router.$auto$ff.cc:337:slice$40771 ($adffe) from module rv128i_anoc_soc_top.
Setting constant 0-bit at position 110 on $flatten\u_anoc.\u_anoc_mesh.\ROW[0].COL[0].router.$auto$ff.cc:337:slice$40771 ($adffe) from module rv128i_anoc_soc_top.
Setting constant 0-bit at position 111 on $flatten\u_anoc.\u_anoc_mesh.\ROW[0].COL[0].router.$auto$ff.cc:337:slice$40771 ($adffe) from module rv128i_anoc_soc_top.
Setting constant 0-bit at position 112 on $flatten\u_anoc.\u_anoc_mesh.\ROW[0].COL[0].router.$auto$ff.cc:337:slice$40771 ($adffe) from module rv128i_anoc_soc_top.
Setting constant 0-bit at position 113 on $flatten\u_anoc.\u_anoc_mesh.\ROW[0].COL[0].router.$auto$ff.cc:337:slice$40771 ($adffe) from module rv128i_anoc_soc_top.

26.21. Executing OPT_CLEAN pass (remove unused cells and wires).
Finding unused cells or wires in module \rv128i_anoc_soc_top..
Removed 0 unused cells and 83 unused wires.
<suppressed ~1 debug messages>

26.22. Executing OPT_EXPR pass (perform const folding).
Optimizing module rv128i_anoc_soc_top.

26.23. Rerunning OPT passes. (Maybe there is more to do..)

26.24. Executing OPT_MUXTREE pass (detect dead branches in mux trees).
Running muxtree optimizer on module \rv128i_anoc_soc_top..
  Creating internal representation of mux trees.
  Evaluating internal representation of mux trees.
  Analyzing evaluation results.
Removed 0 multiplexer ports.
<suppressed ~2541 debug messages>

26.25. Executing OPT_REDUCE pass (consolidate $*mux and $reduce_* inputs).
  Optimizing cells in module \rv128i_anoc_soc_top.
Performed a total of 0 changes.

26.26. Executing OPT_MERGE pass (detect identical cells).
Finding identical cells in module `\rv128i_anoc_soc_top'.
Computing hashes of 4225 cells of `\rv128i_anoc_soc_top'.
Finding duplicate cells in `\rv128i_anoc_soc_top'.
Removed a total of 0 cells.

26.27. Executing OPT_DFF pass (perform DFF optimizations).

26.28. Executing OPT_CLEAN pass (remove unused cells and wires).
Finding unused cells or wires in module \rv128i_anoc_soc_top..

26.29. Executing OPT_EXPR pass (perform const folding).
Optimizing module rv128i_anoc_soc_top.

26.30. Finished fast OPT passes. (There is nothing left to do.)

27. Executing Verilog backend.

27.1. Executing BMUXMAP pass.

27.2. Executing DEMUXMAP pass.
Dumping module `\rv128i_anoc_soc_top'.

28. Printing statistics.

=== rv128i_anoc_soc_top ===

        +----------Local Count, excluding submodules.
        |
     4697 wires
   138350 wire bits
     1910 public wires
   131808 public wire bits
        3 ports
        3 port bits
     4225 cells
        6   $add
        1   $adff
      530   $adffe
        1   $and
      774   $eq
       97   $gt
      413   $logic_and
      287   $logic_not
        2   $logic_or
       97   $lt
     1271   $mux
        9   $ne
       21   $not
        1   $or
      214   $pmux
      297   $reduce_and
       56   $reduce_bool
       69   $reduce_or
       26   $scopeinfo
       49   $shiftx
        1   $shl
        1   $shr
        1   $sub
        1   $xor

Warnings: 28 unique messages, 41 total
End of script. Logfile hash: b96931417e, time: 4.56s, user: 4.55s, system: 0.08s, MEM: 182.73 MB peak
Yosys 0.66 (git sha1 86f2ddebce7e98ce7cacc27e8a5c14cb53b51b51)
Time spent: 18% 7x opt_dff (0 sec), 18% 7x opt_clean (0 sec), ...
